9.941516518592834473e-01,9.790084958076477051e-01
9.710649251937866211e-01,9.998270273208618164e-01
9.631030559539794922e-01,9.777231216430664062e-01
9.891808032989501953e-01,9.930445551872253418e-01
9.996151328086853027e-01,9.997918605804443359e-01
9.789496660232543945e-01,9.826752543449401855e-01
9.639583230018615723e-01,9.918012619018554688e-01
9.921791553497314453e-01,9.978291988372802734e-01
9.901174902915954590e-01,9.849525690078735352e-01
9.953986406326293945e-01,9.895142912864685059e-01
9.972562789916992188e-01,9.820067882537841797e-01
9.776829481124877930e-01,9.999901652336120605e-01
9.678398966789245605e-01,9.889461994171142578e-01
9.841182827949523926e-01,9.770862460136413574e-01
9.670391678810119629e-01,9.978191256523132324e-01
9.698959589004516602e-01,9.950550794601440430e-01
9.720292091369628906e-01,9.800152778625488281e-01
9.652098417282104492e-01,9.818136096000671387e-01
9.701143503189086914e-01,9.790034294128417969e-01
9.961817860603332520e-01,9.900161027908325195e-01
9.789190888404846191e-01,9.849040508270263672e-01
9.635354280471801758e-01,9.856041669845581055e-01
9.619346261024475098e-01,9.780775308609008789e-01
9.841411113739013672e-01,9.980362653732299805e-01
9.831153750419616699e-01,9.986463785171508789e-01
9.680898785591125488e-01,9.780825376510620117e-01
9.971570968627929688e-01,9.879747629165649414e-01
9.680371284484863281e-01,9.969930648803710938e-01
9.710644483566284180e-01,9.849638342857360840e-01
9.889909625053405762e-01,9.790468215942382812e-01
9.961047172546386719e-01,1.000011920928955078e+00
9.649736881256103516e-01,9.859133958816528320e-01
9.590448737144470215e-01,9.859215021133422852e-01
9.527258872985839844e-01,9.889673590660095215e-01
9.870305061340332031e-01,9.801485538482666016e-01
9.880956411361694336e-01,9.757745265960693359e-01
9.951460957527160645e-01,9.977746009826660156e-01
9.682080745697021484e-01,9.917653799057006836e-01
9.588870406150817871e-01,9.749379158020019531e-01
9.912520647048950195e-01,9.949197769165039062e-01
9.812337160110473633e-01,9.889599084854125977e-01
9.750235080718994141e-01,9.809453487396240234e-01
9.959038496017456055e-01,9.796821475028991699e-01
9.569289088249206543e-01,9.859381914138793945e-01
9.764922857284545898e-01,9.893900752067565918e-01
9.778860807418823242e-01,9.970725178718566895e-01
9.718354344367980957e-01,9.997977614402770996e-01
9.972655773162841797e-01,9.968050122261047363e-01
9.965573549270629883e-01,9.759255051612854004e-01
9.950922727584838867e-01,9.869843721389770508e-01
9.743658900260925293e-01,9.936786890029907227e-01
9.600192904472351074e-01,9.968888163566589355e-01
9.533519148826599121e-01,9.997106790542602539e-01
9.750900268554687500e-01,9.869968891143798828e-01
9.546542167663574219e-01,9.772132039070129395e-01
9.981517195701599121e-01,9.819701910018920898e-01
9.851829409599304199e-01,9.910060167312622070e-01
9.790222644805908203e-01,9.899519681930541992e-01
9.507516026496887207e-01,9.879319667816162109e-01
9.559195637702941895e-01,9.769695401191711426e-01
9.789167642593383789e-01,9.839884042739868164e-01
9.632040858268737793e-01,9.800367355346679688e-01
9.621511697769165039e-01,9.950515031814575195e-01
9.911053180694580078e-01,9.888163805007934570e-01
9.992298483848571777e-01,9.930890202522277832e-01
9.860344529151916504e-01,9.979945421218872070e-01
9.541927576065063477e-01,9.988127946853637695e-01
9.679068326950073242e-01,9.790329933166503906e-01
9.509731531143188477e-01,9.849606156349182129e-01
9.912695288658142090e-01,9.759122133255004883e-01
9.608321189880371094e-01,9.959915876388549805e-01
9.760744571685791016e-01,9.918985962867736816e-01
9.558216333389282227e-01,9.959986209869384766e-01
9.953767061233520508e-01,9.879537224769592285e-01
9.862353801727294922e-01,9.754250049591064453e-01
9.721542596817016602e-01,9.939444065093994141e-01
9.539934992790222168e-01,9.777258038520812988e-01
9.779201149940490723e-01,9.869281053543090820e-01
9.750089049339294434e-01,9.780385494232177734e-01
9.859851598739624023e-01,9.925954341888427734e-01
9.610612392425537109e-01,9.879136085510253906e-01
9.730514883995056152e-01,9.759521484375000000e-01
9.500495791435241699e-01,9.890694618225097656e-01
9.560638666152954102e-01,9.831057190895080566e-01
9.542706012725830078e-01,9.992699027061462402e-01
9.791776537895202637e-01,9.829421639442443848e-01
9.891965985298156738e-01,9.880282282829284668e-01
9.640371799468994141e-01,9.750382304191589355e-01
9.829577207565307617e-01,9.780601263046264648e-01
9.559088945388793945e-01,9.769630432128906250e-01
9.599351882934570312e-01,9.969780445098876953e-01
9.719198346138000488e-01,9.919849634170532227e-01
9.725193977355957031e-01,9.927762746810913086e-01
9.962077140808105469e-01,9.928677082061767578e-01
9.618495702743530273e-01,9.830474853515625000e-01
9.779639840126037598e-01,9.981305599212646484e-01
9.831765294075012207e-01,9.850631356239318848e-01
9.669266939163208008e-01,9.849400520324707031e-01
9.629697203636169434e-01,9.782228469848632812e-01
9.589398503303527832e-01,9.825556278228759766e-01
9.840754866600036621e-01,9.850161671638488770e-01
9.851630330085754395e-01,9.961078166961669922e-01
9.535744190216064453e-01,9.878546595573425293e-01
9.779440164566040039e-01,9.888613224029541016e-01
9.679270982742309570e-01,9.997478127479553223e-01
9.702304601669311523e-01,9.928587079048156738e-01
9.900946617126464844e-01,9.927895665168762207e-01
9.619737863540649414e-01,9.919765591621398926e-01
9.701051115989685059e-01,9.909259676933288574e-01
9.622001647949218750e-01,9.830828309059143066e-01
9.901679754257202148e-01,9.979759454727172852e-01
9.558938741683959961e-01,9.900542497634887695e-01
9.782873988151550293e-01,9.885176420211791992e-01
9.979871511459350586e-01,9.869005084037780762e-01
9.859722852706909180e-01,9.899514913558959961e-01
9.955854415893554688e-01,9.960293769836425781e-01
9.744694232940673828e-01,9.747943878173828125e-01
9.527038335800170898e-01,9.769890308380126953e-01
9.860983490943908691e-01,9.970694780349731445e-01
9.758865237236022949e-01,9.829387664794921875e-01
9.932656288146972656e-01,9.800850152969360352e-01
9.811858534812927246e-01,9.897900223731994629e-01
9.723650217056274414e-01,9.989389181137084961e-01
9.749712944030761719e-01,9.898796081542968750e-01
9.980764389038085938e-01,9.879323244094848633e-01
9.821083545684814453e-01,9.840067028999328613e-01
9.789972305297851562e-01,9.829837083816528320e-01
9.561740756034851074e-01,9.920005202293395996e-01
9.728938341140747070e-01,9.890595674514770508e-01
9.710091948509216309e-01,9.829197525978088379e-01
9.761137962341308594e-01,9.899643063545227051e-01
9.538974761962890625e-01,9.920461177825927734e-01
9.929119348526000977e-01,9.829884767532348633e-01
9.639748930931091309e-01,9.758105874061584473e-01
9.921071529388427734e-01,9.789803624153137207e-01
9.790347218513488770e-01,9.789699912071228027e-01
9.609057307243347168e-01,9.779685735702514648e-01
9.550599455833435059e-01,9.986892938613891602e-01
9.811606407165527344e-01,9.788082838058471680e-01
9.940186738967895508e-01,9.760649204254150391e-01
9.527719020843505859e-01,9.800652265548706055e-01
9.892825484275817871e-01,9.889547824859619141e-01
9.652153253555297852e-01,9.998887777328491211e-01
9.987350106239318848e-01,9.969117045402526855e-01
9.930884838104248047e-01,9.878880977630615234e-01
9.632576704025268555e-01,9.939749836921691895e-01
9.761487245559692383e-01,9.799751639366149902e-01
9.569169282913208008e-01,9.899795055389404297e-01
9.660913348197937012e-01,9.892901778221130371e-01
9.570462107658386230e-01,9.889190196990966797e-01
9.969278573989868164e-01,9.782154560089111328e-01
9.687205553054809570e-01,9.753122329711914062e-01
9.619320034980773926e-01,9.977798461914062500e-01
9.619187116622924805e-01,9.969878196716308594e-01
9.961647987365722656e-01,9.879796504974365234e-01
9.783180952072143555e-01,9.813786149024963379e-01
9.951100349426269531e-01,9.968252182006835938e-01
9.902041554450988770e-01,9.769827723503112793e-01
9.911911487579345703e-01,9.980494976043701172e-01
9.516535401344299316e-01,9.810576438903808594e-01
9.767239689826965332e-01,9.749240279197692871e-01
9.721112847328186035e-01,9.909291267395019531e-01
9.581849575042724609e-01,9.798675179481506348e-01
9.523368477821350098e-01,9.993672370910644531e-01
9.669849872589111328e-01,9.959951639175415039e-01
9.732667803764343262e-01,9.841985106468200684e-01
9.900633096694946289e-01,9.849116802215576172e-01
9.551556706428527832e-01,9.889174699783325195e-01
9.553771018981933594e-01,9.949103593826293945e-01
9.622123837471008301e-01,9.879686236381530762e-01
9.892882704734802246e-01,9.918209910392761230e-01
9.541840553283691406e-01,9.873801469802856445e-01
9.671203494071960449e-01,9.998153448104858398e-01
9.910327196121215820e-01,9.947509765625000000e-01
9.970206022262573242e-01,9.909436702728271484e-01
9.841561317443847656e-01,9.849935770034790039e-01
9.580019712448120117e-01,9.900303483009338379e-01
9.808310866355895996e-01,9.867111444473266602e-01
9.780380129814147949e-01,9.749682545661926270e-01
9.730510115623474121e-01,9.938278794288635254e-01
9.590494632720947266e-01,9.790720343589782715e-01
9.728720784187316895e-01,9.848621487617492676e-01
9.871132373809814453e-01,9.919226765632629395e-01
9.728493094444274902e-01,9.972944259643554688e-01
9.759430885314941406e-01,9.819213151931762695e-01
9.768018722534179688e-01,9.959489703178405762e-01
9.796665906906127930e-01,9.973344206809997559e-01
9.992976784706115723e-01,9.999513626098632812e-01
9.790790677070617676e-01,9.780560731887817383e-01
9.874056577682495117e-01,9.838420748710632324e-01
9.522032737731933594e-01,9.864568710327148438e-01
9.820543527603149414e-01,9.898961186408996582e-01
9.580749273300170898e-01,9.970111250877380371e-01
9.993038177490234375e-01,9.846957325935363770e-01
9.880415797233581543e-01,9.749989509582519531e-01
9.529798030853271484e-01,9.950890541076660156e-01
9.558690190315246582e-01,9.827773571014404297e-01
9.569579362869262695e-01,9.909924864768981934e-01
9.830783009529113770e-01,9.753311276435852051e-01
9.578956961631774902e-01,9.899704456329345703e-01
9.790892004966735840e-01,9.917343854904174805e-01
9.520955681800842285e-01,9.978311657905578613e-01
9.659909605979919434e-01,9.909064173698425293e-01
9.698195457458496094e-01,9.960198998451232910e-01
9.860868453979492188e-01,9.790763854980468750e-01
9.923695921897888184e-01,9.799366593360900879e-01
9.496918320655822754e-01,9.810086488723754883e-01
9.750044345855712891e-01,9.829284548759460449e-01
9.598672389984130859e-01,9.810377359390258789e-01
9.989210963249206543e-01,9.762150645256042480e-01
9.809362888336181641e-01,9.800336360931396484e-01
9.778102636337280273e-01,9.853052496910095215e-01
9.781438112258911133e-01,9.870158433914184570e-01
9.561340212821960449e-01,9.819629788398742676e-01
9.561226367950439453e-01,9.760974645614624023e-01
9.896623492240905762e-01,9.939137101173400879e-01
9.606494903564453125e-01,9.777454733848571777e-01
9.830958247184753418e-01,9.790890812873840332e-01
9.850519299507141113e-01,9.968397617340087891e-01
9.930204153060913086e-01,9.858874082565307617e-01
9.932793378829956055e-01,9.799506664276123047e-01
9.954618811607360840e-01,9.839076995849609375e-01
9.661553502082824707e-01,9.878812432289123535e-01
9.982575774192810059e-01,9.982365369796752930e-01
9.799973964691162109e-01,9.800691604614257812e-01
9.681540131568908691e-01,9.878631830215454102e-01
9.850933551788330078e-01,9.998990893363952637e-01
9.903357028961181641e-01,9.789795279502868652e-01
9.542260766029357910e-01,9.879297018051147461e-01
9.589214324951171875e-01,9.938939809799194336e-01
9.923588633537292480e-01,9.818173050880432129e-01
9.580135345458984375e-01,9.800322055816650391e-01
9.958708286285400391e-01,9.752172827720642090e-01
9.536947011947631836e-01,9.899646043777465820e-01
9.541569948196411133e-01,9.937794208526611328e-01
9.659972786903381348e-01,9.960460066795349121e-01
9.650256633758544922e-01,9.771092534065246582e-01
9.838851094245910645e-01,9.919319748878479004e-01
9.515650272369384766e-01,9.991735219955444336e-01
9.620602726936340332e-01,9.986234307289123535e-01
9.669452309608459473e-01,9.999062418937683105e-01
9.954716563224792480e-01,9.849315881729125977e-01
9.561243653297424316e-01,9.799993038177490234e-01
9.588420391082763672e-01,9.790868163108825684e-01
9.505329728126525879e-01,9.838706851005554199e-01
9.699203968048095703e-01,9.859822392463684082e-01
9.580401778221130371e-01,9.800298213958740234e-01
9.847985506057739258e-01,9.863913059234619141e-01
9.953370094299316406e-01,9.820147752761840820e-01
9.718595743179321289e-01,9.939260482788085938e-01
9.992885589599609375e-01,9.929693937301635742e-01
9.957601428031921387e-01,9.985036253929138184e-01
9.588260650634765625e-01,9.770140647888183594e-01
9.760226607322692871e-01,9.869048595428466797e-01
9.833068251609802246e-01,9.938163757324218750e-01
9.941018819808959961e-01,9.809553027153015137e-01
9.539697170257568359e-01,9.868526458740234375e-01
9.740244150161743164e-01,9.823545217514038086e-01
9.851453304290771484e-01,9.758093357086181641e-01
9.670507907867431641e-01,9.838472008705139160e-01
9.559572339057922363e-01,9.800037741661071777e-01
9.935514926910400391e-01,9.814236760139465332e-01
9.510853886604309082e-01,9.889031052589416504e-01
9.990263581275939941e-01,9.825567603111267090e-01
9.629846215248107910e-01,9.858743548393249512e-01
9.720087051391601562e-01,9.899863004684448242e-01
9.738783836364746094e-01,9.770678281784057617e-01
9.761627912521362305e-01,9.778723716735839844e-01
9.851698279380798340e-01,9.890148043632507324e-01
9.679586291313171387e-01,9.910867214202880859e-01
9.800506830215454102e-01,9.970716238021850586e-01
9.523217678070068359e-01,9.829238057136535645e-01
9.783766269683837891e-01,9.921182394027709961e-01
9.927595257759094238e-01,9.777363538742065430e-01
9.870570898056030273e-01,1.000022053718566895e+00
9.950711727142333984e-01,9.998506307601928711e-01
9.529471397399902344e-01,9.800586700439453125e-01
9.719890356063842773e-01,9.750354290008544922e-01
9.579920768737792969e-01,9.889468550682067871e-01
9.597898125648498535e-01,9.969513416290283203e-01
9.739254713058471680e-01,9.771074652671813965e-01
9.820015430450439453e-01,9.899031519889831543e-01
9.717766046524047852e-01,9.987500905990600586e-01
9.501080513000488281e-01,9.857462644577026367e-01
9.779382944107055664e-01,9.800212383270263672e-01
9.519641399383544922e-01,9.889009594917297363e-01
9.950075149536132812e-01,9.858856201171875000e-01
9.738731384277343750e-01,9.839111566543579102e-01
9.991909265518188477e-01,9.980812072753906250e-01
9.536273479461669922e-01,9.867682456970214844e-01
9.888662695884704590e-01,9.888229370117187500e-01
9.563213586807250977e-01,9.917390346527099609e-01
9.561077952384948730e-01,9.838547110557556152e-01
9.963363409042358398e-01,9.974019527435302734e-01
9.759514331817626953e-01,9.749606251716613770e-01
9.591756463050842285e-01,9.759657979011535645e-01
9.851203560829162598e-01,9.989291429519653320e-01
9.518248438835144043e-01,9.909968376159667969e-01
9.763041734695434570e-01,9.873378276824951172e-01
9.931247234344482422e-01,9.818698167800903320e-01
9.640418887138366699e-01,9.880254268646240234e-01
9.559858441352844238e-01,9.959061145782470703e-01
9.851055741310119629e-01,9.749870896339416504e-01
9.850939512252807617e-01,9.940409660339355469e-01
9.558521509170532227e-01,9.978802204132080078e-01
9.570251703262329102e-01,9.870505332946777344e-01
9.748450517654418945e-01,9.919053316116333008e-01
9.580386877059936523e-01,9.978337287902832031e-01
9.711484909057617188e-01,9.939742088317871094e-01
9.860856533050537109e-01,9.909292459487915039e-01
9.801299571990966797e-01,9.819511175155639648e-01
9.779695272445678711e-01,9.769609570503234863e-01
9.881895780563354492e-01,9.781422615051269531e-01
9.517248868942260742e-01,9.985059499740600586e-01
9.599207043647766113e-01,9.968445301055908203e-01
9.922404289245605469e-01,9.858654737472534180e-01
9.670137763023376465e-01,9.769669771194458008e-01
9.981527328491210938e-01,9.848326444625854492e-01
9.841529726982116699e-01,9.980209469795227051e-01
9.971253871917724609e-01,9.829170703887939453e-01
9.647272825241088867e-01,9.858320951461791992e-01
9.902472496032714844e-01,9.749623537063598633e-01
9.659277200698852539e-01,9.790375232696533203e-01
9.590759277343750000e-01,9.879741668701171875e-01
9.809820055961608887e-01,9.878997802734375000e-01
9.740017652511596680e-01,9.898861050605773926e-01
9.540508389472961426e-01,9.960022568702697754e-01
9.720047116279602051e-01,9.979702234268188477e-01
9.921337366104125977e-01,9.760262370109558105e-01
9.601445794105529785e-01,9.859801530838012695e-01
9.551029801368713379e-01,9.908664822578430176e-01
9.555649757385253906e-01,9.963892102241516113e-01
9.669811129570007324e-01,9.997889399528503418e-01
9.887858033180236816e-01,9.947302341461181641e-01
9.951876401901245117e-01,9.819779396057128906e-01
9.668766856193542480e-01,9.839672446250915527e-01
9.973940849304199219e-01,9.769110679626464844e-01
9.970470070838928223e-01,9.908036589622497559e-01
9.860709905624389648e-01,9.808725118637084961e-01
9.950992465019226074e-01,9.849391579627990723e-01
9.669804573059082031e-01,9.849221110343933105e-01
9.556670188903808594e-01,9.858905076980590820e-01
9.563052654266357422e-01,9.919055700302124023e-01
9.737719297409057617e-01,9.985858201980590820e-01
9.841243028640747070e-01,9.899151325225830078e-01
9.689889550209045410e-01,9.899497032165527344e-01
9.911227226257324219e-01,9.890655279159545898e-01
9.768702983856201172e-01,9.965294599533081055e-01
9.574925303459167480e-01,9.971478581428527832e-01
9.548855423927307129e-01,9.949737787246704102e-01
9.759967923164367676e-01,9.839980006217956543e-01
9.778568744659423828e-01,9.999437928199768066e-01
9.940915703773498535e-01,9.988266229629516602e-01
9.840760827064514160e-01,9.930099248886108398e-01
9.673464298248291016e-01,9.809243679046630859e-01
9.971294999122619629e-01,9.790630340576171875e-01
9.729661345481872559e-01,9.919403791427612305e-01
9.912795424461364746e-01,9.900370836257934570e-01
9.851830005645751953e-01,9.990831017494201660e-01
9.587383866310119629e-01,9.907240867614746094e-01
9.540226459503173828e-01,9.839978814125061035e-01
9.831236004829406738e-01,9.978724122047424316e-01
9.729342460632324219e-01,9.789817929267883301e-01
9.941587448120117188e-01,9.977750778198242188e-01
9.691128730773925781e-01,9.778363704681396484e-01
9.640452861785888672e-01,9.878771305084228516e-01
9.510511159896850586e-01,9.830173254013061523e-01
9.903383255004882812e-01,9.819554686546325684e-01
9.844002127647399902e-01,9.759636521339416504e-01
9.801036119461059570e-01,9.818570613861083984e-01
9.678689837455749512e-01,9.960541129112243652e-01
9.871034622192382812e-01,9.799546599388122559e-01
9.715750217437744141e-01,9.771262407302856445e-01
9.613291621208190918e-01,9.921486973762512207e-01
9.720988273620605469e-01,9.859418272972106934e-01
9.810795783996582031e-01,9.869602918624877930e-01
9.659676551818847656e-01,9.898975491523742676e-01
9.985317587852478027e-01,9.999107122421264648e-01
9.900277256965637207e-01,9.969385862350463867e-01
9.893010258674621582e-01,9.758931398391723633e-01
9.921476244926452637e-01,9.859099388122558594e-01
9.677819013595581055e-01,9.972113966941833496e-01
9.800191521644592285e-01,9.770017266273498535e-01
9.888240098953247070e-01,9.848117828369140625e-01
9.738085269927978516e-01,9.971005916595458984e-01
9.890967011451721191e-01,9.977834820747375488e-01
9.566488265991210938e-01,9.970585703849792480e-01
9.960923790931701660e-01,9.832333326339721680e-01
9.748886823654174805e-01,9.940088391304016113e-01
9.650812149047851562e-01,9.927610754966735840e-01
9.710413813591003418e-01,9.968213438987731934e-01
9.953360557556152344e-01,9.786611795425415039e-01
9.997926950454711914e-01,9.969660639762878418e-01
9.641419649124145508e-01,9.790371656417846680e-01
9.589889049530029297e-01,9.929127693176269531e-01
9.679505825042724609e-01,9.791082739830017090e-01
9.530285596847534180e-01,9.912905097007751465e-01
9.719444513320922852e-01,9.846873283386230469e-01
9.851511716842651367e-01,9.938057661056518555e-01
9.740039110183715820e-01,9.800546169281005859e-01
9.935738444328308105e-01,9.759355783462524414e-01
9.808480739593505859e-01,9.959653019905090332e-01
9.557253122329711914e-01,9.759260416030883789e-01
9.909315109252929688e-01,9.790279865264892578e-01
9.659557342529296875e-01,9.858784675598144531e-01
9.518119096755981445e-01,9.897308349609375000e-01
9.991885423660278320e-01,9.971489310264587402e-01
9.581431746482849121e-01,9.968163967132568359e-01
9.811755418777465820e-01,9.799351692199707031e-01
9.587935209274291992e-01,9.968894124031066895e-01
9.679533839225769043e-01,9.888749122619628906e-01
9.761679172515869141e-01,9.858747720718383789e-01
9.580105543136596680e-01,9.869524240493774414e-01
9.501259326934814453e-01,9.968262910842895508e-01
9.518239498138427734e-01,9.759966731071472168e-01
9.631300568580627441e-01,9.999818801879882812e-01
9.619704484939575195e-01,9.759933948516845703e-01
9.628886580467224121e-01,9.970365762710571289e-01
9.841203093528747559e-01,9.909236431121826172e-01
9.719190001487731934e-01,9.890303015708923340e-01
9.659270048141479492e-01,9.750561714172363281e-01
9.999713897705078125e-01,9.758435487747192383e-01
9.799164533615112305e-01,9.839690923690795898e-01
9.909063577651977539e-01,9.909198284149169922e-01
9.608367681503295898e-01,9.990103244781494141e-01
9.689078330993652344e-01,9.950414896011352539e-01
9.908272027969360352e-01,9.929479956626892090e-01
9.850615859031677246e-01,9.810930490493774414e-01
9.520372748374938965e-01,9.808669090270996094e-01
9.540160894393920898e-01,9.757732152938842773e-01
9.892795681953430176e-01,9.848566055297851562e-01
1.000073432922363281e+00,9.910767674446105957e-01
9.551792144775390625e-01,9.870237708091735840e-01
9.497815966606140137e-01,9.880309700965881348e-01
9.677548408508300781e-01,9.917861223220825195e-01
9.981002211570739746e-01,9.751719236373901367e-01
9.709938168525695801e-01,9.877884387969970703e-01
9.588290452957153320e-01,9.958209395408630371e-01
9.951989054679870605e-01,1.000136971473693848e+00
9.913670420646667480e-01,9.859791994094848633e-01
9.537851810455322266e-01,9.820228815078735352e-01
9.638181328773498535e-01,9.950357675552368164e-01
9.961643218994140625e-01,9.895275831222534180e-01
9.881670475006103516e-01,9.810009002685546875e-01
9.951269626617431641e-01,9.950987696647644043e-01
9.629436731338500977e-01,9.759698510169982910e-01
9.651681184768676758e-01,9.809494018554687500e-01
9.860850572586059570e-01,9.957897067070007324e-01
9.589378833770751953e-01,9.770831465721130371e-01
9.889447093009948730e-01,9.761189222335815430e-01
9.716727137565612793e-01,9.980267882347106934e-01
9.740189909934997559e-01,9.939702749252319336e-01
9.500780105590820312e-01,9.995672702789306641e-01
9.794298410415649414e-01,9.821997284889221191e-01
9.671605229377746582e-01,9.770718812942504883e-01
9.962883591651916504e-01,9.889940619468688965e-01
9.851464629173278809e-01,9.959995746612548828e-01
9.768757820129394531e-01,9.989749193191528320e-01
9.620548486709594727e-01,9.967215657234191895e-01
9.910632967948913574e-01,9.800992608070373535e-01
9.681842923164367676e-01,9.762620329856872559e-01
9.789885282516479492e-01,9.979441165924072266e-01
9.951366186141967773e-01,9.991750717163085938e-01
9.761066436767578125e-01,9.799574613571166992e-01
9.607750773429870605e-01,9.940797686576843262e-01
9.760223627090454102e-01,9.929520487785339355e-01
9.787034392356872559e-01,9.980942010879516602e-01
9.681060314178466797e-01,9.929840564727783203e-01
9.617509841918945312e-01,9.896875023841857910e-01
9.882427453994750977e-01,9.957880973815917969e-01
9.610158205032348633e-01,9.908253550529479980e-01
9.780029058456420898e-01,9.859814643859863281e-01
9.791996479034423828e-01,9.789602756500244141e-01
9.729656577110290527e-01,9.920012354850769043e-01
9.749177694320678711e-01,9.880663156509399414e-01
9.889316558837890625e-01,9.909898638725280762e-01
9.830336570739746094e-01,9.799943566322326660e-01
9.669547080993652344e-01,9.950093030929565430e-01
9.934742450714111328e-01,9.860102534294128418e-01
9.893241524696350098e-01,9.819197654724121094e-01
9.973892569541931152e-01,9.951313734054565430e-01
9.908112287521362305e-01,9.999654293060302734e-01
9.901361465454101562e-01,9.989465475082397461e-01
1.000033020973205566e+00,9.869835972785949707e-01
9.951272606849670410e-01,9.779682755470275879e-01
9.921951293945312500e-01,9.970458745956420898e-01
9.539026618003845215e-01,9.837945699691772461e-01
9.702676534652709961e-01,9.947637319564819336e-01
9.903007745742797852e-01,9.990131855010986328e-01
9.581069946289062500e-01,9.808690547943115234e-01
9.509273171424865723e-01,9.868666529655456543e-01
9.771811962127685547e-01,9.949992299079895020e-01
9.971279501914978027e-01,9.904768466949462891e-01
9.973397254943847656e-01,9.940583705902099609e-01
9.808608889579772949e-01,9.798510074615478516e-01
9.930750131607055664e-01,9.828880429267883301e-01
9.802671670913696289e-01,9.959563016891479492e-01
9.519871473312377930e-01,9.850398302078247070e-01
9.560237526893615723e-01,9.939395785331726074e-01
9.589450359344482422e-01,9.821099042892456055e-01
9.889556169509887695e-01,9.921097755432128906e-01
9.818997383117675781e-01,9.989796280860900879e-01
9.662799835205078125e-01,9.965493083000183105e-01
9.610388278961181641e-01,9.888410568237304688e-01
9.999344944953918457e-01,9.839043617248535156e-01
9.865146279335021973e-01,9.831185340881347656e-01
9.649128913879394531e-01,9.770079851150512695e-01
9.734116792678833008e-01,9.920801520347595215e-01
9.811148643493652344e-01,9.968203902244567871e-01
9.782545566558837891e-01,9.898952245712280273e-01
9.649561643600463867e-01,9.999171495437622070e-01
9.892569780349731445e-01,9.991319179534912109e-01
9.532467126846313477e-01,9.880432486534118652e-01
9.582753181457519531e-01,9.960150718688964844e-01
9.829995632171630859e-01,9.997262358665466309e-01
9.507757425308227539e-01,9.842954277992248535e-01
9.911404848098754883e-01,9.888340830802917480e-01
9.609517455101013184e-01,9.879434108734130859e-01
9.529135227203369141e-01,9.889093041419982910e-01
9.658696651458740234e-01,9.840368032455444336e-01
9.996614456176757812e-01,9.884071350097656250e-01
9.620561599731445312e-01,9.770312309265136719e-01
9.912283420562744141e-01,9.991256594657897949e-01
9.974215626716613770e-01,9.839186668395996094e-01
9.891861081123352051e-01,9.819549322128295898e-01
9.496908187866210938e-01,9.800325632095336914e-01
9.769635796546936035e-01,9.926534891128540039e-01
9.759699106216430664e-01,9.989630579948425293e-01
9.820126295089721680e-01,9.919174313545227051e-01
9.892451763153076172e-01,9.750832319259643555e-01
9.690051078796386719e-01,9.999670982360839844e-01
9.880873560905456543e-01,9.839257001876831055e-01
9.669857025146484375e-01,9.879687428474426270e-01
9.610813260078430176e-01,9.868788719177246094e-01
9.851725697517395020e-01,9.779745936393737793e-01
9.859417676925659180e-01,9.999740123748779297e-01
9.760078191757202148e-01,9.891561865806579590e-01
9.599255919456481934e-01,9.781672954559326172e-01
9.820811748504638672e-01,9.768965840339660645e-01
9.608176946640014648e-01,9.949271678924560547e-01
9.799939990043640137e-01,9.937506914138793945e-01
9.776785373687744141e-01,9.900289773941040039e-01
9.732109904289245605e-01,9.759609699249267578e-01
9.910359382629394531e-01,9.915463924407958984e-01
9.659529924392700195e-01,9.898036718368530273e-01
9.820953011512756348e-01,9.870123863220214844e-01
9.700613617897033691e-01,9.789562225341796875e-01
9.961350560188293457e-01,9.940414428710937500e-01
9.870090484619140625e-01,9.778026938438415527e-01
9.770380854606628418e-01,9.818882346153259277e-01
9.659288525581359863e-01,9.970242977142333984e-01
9.900374412536621094e-01,9.820005893707275391e-01
9.588729143142700195e-01,9.809897541999816895e-01
9.621061682701110840e-01,9.830804467201232910e-01
9.902422428131103516e-01,9.818598628044128418e-01
9.864370226860046387e-01,9.991661906242370605e-01
9.518800973892211914e-01,9.800162315368652344e-01
9.890209436416625977e-01,9.947815537452697754e-01
9.719684720039367676e-01,9.770897626876831055e-01
9.501737952232360840e-01,9.935405254364013672e-01
9.517856240272521973e-01,9.947566390037536621e-01
9.695791006088256836e-01,9.922362565994262695e-01
9.759664535522460938e-01,9.848575592041015625e-01
9.534324407577514648e-01,9.981914162635803223e-01
9.861398339271545410e-01,9.940256476402282715e-01
9.802385568618774414e-01,9.778836965560913086e-01
9.927712678909301758e-01,9.761652946472167969e-01
9.569815993309020996e-01,9.959273338317871094e-01
9.809384942054748535e-01,9.819595813751220703e-01
9.747673273086547852e-01,9.985122680664062500e-01
9.649330973625183105e-01,9.940953254699707031e-01
9.883027076721191406e-01,9.939854741096496582e-01
9.871591925621032715e-01,9.979995489120483398e-01
9.691308140754699707e-01,9.848359823226928711e-01
9.749742746353149414e-01,9.799826145172119141e-01
9.800612926483154297e-01,9.988804459571838379e-01
9.528917670249938965e-01,9.890244603157043457e-01
9.602318406105041504e-01,9.909338951110839844e-01
9.882162809371948242e-01,9.789354801177978516e-01
9.881640076637268066e-01,9.789736866950988770e-01
9.771137237548828125e-01,9.949848055839538574e-01
9.779548645019531250e-01,9.938592910766601562e-01
9.942120313644409180e-01,9.991484880447387695e-01
9.778749346733093262e-01,9.909580945968627930e-01
9.501423835754394531e-01,9.820125102996826172e-01
9.980038404464721680e-01,9.909578561782836914e-01
9.861540198326110840e-01,9.849016666412353516e-01
9.853003025054931641e-01,9.798719286918640137e-01
9.581379890441894531e-01,9.909567832946777344e-01
9.893635511398315430e-01,9.758858084678649902e-01
9.508950114250183105e-01,9.879487752914428711e-01
9.751127958297729492e-01,9.927169084548950195e-01
9.789875149726867676e-01,9.779663085937500000e-01
9.912589788436889648e-01,9.828162789344787598e-01
9.880225658416748047e-01,9.824464917182922363e-01
9.749664664268493652e-01,9.839901924133300781e-01
9.700092077255249023e-01,9.829567074775695801e-01
9.687814116477966309e-01,9.879207611083984375e-01
9.630018472671508789e-01,9.838715791702270508e-01
9.691402316093444824e-01,9.939661622047424316e-01
9.507721662521362305e-01,9.830077290534973145e-01
9.690526127815246582e-01,9.908205270767211914e-01
9.789725542068481445e-01,9.949061870574951172e-01
9.923324584960937500e-01,9.970326423645019531e-01
9.679343700408935547e-01,9.899432659149169922e-01
9.810266494750976562e-01,9.898998141288757324e-01
9.721298813819885254e-01,9.828119277954101562e-01
9.809948205947875977e-01,9.810313582420349121e-01
9.988867044448852539e-01,9.820774793624877930e-01
9.602401256561279297e-01,9.755425453186035156e-01
9.872561693191528320e-01,9.759424924850463867e-01
9.608234167098999023e-01,9.958614706993103027e-01
9.951368570327758789e-01,9.971659779548645020e-01
9.892467260360717773e-01,9.868555068969726562e-01
9.740911722183227539e-01,9.759218096733093262e-01
9.628574252128601074e-01,9.929873943328857422e-01
9.778697490692138672e-01,9.899356365203857422e-01
9.661266803741455078e-01,9.918702840805053711e-01
9.758207798004150391e-01,9.829312562942504883e-01
9.729884862899780273e-01,9.970681667327880859e-01
9.762473106384277344e-01,9.790160655975341797e-01
9.599418044090270996e-01,9.789632558822631836e-01
9.851591587066650391e-01,9.899955391883850098e-01
9.820336699485778809e-01,9.839115738868713379e-01
9.670803546905517578e-01,9.960524439811706543e-01
9.738397002220153809e-01,9.971991181373596191e-01
9.641519188880920410e-01,9.908424019813537598e-01
9.679577350616455078e-01,9.978914856910705566e-01
9.542657136917114258e-01,9.929902553558349609e-01
9.750976562500000000e-01,9.879671931266784668e-01
9.709632396697998047e-01,9.868865013122558594e-01
9.981089830398559570e-01,9.905082583427429199e-01
9.627940058708190918e-01,9.974068403244018555e-01
9.839251041412353516e-01,9.759897589683532715e-01
9.670248627662658691e-01,9.926980733871459961e-01
9.651474952697753906e-01,9.798570275306701660e-01
9.781240224838256836e-01,9.997192025184631348e-01
9.500033855438232422e-01,9.875575304031372070e-01
9.578871726989746094e-01,9.909396767616271973e-01
9.692220687866210938e-01,9.908199906349182129e-01
9.729062318801879883e-01,9.870168566703796387e-01
9.687401056289672852e-01,9.970014691352844238e-01
9.943655133247375488e-01,9.789736270904541016e-01
9.730134010314941406e-01,9.830105900764465332e-01
9.861462116241455078e-01,9.919775128364562988e-01
9.700714349746704102e-01,9.850422143936157227e-01
9.811123609542846680e-01,9.889334440231323242e-01
9.679604768753051758e-01,9.809542298316955566e-01
9.751924276351928711e-01,9.930633902549743652e-01
9.499454498291015625e-01,9.839150905609130859e-01
9.999469518661499023e-01,9.820507168769836426e-01
9.640427231788635254e-01,9.858996868133544922e-01
9.821955561637878418e-01,9.909978508949279785e-01
9.510555267333984375e-01,9.928992986679077148e-01
9.642182588577270508e-01,9.828822612762451172e-01
9.925214648246765137e-01,9.863721132278442383e-01
9.701408743858337402e-01,9.907599687576293945e-01
9.908549785614013672e-01,9.849675297737121582e-01
9.587829113006591797e-01,9.893652200698852539e-01
9.860057234764099121e-01,9.855012297630310059e-01
9.818809628486633301e-01,9.751877784729003906e-01
9.540144801139831543e-01,9.848576188087463379e-01
9.992792606353759766e-01,9.868927001953125000e-01
9.740825891494750977e-01,9.999560117721557617e-01
9.599665403366088867e-01,9.850118756294250488e-01
9.831126928329467773e-01,9.997136592864990234e-01
9.546619653701782227e-01,9.866060614585876465e-01
9.799365401268005371e-01,9.756698012351989746e-01
9.812605381011962891e-01,9.749298691749572754e-01
9.559662938117980957e-01,9.769161343574523926e-01
9.779583215713500977e-01,9.749976396560668945e-01
9.560525417327880859e-01,9.850273132324218750e-01
9.991847872734069824e-01,9.920341372489929199e-01
9.930977225303649902e-01,9.908763170242309570e-01
9.911347627639770508e-01,9.948453903198242188e-01
9.985550045967102051e-01,9.781141877174377441e-01
9.517288208007812500e-01,9.980007410049438477e-01
9.850027561187744141e-01,9.886801838874816895e-01
9.730569124221801758e-01,9.909639358520507812e-01
9.779838323593139648e-01,9.919213056564331055e-01
9.740122556686401367e-01,9.758797287940979004e-01
9.540779590606689453e-01,9.888851642608642578e-01
9.707769751548767090e-01,9.889109730720520020e-01
9.599687457084655762e-01,9.899799227714538574e-01
9.951026439666748047e-01,9.939721226692199707e-01
9.640831947326660156e-01,9.869378805160522461e-01
9.540618062019348145e-01,9.929382801055908203e-01
9.770379066467285156e-01,9.849890470504760742e-01
9.809774756431579590e-01,9.971337914466857910e-01
9.503377676010131836e-01,9.950304031372070312e-01
9.950795173645019531e-01,9.780073165893554688e-01
9.992441534996032715e-01,9.869552254676818848e-01
9.580652713775634766e-01,9.829619526863098145e-01
9.639395475387573242e-01,9.809823036193847656e-01
9.590318799018859863e-01,9.958984851837158203e-01
9.769036769866943359e-01,9.930008649826049805e-01
9.954932928085327148e-01,9.969989657402038574e-01
9.501634836196899414e-01,9.976232051849365234e-01
9.871435165405273438e-01,9.780735969543457031e-01
9.750757813453674316e-01,9.759384393692016602e-01
9.724466800689697266e-01,9.939992427825927734e-01
9.516732692718505859e-01,9.810758829116821289e-01
9.527633190155029297e-01,9.830590486526489258e-01
9.531300067901611328e-01,9.767255783081054688e-01
9.841324090957641602e-01,9.858233928680419922e-01
9.569571614265441895e-01,9.988562464714050293e-01
9.952597618103027344e-01,9.859534502029418945e-01
9.984345436096191406e-01,9.940472245216369629e-01
9.932712316513061523e-01,9.789157509803771973e-01
9.961897134780883789e-01,9.849094748497009277e-01
9.580721855163574219e-01,9.879272580146789551e-01
9.593243002891540527e-01,9.994627237319946289e-01
9.810115098953247070e-01,9.849038124084472656e-01
9.841727018356323242e-01,9.900087714195251465e-01
9.731658697128295898e-01,9.977186322212219238e-01
9.641576409339904785e-01,9.949921369552612305e-01
9.838928580284118652e-01,1.000054359436035156e+00
9.831447601318359375e-01,9.769110679626464844e-01
9.779373407363891602e-01,9.849839210510253906e-01
9.780400395393371582e-01,9.941022992134094238e-01
9.693710803985595703e-01,9.834251403808593750e-01
9.718880653381347656e-01,9.815254211425781250e-01
9.745191335678100586e-01,9.759853482246398926e-01
9.922441244125366211e-01,9.868929386138916016e-01
9.506151080131530762e-01,9.771715998649597168e-01
9.880885481834411621e-01,9.968149065971374512e-01
9.882426261901855469e-01,9.911363720893859863e-01
9.931290745735168457e-01,9.980664253234863281e-01
9.901373386383056641e-01,9.940006732940673828e-01
9.974976778030395508e-01,9.910317063331604004e-01
9.650241732597351074e-01,9.869437813758850098e-01
9.528980255126953125e-01,9.766664505004882812e-01
9.631545543670654297e-01,9.910171031951904297e-01
9.518740773200988770e-01,9.780855774879455566e-01
9.942722320556640625e-01,9.992253184318542480e-01
9.842126369476318359e-01,9.880059361457824707e-01
9.801366329193115234e-01,9.979602098464965820e-01
9.591339826583862305e-01,9.898449778556823730e-01
9.510596990585327148e-01,9.899320602416992188e-01
9.670128226280212402e-01,9.829301834106445312e-01
9.658696055412292480e-01,9.959641695022583008e-01
9.998812675476074219e-01,9.860342741012573242e-01
9.671028256416320801e-01,9.848966002464294434e-01
9.541121721267700195e-01,9.811063408851623535e-01
9.680339097976684570e-01,9.880205988883972168e-01
9.549623131752014160e-01,9.750716090202331543e-01
9.992098212242126465e-01,9.853460788726806641e-01
9.521608352661132812e-01,9.838771820068359375e-01
9.679171442985534668e-01,9.919456243515014648e-01
9.639546275138854980e-01,9.988769292831420898e-01
9.809331893920898438e-01,9.978904724121093750e-01
9.699584841728210449e-01,9.840361475944519043e-01
1.000009536743164062e+00,9.949923157691955566e-01
9.977626800537109375e-01,9.924605488777160645e-01
9.967937469482421875e-01,9.810303449630737305e-01
9.882557392120361328e-01,9.759038686752319336e-01
9.800086617469787598e-01,9.869459867477416992e-01
9.841049313545227051e-01,9.999243021011352539e-01
9.517297744750976562e-01,9.996707439422607422e-01
9.599069356918334961e-01,9.959353804588317871e-01
9.638899564743041992e-01,9.930461645126342773e-01
9.541364312171936035e-01,9.797780513763427734e-01
9.838823080062866211e-01,9.949299097061157227e-01
9.971960783004760742e-01,9.998634457588195801e-01
9.678288102149963379e-01,9.761179685592651367e-01
9.500956535339355469e-01,9.846641421318054199e-01
9.591456651687622070e-01,9.918219447135925293e-01
9.855202436447143555e-01,9.890292286872863770e-01
9.829311966896057129e-01,9.771097898483276367e-01
9.514088630676269531e-01,9.780475497245788574e-01
9.641278386116027832e-01,9.809581637382507324e-01
9.835596680641174316e-01,9.844768047332763672e-01
9.999661445617675781e-01,1.000087738037109375e+00
9.830093979835510254e-01,9.990348815917968750e-01
9.505922198295593262e-01,9.982004761695861816e-01
9.650561809539794922e-01,9.797047972679138184e-01
9.591428041458129883e-01,9.840515851974487305e-01
9.766755104064941406e-01,9.858773350715637207e-01
9.789034128189086914e-01,9.764473438262939453e-01
9.617981314659118652e-01,9.810784459114074707e-01
9.599484205245971680e-01,9.950186014175415039e-01
9.820316433906555176e-01,9.960619211196899414e-01
9.719622135162353516e-01,9.929348230361938477e-01
9.842857122421264648e-01,9.789211750030517578e-01
9.538267850875854492e-01,9.996815919876098633e-01
9.669340848922729492e-01,9.928507804870605469e-01
9.499753117561340332e-01,9.839013814926147461e-01
9.631611108779907227e-01,9.858763217926025391e-01
9.880418777465820312e-01,9.929668903350830078e-01
9.531739950180053711e-01,9.938026070594787598e-01
9.919898509979248047e-01,9.957238435745239258e-01
9.750782251358032227e-01,9.998963475227355957e-01
9.560909271240234375e-01,9.818385243415832520e-01
9.872339367866516113e-01,9.829260706901550293e-01
9.891842007637023926e-01,9.888914227485656738e-01
9.846521615982055664e-01,9.971730709075927734e-01
9.679197669029235840e-01,9.868845939636230469e-01
9.669936895370483398e-01,9.819253087043762207e-01
9.670119285583496094e-01,9.920536279678344727e-01
9.621543884277343750e-01,9.997773170471191406e-01
9.955883622169494629e-01,9.769679307937622070e-01
9.709554910659790039e-01,9.799181222915649414e-01
9.517364501953125000e-01,9.869461655616760254e-01
9.850547313690185547e-01,9.949046373367309570e-01
9.900933504104614258e-01,9.889268875122070312e-01
9.710166454315185547e-01,9.909471273422241211e-01
9.901566505432128906e-01,9.789826273918151855e-01
9.840759038925170898e-01,9.849755764007568359e-01
9.671858549118041992e-01,9.939020276069641113e-01
9.742227196693420410e-01,9.848344922065734863e-01
9.509050250053405762e-01,9.937855601310729980e-01
9.507563114166259766e-01,9.929556250572204590e-01
9.677844047546386719e-01,9.985395073890686035e-01
9.578730463981628418e-01,9.979776144027709961e-01
9.631239771842956543e-01,9.759697318077087402e-01
9.880254864692687988e-01,9.800814390182495117e-01
9.504666924476623535e-01,9.929311871528625488e-01
9.954065084457397461e-01,9.866924285888671875e-01
9.681515693664550781e-01,9.848734736442565918e-01
9.992755055427551270e-01,9.820598959922790527e-01
9.994091391563415527e-01,9.777406454086303711e-01
9.640973210334777832e-01,9.790204763412475586e-01
9.881045222282409668e-01,9.973684549331665039e-01
9.659870862960815430e-01,9.960755109786987305e-01
9.924001693725585938e-01,9.968218803405761719e-01
9.552098512649536133e-01,9.930016994476318359e-01
9.947021007537841797e-01,9.941487908363342285e-01
9.526757001876831055e-01,9.801228642463684082e-01
9.629102945327758789e-01,9.770045280456542969e-01
9.527193307876586914e-01,9.749500751495361328e-01
9.940890073776245117e-01,9.869238138198852539e-01
9.689850807189941406e-01,9.889053106307983398e-01
9.880737066268920898e-01,9.761595726013183594e-01
9.631702899932861328e-01,9.868287444114685059e-01
9.972767829895019531e-01,9.919567704200744629e-01
9.662282466888427734e-01,9.811312556266784668e-01
9.671111702919006348e-01,9.790431857109069824e-01
9.539879560470581055e-01,9.900047779083251953e-01
9.962687492370605469e-01,9.758888483047485352e-01
9.639405608177185059e-01,9.924803972244262695e-01
9.772096872329711914e-01,9.877979755401611328e-01
9.870395660400390625e-01,9.820221662521362305e-01
9.811589717864990234e-01,9.779318571090698242e-01
9.600678682327270508e-01,9.838768243789672852e-01
9.507434368133544922e-01,9.761039018630981445e-01
9.659960269927978516e-01,9.819338917732238770e-01
9.902334809303283691e-01,9.949364662170410156e-01
9.649041891098022461e-01,9.879285693168640137e-01
9.998619556427001953e-01,9.959557056427001953e-01
9.591106772422790527e-01,9.919940829277038574e-01
9.590111970901489258e-01,9.899807572364807129e-01
9.529780149459838867e-01,9.889078140258789062e-01
9.509805440902709961e-01,9.975010752677917480e-01
9.709927439689636230e-01,9.909366369247436523e-01
9.551609754562377930e-01,9.749815464019775391e-01
9.732192158699035645e-01,9.789978265762329102e-01
9.690037369728088379e-01,9.980154037475585938e-01
9.800191521644592285e-01,9.879686236381530762e-01
9.842362999916076660e-01,9.839838743209838867e-01
9.971004724502563477e-01,9.850276708602905273e-01
9.985912442207336426e-01,9.982695579528808594e-01
9.982389211654663086e-01,9.819675683975219727e-01
9.710355997085571289e-01,9.908978939056396484e-01
9.709371328353881836e-01,9.960527420043945312e-01
9.639149904251098633e-01,9.888908267021179199e-01
9.611619710922241211e-01,9.919950962066650391e-01
9.999020099639892578e-01,9.869373440742492676e-01
9.508041143417358398e-01,9.971302747726440430e-01
9.860491156578063965e-01,9.869901537895202637e-01
9.880937933921813965e-01,9.919545054435729980e-01
9.963920116424560547e-01,9.829444885253906250e-01
9.789877533912658691e-01,9.929087758064270020e-01
9.811723232269287109e-01,9.769513607025146484e-01
9.870587587356567383e-01,9.899709820747375488e-01
9.885437488555908203e-01,9.781382679939270020e-01
9.671086072921752930e-01,9.770235419273376465e-01
9.821398258209228516e-01,9.918488264083862305e-01
9.541739225387573242e-01,9.919685125350952148e-01
9.941179156303405762e-01,9.868957400321960449e-01
9.722769260406494141e-01,9.751343727111816406e-01
9.921013712882995605e-01,9.949671030044555664e-01
9.561561942100524902e-01,9.790134429931640625e-01
9.779572486877441406e-01,9.908892512321472168e-01
9.716380834579467773e-01,9.917597174644470215e-01
9.680868983268737793e-01,9.848945140838623047e-01
9.751378893852233887e-01,9.959451556205749512e-01
9.769755601882934570e-01,9.880613088607788086e-01
9.901135563850402832e-01,9.819892644882202148e-01
9.600621461868286133e-01,9.997736215591430664e-01
9.871481060981750488e-01,9.818017482757568359e-01
9.681789278984069824e-01,9.817624092102050781e-01
9.651473164558410645e-01,9.919902682304382324e-01
9.740519523620605469e-01,9.869395494461059570e-01
9.599835872650146484e-01,9.859757423400878906e-01
9.759812951087951660e-01,9.949403405189514160e-01
9.651988744735717773e-01,9.909533858299255371e-01
9.950118064880371094e-01,9.772694110870361328e-01
9.629858732223510742e-01,9.888880848884582520e-01
9.549319744110107422e-01,9.800171852111816406e-01
9.730719327926635742e-01,9.869954586029052734e-01
9.831162691116333008e-01,9.879443049430847168e-01
9.517219066619873047e-01,9.829225540161132812e-01
9.547839164733886719e-01,9.780149459838867188e-01
9.852612614631652832e-01,9.991969466209411621e-01
9.750831127166748047e-01,9.917870759963989258e-01
9.963840842247009277e-01,9.850212335586547852e-01
9.611228704452514648e-01,9.814550280570983887e-01
9.990728497505187988e-01,9.839965105056762695e-01
9.891359806060791016e-01,9.948807954788208008e-01
9.921987652778625488e-01,9.848805665969848633e-01
9.758949875831604004e-01,9.790012240409851074e-01
9.940785169601440430e-01,9.859870672225952148e-01
9.527665376663208008e-01,9.939606189727783203e-01
9.912173151969909668e-01,9.838966727256774902e-01
9.501557350158691406e-01,9.958295822143554688e-01
9.991473555564880371e-01,9.918192625045776367e-01
9.640713930130004883e-01,9.859272837638854980e-01
9.678024053573608398e-01,9.930362105369567871e-01
9.851990342140197754e-01,9.799420833587646484e-01
9.861409664154052734e-01,9.888577461242675781e-01
9.615637063980102539e-01,9.960300326347351074e-01
9.810329079627990723e-01,9.919176101684570312e-01
9.600409269332885742e-01,9.996835589408874512e-01
9.730018973350524902e-01,9.988504648208618164e-01
9.899096488952636719e-01,9.982741475105285645e-01
9.972731471061706543e-01,9.952793717384338379e-01
9.982327818870544434e-01,9.960237741470336914e-01
9.700144529342651367e-01,9.780479669570922852e-01
9.667799472808837891e-01,9.949836730957031250e-01
9.965890049934387207e-01,9.769277572631835938e-01
9.842440485954284668e-01,9.770103693008422852e-01
9.883202314376831055e-01,9.839863181114196777e-01
9.605740308761596680e-01,9.866387248039245605e-01
9.789952039718627930e-01,9.929501414299011230e-01
9.598172903060913086e-01,9.929765462875366211e-01
9.779765009880065918e-01,9.968727827072143555e-01
9.560207128524780273e-01,9.859871864318847656e-01
9.680811166763305664e-01,9.859507679939270020e-01
9.936068058013916016e-01,9.757243394851684570e-01
9.551101922988891602e-01,9.829198718070983887e-01
9.910359382629394531e-01,9.938836693763732910e-01
9.750500321388244629e-01,9.990987777709960938e-01
9.940811395645141602e-01,9.977288842201232910e-01
9.671896696090698242e-01,9.898602366447448730e-01
9.875674247741699219e-01,9.763471484184265137e-01
9.800907373428344727e-01,9.949231147766113281e-01
9.770547747611999512e-01,9.899420738220214844e-01
9.760691523551940918e-01,9.889831542968750000e-01
9.509318470954895020e-01,9.768060445785522461e-01
9.722166657447814941e-01,9.779974818229675293e-01
9.691005945205688477e-01,9.818279147148132324e-01
9.781307578086853027e-01,9.829148054122924805e-01
9.919260740280151367e-01,9.771177172660827637e-01
9.529803395271301270e-01,9.810242652893066406e-01
9.518816471099853516e-01,9.950054883956909180e-01
9.798409342765808105e-01,9.959398508071899414e-01
9.641401767730712891e-01,9.878448247909545898e-01
9.559060335159301758e-01,9.759553670883178711e-01
9.630158543586730957e-01,9.748241901397705078e-01
9.618941545486450195e-01,9.769826531410217285e-01
9.842522144317626953e-01,9.777123928070068359e-01
9.505819678306579590e-01,9.849346876144409180e-01
9.512405991554260254e-01,9.767464399337768555e-01
9.733304977416992188e-01,9.934244751930236816e-01
9.679388403892517090e-01,9.930288791656494141e-01
9.619973301887512207e-01,9.979142546653747559e-01
9.618320465087890625e-01,9.990047216415405273e-01
9.610280990600585938e-01,9.809320569038391113e-01
9.810563325881958008e-01,9.989589452743530273e-01
9.770516753196716309e-01,9.858680963516235352e-01
9.620582461357116699e-01,9.979786872863769531e-01
9.621856808662414551e-01,9.899708032608032227e-01
9.649627208709716797e-01,9.909756779670715332e-01
9.862662553787231445e-01,9.779947996139526367e-01
9.842249751091003418e-01,9.750708341598510742e-01
9.738990068435668945e-01,9.989624023437500000e-01
9.611120223999023438e-01,9.838445186614990234e-01
9.950726628303527832e-01,9.761278629302978516e-01
9.550372958183288574e-01,9.960619211196899414e-01
9.729245901107788086e-01,9.790461659431457520e-01
9.641332626342773438e-01,9.967858195304870605e-01
9.990997910499572754e-01,9.769552946090698242e-01
9.871076345443725586e-01,9.859052896499633789e-01
9.932134151458740234e-01,9.789632558822631836e-01
9.710385799407958984e-01,9.930295348167419434e-01
9.780980348587036133e-01,9.942058920860290527e-01
9.952006340026855469e-01,9.800250530242919922e-01
9.617488384246826172e-01,9.823576211929321289e-01
9.639748930931091309e-01,9.859751462936401367e-01
9.547968506813049316e-01,9.890502691268920898e-01
9.749982357025146484e-01,9.889132976531982422e-01
9.709911346435546875e-01,9.790572524070739746e-01
9.699410200119018555e-01,9.920086264610290527e-01
9.942266941070556641e-01,9.941037893295288086e-01
9.801540374755859375e-01,9.800014495849609375e-01
9.710795283317565918e-01,9.976421594619750977e-01
9.871541261672973633e-01,9.759799838066101074e-01
9.538825750350952148e-01,9.750252962112426758e-01
9.629529714584350586e-01,9.958580136299133301e-01
9.631022214889526367e-01,9.977322816848754883e-01
9.829511046409606934e-01,9.810639619827270508e-01
9.871993660926818848e-01,9.950428605079650879e-01
9.498340487480163574e-01,9.940334558486938477e-01
9.510667324066162109e-01,9.968736171722412109e-01
9.709523916244506836e-01,9.840154051780700684e-01
9.510772824287414551e-01,9.829138517379760742e-01
9.560729265213012695e-01,9.918352365493774414e-01
9.659503102302551270e-01,9.989484548568725586e-01
9.841816425323486328e-01,9.820185899734497070e-01
9.769758582115173340e-01,9.781905412673950195e-01
9.936218857765197754e-01,9.938628077507019043e-01
9.703036546707153320e-01,9.814042448997497559e-01
9.878662824630737305e-01,9.928898811340332031e-01
9.911825060844421387e-01,9.940413236618041992e-01
9.518827199935913086e-01,9.889534115791320801e-01
9.920443296432495117e-01,9.889500737190246582e-01
9.691115021705627441e-01,9.938914775848388672e-01
9.829381108283996582e-01,9.959850311279296875e-01
9.921545982360839844e-01,9.841287136077880859e-01
9.608790874481201172e-01,9.800534844398498535e-01
9.694804549217224121e-01,9.897235631942749023e-01
9.880578517913818359e-01,9.929643273353576660e-01
9.963014125823974609e-01,9.908359646797180176e-01
9.500442147254943848e-01,9.996688961982727051e-01
9.500736594200134277e-01,9.937629103660583496e-01
9.529740810394287109e-01,9.780893325805664062e-01
9.979333877563476562e-01,9.997149705886840820e-01
9.810732007026672363e-01,9.799211621284484863e-01
9.872210621833801270e-01,9.846575260162353516e-01
9.805990457534790039e-01,9.807828664779663086e-01
9.748677015304565430e-01,9.839197397232055664e-01
9.811003208160400391e-01,9.828657507896423340e-01
9.903929829597473145e-01,9.979137778282165527e-01
9.552297592163085938e-01,9.908226132392883301e-01
9.580239057540893555e-01,9.878848791122436523e-01
9.751232266426086426e-01,9.997081756591796875e-01
9.902524948120117188e-01,9.780112504959106445e-01
9.759230017662048340e-01,9.908975362777709961e-01
9.528757929801940918e-01,9.850164651870727539e-01
9.892349243164062500e-01,9.771405458450317383e-01
9.982033967971801758e-01,9.981021881103515625e-01
9.934726357460021973e-01,9.791803956031799316e-01
9.498789310455322266e-01,9.821009635925292969e-01
9.789841175079345703e-01,9.829720258712768555e-01
9.894030094146728516e-01,9.818193912506103516e-01
9.568165540695190430e-01,9.791529178619384766e-01
9.509831666946411133e-01,9.900288581848144531e-01
9.562187194824218750e-01,9.819123744964599609e-01
9.611401557922363281e-01,9.778290390968322754e-01
9.669423699378967285e-01,9.970718622207641602e-01
9.780582189559936523e-01,9.949949979782104492e-01
9.689385890960693359e-01,9.810351133346557617e-01
9.674623608589172363e-01,9.766548871994018555e-01
9.628024101257324219e-01,9.800224304199218750e-01
9.611286520957946777e-01,9.907956123352050781e-01
9.518744945526123047e-01,9.754750728607177734e-01
9.550199508666992188e-01,9.919328689575195312e-01
9.589314460754394531e-01,9.938920140266418457e-01
9.648607373237609863e-01,9.989508390426635742e-01
9.999450445175170898e-01,9.819517731666564941e-01
9.526075720787048340e-01,9.799646139144897461e-01
9.740828871726989746e-01,9.989953041076660156e-01
9.790264964103698730e-01,9.929180145263671875e-01
9.527934193611145020e-01,9.944693446159362793e-01
9.813319444656372070e-01,9.958112239837646484e-01
9.810472726821899414e-01,9.890090227127075195e-01
9.688405394554138184e-01,9.876413345336914062e-01
9.559695720672607422e-01,9.900385141372680664e-01
9.528793692588806152e-01,9.784997701644897461e-01
9.932379126548767090e-01,9.910134077072143555e-01
9.607284069061279297e-01,9.866178631782531738e-01
9.993857145309448242e-01,9.799039363861083984e-01
9.872775077819824219e-01,9.943164587020874023e-01
9.841107726097106934e-01,9.839493036270141602e-01
9.650799036026000977e-01,9.750381112098693848e-01
9.708392620086669922e-01,9.939306974411010742e-01
9.599274396896362305e-01,9.760045409202575684e-01
9.930015206336975098e-01,9.752180576324462891e-01
9.923878908157348633e-01,9.768697023391723633e-01
9.530200362205505371e-01,9.820383787155151367e-01
9.996339082717895508e-01,9.997409582138061523e-01
9.941678047180175781e-01,9.980354309082031250e-01
9.901754260063171387e-01,9.839022755622863770e-01
9.521799087524414062e-01,9.938719272613525391e-01
9.853277206420898438e-01,9.819031357765197754e-01
9.930672645568847656e-01,9.850071668624877930e-01
9.871159195899963379e-01,9.939624071121215820e-01
9.800779819488525391e-01,9.958450794219970703e-01
9.679827094078063965e-01,9.850356578826904297e-01
9.526396989822387695e-01,9.933037757873535156e-01
9.801737070083618164e-01,9.899110794067382812e-01
9.984775781631469727e-01,9.954640865325927734e-01
9.851434230804443359e-01,9.859231710433959961e-01
9.997615814208984375e-01,9.858088493347167969e-01
9.799287915229797363e-01,9.799997210502624512e-01
9.790115356445312500e-01,9.818480610847473145e-01
9.833056330680847168e-01,9.919862747192382812e-01
9.540870785713195801e-01,9.771971702575683594e-01
9.871286153793334961e-01,9.969165921211242676e-01
9.941254258155822754e-01,9.825209379196166992e-01
9.848935008049011230e-01,9.939098954200744629e-01
9.984461069107055664e-01,9.810035228729248047e-01
9.640873670578002930e-01,9.781208038330078125e-01
9.589264392852783203e-01,9.810903668403625488e-01
9.509609937667846680e-01,9.889972209930419922e-01
9.649876952171325684e-01,9.980171918869018555e-01
9.619881510734558105e-01,9.761250615119934082e-01
9.649313688278198242e-01,9.839394092559814453e-01
9.696450829505920410e-01,9.796814918518066406e-01
9.517595767974853516e-01,9.829583168029785156e-01
9.619189500808715820e-01,9.889675974845886230e-01
9.518093466758728027e-01,9.750708937644958496e-01
9.569852352142333984e-01,9.749510288238525391e-01
9.760314226150512695e-01,9.780927896499633789e-01
9.642214775085449219e-01,9.809467792510986328e-01
9.720812439918518066e-01,9.839593768119812012e-01
9.549758434295654297e-01,9.747846126556396484e-01
9.783225059509277344e-01,9.795271158218383789e-01
9.842228889465332031e-01,9.808864593505859375e-01
9.839628934860229492e-01,9.959837794303894043e-01
9.801547527313232422e-01,9.976338148117065430e-01
9.768905043601989746e-01,9.978527426719665527e-01
9.731051921844482422e-01,9.998379945755004883e-01
9.924153089523315430e-01,9.918711185455322266e-01
9.932659268379211426e-01,9.900128841400146484e-01
9.557583332061767578e-01,9.750386476516723633e-01
9.788945913314819336e-01,9.859575629234313965e-01
9.740020632743835449e-01,9.829373359680175781e-01
9.720543622970581055e-01,9.920490384101867676e-01
9.869977235794067383e-01,9.999590516090393066e-01
9.611184597015380859e-01,9.878789186477661133e-01
9.526365399360656738e-01,9.870054721832275391e-01
9.589369297027587891e-01,9.770456552505493164e-01
9.570383429527282715e-01,9.919219613075256348e-01
9.689716100692749023e-01,9.889964461326599121e-01
9.631019234657287598e-01,9.828578233718872070e-01
9.807941913604736328e-01,9.770250320434570312e-01
9.673836231231689453e-01,9.807001352310180664e-01
9.975605010986328125e-01,9.789215326309204102e-01
9.830615520477294922e-01,9.957731366157531738e-01
9.829225540161132812e-01,9.839094877243041992e-01
9.940710067749023438e-01,9.828032255172729492e-01
9.798449277877807617e-01,9.889995455741882324e-01
9.507165551185607910e-01,9.750913381576538086e-01
9.560825824737548828e-01,9.888823032379150391e-01
9.988418221473693848e-01,9.759031534194946289e-01
9.728943109512329102e-01,9.840259552001953125e-01
9.641066789627075195e-01,9.888833165168762207e-01
9.621891379356384277e-01,9.770439863204956055e-01
9.961192607879638672e-01,9.849281311035156250e-01
9.558663368225097656e-01,9.890184402465820312e-01
9.663102626800537109e-01,9.902924895286560059e-01
9.730182886123657227e-01,9.968678951263427734e-01
9.550853371620178223e-01,9.889549016952514648e-01
9.721177220344543457e-01,9.808931350708007812e-01
9.860696792602539062e-01,9.870074987411499023e-01
9.559012651443481445e-01,9.829421043395996094e-01
9.611523151397705078e-01,9.990521669387817383e-01
9.788051247596740723e-01,9.916241765022277832e-01
9.991327524185180664e-01,9.968336224555969238e-01
9.708907008171081543e-01,9.939695000648498535e-01
9.589717388153076172e-01,9.988674521446228027e-01
1.000180006027221680e+00,9.769417643547058105e-01
9.719651937484741211e-01,9.999635815620422363e-01
9.840553998947143555e-01,9.820322990417480469e-01
9.750435352325439453e-01,9.749039411544799805e-01
9.651223421096801758e-01,9.908496737480163574e-01
9.517196416854858398e-01,9.839917421340942383e-01
9.697924256324768066e-01,9.913194179534912109e-01
9.542568922042846680e-01,9.997383356094360352e-01
9.973224401473999023e-01,9.989703893661499023e-01
9.701897501945495605e-01,9.780682325363159180e-01
9.507040977478027344e-01,9.927616119384765625e-01
9.891448020935058594e-01,9.921079874038696289e-01
9.826374053955078125e-01,9.814903736114501953e-01
9.991101026535034180e-01,9.849551916122436523e-01
9.760247468948364258e-01,9.750069379806518555e-01
9.942966699600219727e-01,9.860335588455200195e-01
9.760002493858337402e-01,9.800362586975097656e-01
9.529441595077514648e-01,9.770139455795288086e-01
9.507209062576293945e-01,9.820290207862854004e-01
9.921715855598449707e-01,9.960831999778747559e-01
9.819965958595275879e-01,9.799733757972717285e-01
9.679915904998779297e-01,9.840559959411621094e-01
9.722163677215576172e-01,9.760088920593261719e-01
9.667593240737915039e-01,9.971412420272827148e-01
9.900549650192260742e-01,9.929490089416503906e-01
9.719230532646179199e-01,9.908965826034545898e-01
9.998460412025451660e-01,9.780210256576538086e-01
9.630991220474243164e-01,9.859079718589782715e-01
9.920860528945922852e-01,9.810591936111450195e-01
9.633027315139770508e-01,9.930147528648376465e-01
9.708461761474609375e-01,9.791050553321838379e-01
9.687116146087646484e-01,9.904036521911621094e-01
9.965308904647827148e-01,9.788747429847717285e-01
9.981300830841064453e-01,9.950814843177795410e-01
9.842408895492553711e-01,9.789062738418579102e-01
9.789230823516845703e-01,9.940474629402160645e-01
9.533127546310424805e-01,9.987043738365173340e-01
9.546282887458801270e-01,9.791885018348693848e-01
9.688962101936340332e-01,9.809902906417846680e-01
9.912577867507934570e-01,9.970878958702087402e-01
9.993401765823364258e-01,9.869408607482910156e-01
9.952085018157958984e-01,9.860389828681945801e-01
9.920790195465087891e-01,9.790655374526977539e-01
9.750161767005920410e-01,9.990332722663879395e-01
9.519413113594055176e-01,9.957548975944519043e-01
9.953482151031494141e-01,9.990290999412536621e-01
9.520352482795715332e-01,9.939849376678466797e-01
9.971441626548767090e-01,9.768921732902526855e-01
9.659383893013000488e-01,9.770644903182983398e-01
9.679948091506958008e-01,9.809954166412353516e-01
9.721446037292480469e-01,9.988473057746887207e-01
9.528486132621765137e-01,9.839390516281127930e-01
9.619446396827697754e-01,9.799967408180236816e-01
9.630048274993896484e-01,9.919396638870239258e-01
9.792172908782958984e-01,9.864257574081420898e-01
9.670034646987915039e-01,9.979256391525268555e-01
9.950314760208129883e-01,9.751979112625122070e-01
9.921782612800598145e-01,9.819266200065612793e-01
9.693108797073364258e-01,9.904665350914001465e-01
9.619984626770019531e-01,9.849146604537963867e-01
9.694801568984985352e-01,9.955360889434814453e-01
9.728900790214538574e-01,9.899365901947021484e-01
9.536314606666564941e-01,9.809981584548950195e-01
9.900437593460083008e-01,9.949217438697814941e-01
9.858528375625610352e-01,9.880802631378173828e-01
9.910033941268920898e-01,9.853124618530273438e-01
9.873670339584350586e-01,9.817590117454528809e-01
9.499655365943908691e-01,9.920489788055419922e-01
9.822461605072021484e-01,9.803648591041564941e-01
9.630126357078552246e-01,9.790747165679931641e-01
9.851793646812438965e-01,9.889133572578430176e-01
9.559483528137207031e-01,9.909911155700683594e-01
9.809343218803405762e-01,9.752044677734375000e-01
9.981489181518554688e-01,9.899734258651733398e-01
9.808279871940612793e-01,9.819828867912292480e-01
9.660324454307556152e-01,9.800119400024414062e-01
9.522553682327270508e-01,9.780869483947753906e-01
9.591102600097656250e-01,9.979681372642517090e-01
9.910172224044799805e-01,9.859607219696044922e-01
9.856348037719726562e-01,9.871011376380920410e-01
9.502485990524291992e-01,9.908422231674194336e-01
9.761800169944763184e-01,9.930610060691833496e-01
9.931509494781494141e-01,9.839072227478027344e-01
9.771386384963989258e-01,9.749870300292968750e-01
9.998854398727416992e-01,9.858688116073608398e-01
9.572012424468994141e-01,9.861544370651245117e-01
9.618389010429382324e-01,9.959825277328491211e-01
9.951098561286926270e-01,9.799585342407226562e-01
9.801253676414489746e-01,9.848341345787048340e-01
9.778481721878051758e-01,9.830112457275390625e-01
9.951566457748413086e-01,9.978015422821044922e-01
9.619962573051452637e-01,9.830139875411987305e-01
9.649536609649658203e-01,9.979237914085388184e-01
9.944604635238647461e-01,9.980937838554382324e-01
9.930831193923950195e-01,9.869177341461181641e-01
9.770219922065734863e-01,9.858862757682800293e-01
9.869108200073242188e-01,9.908856153488159180e-01
9.810771346092224121e-01,9.775457382202148438e-01
9.590529799461364746e-01,9.928612112998962402e-01
9.702320694923400879e-01,9.897613525390625000e-01
9.699290990829467773e-01,9.771471619606018066e-01
9.688810706138610840e-01,9.761701226234436035e-01
9.509628415107727051e-01,9.868308305740356445e-01
9.750055670738220215e-01,9.887824654579162598e-01
9.668588638305664062e-01,9.919907450675964355e-01
9.860845804214477539e-01,9.960085749626159668e-01
9.750854969024658203e-01,9.939315319061279297e-01
9.760856628417968750e-01,9.758334755897521973e-01
9.594004154205322266e-01,9.884711503982543945e-01
9.670216441154479980e-01,9.990534782409667969e-01
9.820909500122070312e-01,9.779274463653564453e-01
9.719356298446655273e-01,9.879431724548339844e-01
9.851636290550231934e-01,9.859576225280761719e-01
9.710134267807006836e-01,9.928930997848510742e-01
9.800601005554199219e-01,9.838820695877075195e-01
9.939810037612915039e-01,9.970921277999877930e-01
9.968352913856506348e-01,9.902799725532531738e-01
9.700185060501098633e-01,9.803916811943054199e-01
9.891260862350463867e-01,9.799891114234924316e-01
9.559500217437744141e-01,9.810591936111450195e-01
9.688952565193176270e-01,9.910312891006469727e-01
9.591873884201049805e-01,9.889618158340454102e-01
9.780267477035522461e-01,9.819935560226440430e-01
9.660118222236633301e-01,9.919914007186889648e-01
9.840679764747619629e-01,9.998961687088012695e-01
9.970519542694091797e-01,9.798985719680786133e-01
9.728967547416687012e-01,9.750578403472900391e-01
9.932030439376831055e-01,9.927713871002197266e-01
9.850636720657348633e-01,9.770977497100830078e-01
9.800727963447570801e-01,9.939198493957519531e-01
9.671661853790283203e-01,9.939371347427368164e-01
9.924610853195190430e-01,9.940271973609924316e-01
9.588951468467712402e-01,9.760748147964477539e-01
9.789373278617858887e-01,9.938967227935791016e-01
9.712494611740112305e-01,9.848762750625610352e-01
9.893947243690490723e-01,9.829235076904296875e-01
9.748313426971435547e-01,9.835817217826843262e-01
9.631912112236022949e-01,9.879392385482788086e-01
9.610078930854797363e-01,9.808564782142639160e-01
9.790015220642089844e-01,9.939740896224975586e-01
9.931522607803344727e-01,9.839471578598022461e-01
9.898791909217834473e-01,9.989690780639648438e-01
9.951874613761901855e-01,9.937938451766967773e-01
9.548439979553222656e-01,9.780931472778320312e-01
9.842238426208496094e-01,9.832992553710937500e-01
9.516991972923278809e-01,9.909324645996093750e-01
9.579085707664489746e-01,9.807224273681640625e-01
9.629457592964172363e-01,9.827839136123657227e-01
9.609031081199645996e-01,9.818797111511230469e-01
9.952681064605712891e-01,9.930857419967651367e-01
9.599092006683349609e-01,9.989866614341735840e-01
9.741001129150390625e-01,9.998328685760498047e-01
9.609053730964660645e-01,9.917097687721252441e-01
9.809316396713256836e-01,9.948949813842773438e-01
9.900807142257690430e-01,9.869253039360046387e-01
9.592393040657043457e-01,9.768648743629455566e-01
9.770833253860473633e-01,9.769812226295471191e-01
9.920853972434997559e-01,9.750699996948242188e-01
9.952682256698608398e-01,9.869617819786071777e-01
9.867244958877563477e-01,9.889008998870849609e-01
9.526624679565429688e-01,9.859848022460937500e-01
9.700251817703247070e-01,9.759680032730102539e-01
9.918115139007568359e-01,9.845021963119506836e-01
9.752519130706787109e-01,9.912806749343872070e-01
9.631507396697998047e-01,9.848277568817138672e-01
9.679955244064331055e-01,9.819423556327819824e-01
9.879373311996459961e-01,9.878597259521484375e-01
9.838320612907409668e-01,9.769066572189331055e-01
9.736504554748535156e-01,9.835309386253356934e-01
9.519122242927551270e-01,9.830338954925537109e-01
9.500275254249572754e-01,9.770492315292358398e-01
9.900907278060913086e-01,9.979926943778991699e-01
9.660598039627075195e-01,9.940397739410400391e-01
9.690952897071838379e-01,9.790676236152648926e-01
9.849989414215087891e-01,9.819146990776062012e-01
9.887827634811401367e-01,9.895635247230529785e-01
9.547020792961120605e-01,9.800975322723388672e-01
9.802835583686828613e-01,9.889776706695556641e-01
9.603802561759948730e-01,9.979438185691833496e-01
9.992384910583496094e-01,9.899967312812805176e-01
9.506086707115173340e-01,9.970347881317138672e-01
9.759497642517089844e-01,9.930375814437866211e-01
9.929702281951904297e-01,9.779982566833496094e-01
9.892066717147827148e-01,9.960510730743408203e-01
9.569967389106750488e-01,9.989722371101379395e-01
9.612107872962951660e-01,9.878804683685302734e-01
9.954296946525573730e-01,9.779366850852966309e-01
9.933862686157226562e-01,9.920972585678100586e-01
9.599785804748535156e-01,9.900035858154296875e-01
9.739305973052978516e-01,9.849648475646972656e-01
9.919292330741882324e-01,9.999762773513793945e-01
9.608772397041320801e-01,9.889264106750488281e-01
9.779609441757202148e-01,9.789822697639465332e-01
9.511837959289550781e-01,9.849238991737365723e-01
9.707549810409545898e-01,9.989995360374450684e-01
9.719313383102416992e-01,9.940291047096252441e-01
9.599218964576721191e-01,9.919076561927795410e-01
9.538432955741882324e-01,9.820654988288879395e-01
9.901432991027832031e-01,9.859838485717773438e-01
9.770347476005554199e-01,9.881617426872253418e-01
9.670847058296203613e-01,9.781401157379150391e-01
9.951740503311157227e-01,9.896562099456787109e-01
9.518189430236816406e-01,9.819962978363037109e-01
9.820372462272644043e-01,9.809828996658325195e-01
9.668624401092529297e-01,9.992126822471618652e-01
9.517717957496643066e-01,9.871242046356201172e-01
9.922589659690856934e-01,9.750970602035522461e-01
9.852375984191894531e-01,9.877815842628479004e-01
9.810129404067993164e-01,9.798576235771179199e-01
9.809701442718505859e-01,9.819190502166748047e-01
9.963067770004272461e-01,9.880120158195495605e-01
9.514621496200561523e-01,9.771263003349304199e-01
9.991591572761535645e-01,9.811200499534606934e-01
9.789521098136901855e-01,9.809558987617492676e-01
9.739454984664916992e-01,9.890778660774230957e-01
9.890415668487548828e-01,9.879243373870849609e-01
9.903709888458251953e-01,9.759749174118041992e-01
9.650996923446655273e-01,9.789333343505859375e-01
9.760692715644836426e-01,9.769920110702514648e-01
9.579636454582214355e-01,9.789500832557678223e-01
9.630791544914245605e-01,9.897413253784179688e-01
9.730187654495239258e-01,9.848819971084594727e-01
9.582493901252746582e-01,9.789211750030517578e-01
9.820752143859863281e-01,9.909908175468444824e-01
9.747207164764404297e-01,9.979724884033203125e-01
9.541572928428649902e-01,9.957933425903320312e-01
9.810922741889953613e-01,9.878834486007690430e-01
9.789924621582031250e-01,9.909273982048034668e-01
9.600630998611450195e-01,9.938833117485046387e-01
9.861253499984741211e-01,9.919628500938415527e-01
9.551584124565124512e-01,9.909893870353698730e-01
9.679736495018005371e-01,9.919476509094238281e-01
9.498940706253051758e-01,9.878962039947509766e-01
9.891074895858764648e-01,9.770092368125915527e-01
9.597765207290649414e-01,9.865090250968933105e-01
9.740623831748962402e-01,9.923995137214660645e-01
9.760668277740478516e-01,9.870280623435974121e-01
9.614106416702270508e-01,9.780905842781066895e-01
9.559659957885742188e-01,9.882522821426391602e-01
9.830135107040405273e-01,9.829381704330444336e-01
9.588968157768249512e-01,9.818451404571533203e-01
9.639819264411926270e-01,9.750559329986572266e-01
9.687865972518920898e-01,9.863404631614685059e-01
9.649366736412048340e-01,9.848781228065490723e-01
9.930753707885742188e-01,9.978417158126831055e-01
9.934224486351013184e-01,9.799729585647583008e-01
9.925608634948730469e-01,9.765888452529907227e-01
9.959316253662109375e-01,9.799805283546447754e-01
9.660142660140991211e-01,9.769771695137023926e-01
9.791923761367797852e-01,9.751022458076477051e-01
9.841414093971252441e-01,9.990067481994628906e-01
9.669626951217651367e-01,9.809296131134033203e-01
9.642040133476257324e-01,9.992300868034362793e-01
9.561827182769775391e-01,9.749731421470642090e-01
9.688848853111267090e-01,9.949768781661987305e-01
9.860799312591552734e-01,9.819811582565307617e-01
9.883481264114379883e-01,9.860252737998962402e-01
9.708866477012634277e-01,9.770307540893554688e-01
9.789122343063354492e-01,9.970351457595825195e-01
9.611079692840576172e-01,9.749536514282226562e-01
9.730646610260009766e-01,9.859316945075988770e-01
9.631470441818237305e-01,9.998938441276550293e-01
9.983406662940979004e-01,9.928594827651977539e-01
9.569653272628784180e-01,9.998242855072021484e-01
9.996556043624877930e-01,9.886953234672546387e-01
9.752748608589172363e-01,9.799286127090454102e-01
9.598220586776733398e-01,9.947402477264404297e-01
9.862965941429138184e-01,9.829344153404235840e-01
9.573168158531188965e-01,9.949500560760498047e-01
9.769115447998046875e-01,9.818769097328186035e-01
9.498946666717529297e-01,9.801158905029296875e-01
9.656956791877746582e-01,9.910383224487304688e-01
9.718959927558898926e-01,9.789747595787048340e-01
9.883537292480468750e-01,9.771511554718017578e-01
9.649540185928344727e-01,9.819642305374145508e-01
9.690165519714355469e-01,9.879019856452941895e-01
9.810495376586914062e-01,9.838856458663940430e-01
9.912633299827575684e-01,9.998684525489807129e-01
9.902431964874267578e-01,9.940460920333862305e-01
9.568946957588195801e-01,9.991204738616943359e-01
9.798575639724731445e-01,9.991441965103149414e-01
9.982426166534423828e-01,9.898879528045654297e-01
9.710775017738342285e-01,9.798969030380249023e-01
9.890187382698059082e-01,9.842531681060791016e-01
9.800032973289489746e-01,9.779327511787414551e-01
9.860079288482666016e-01,9.919166564941406250e-01
9.969160556793212891e-01,9.751876592636108398e-01
9.718266129493713379e-01,9.800997972488403320e-01
9.932692646980285645e-01,9.879504442214965820e-01
9.512674212455749512e-01,9.959478378295898438e-01
9.679700136184692383e-01,9.829283952713012695e-01
9.949501156806945801e-01,9.969934821128845215e-01
9.961600899696350098e-01,9.990590810775756836e-01
9.502345323562622070e-01,9.996215105056762695e-01
9.890943765640258789e-01,9.988701343536376953e-01
9.607378244400024414e-01,9.930180311203002930e-01
9.709659814834594727e-01,9.988873004913330078e-01
9.942844510078430176e-01,9.896524548530578613e-01
9.749723672866821289e-01,9.796159267425537109e-01
9.853804707527160645e-01,9.821304082870483398e-01
9.620010852813720703e-01,9.869310855865478516e-01
9.839200973510742188e-01,9.919127225875854492e-01
9.961887598037719727e-01,9.839159250259399414e-01
9.651308059692382812e-01,9.898465275764465332e-01
9.768790602684020996e-01,9.980602860450744629e-01
9.752383232116699219e-01,9.758695363998413086e-01
9.539139270782470703e-01,9.960630536079406738e-01
9.810663461685180664e-01,9.760630130767822266e-01
9.579095840454101562e-01,9.992127418518066406e-01
9.592005014419555664e-01,9.859631657600402832e-01
9.860640764236450195e-01,9.810343384742736816e-01
9.951115846633911133e-01,9.839376211166381836e-01
9.745500683784484863e-01,9.926301240921020508e-01
9.630447030067443848e-01,9.868986606597900391e-01
9.913676381111145020e-01,9.770966172218322754e-01
9.892221093177795410e-01,9.997037649154663086e-01
9.949867129325866699e-01,9.890004396438598633e-01
9.988924264907836914e-01,9.993536472320556641e-01
9.709348082542419434e-01,9.829847812652587891e-01
9.598755836486816406e-01,9.779395461082458496e-01
9.560806751251220703e-01,9.999779462814331055e-01
9.796522855758666992e-01,9.909577369689941406e-01
9.590296745300292969e-01,9.960631132125854492e-01
9.998977184295654297e-01,9.890356063842773438e-01
9.680973291397094727e-01,9.789736270904541016e-01
9.819754958152770996e-01,9.911777973175048828e-01
9.611425399780273438e-01,9.909939169883728027e-01
9.880797266960144043e-01,1.000004887580871582e+00
9.830392599105834961e-01,9.800517559051513672e-01
9.749513268470764160e-01,9.909398555755615234e-01
9.830823540687561035e-01,9.938962459564208984e-01
9.872388839721679688e-01,9.970762729644775391e-01
9.839438796043395996e-01,9.909890890121459961e-01
9.740046262741088867e-01,9.909297823905944824e-01
9.707726240158081055e-01,9.948017597198486328e-01
9.819868803024291992e-01,9.928966164588928223e-01
9.955358505249023438e-01,9.856762886047363281e-01
9.831416606903076172e-01,9.751194715499877930e-01
9.830604195594787598e-01,9.970403909683227539e-01
9.911514520645141602e-01,9.859094023704528809e-01
9.605781435966491699e-01,9.978129267692565918e-01
9.901389479637145996e-01,9.750201702117919922e-01
9.891974925994873047e-01,9.850967526435852051e-01
9.539945721626281738e-01,9.747831225395202637e-01
9.871244430541992188e-01,9.839293956756591797e-01
9.951020479202270508e-01,9.789461493492126465e-01
9.994052648544311523e-01,9.879773855209350586e-01
9.992330074310302734e-01,9.897569417953491211e-01
9.696573615074157715e-01,9.940420389175415039e-01
9.610943794250488281e-01,9.820446968078613281e-01
9.943323135375976562e-01,9.889405369758605957e-01
9.627587795257568359e-01,9.880414009094238281e-01
9.650734663009643555e-01,9.890015125274658203e-01
9.840791821479797363e-01,9.815360307693481445e-01
9.780640602111816406e-01,9.967094063758850098e-01
9.820569753646850586e-01,9.880170226097106934e-01
9.577014446258544922e-01,9.959336519241333008e-01
9.684483408927917480e-01,9.966101646423339844e-01
9.910279512405395508e-01,9.788110256195068359e-01
9.618002176284790039e-01,9.749688506126403809e-01
9.969387054443359375e-01,9.959450960159301758e-01
9.944336414337158203e-01,9.868050813674926758e-01
9.948203563690185547e-01,9.959779977798461914e-01
9.600733518600463867e-01,9.979758262634277344e-01
9.851313233375549316e-01,9.996728897094726562e-01
9.791631698608398438e-01,9.887521266937255859e-01
9.839659333229064941e-01,9.925572872161865234e-01
9.863281846046447754e-01,9.972934126853942871e-01
9.670090675354003906e-01,9.958622455596923828e-01
9.941307306289672852e-01,9.907681345939636230e-01
9.538632035255432129e-01,9.839912652969360352e-01
9.698965549468994141e-01,9.931026101112365723e-01
9.737995266914367676e-01,9.879728555679321289e-01
9.830363988876342773e-01,9.755254983901977539e-01
9.581181406974792480e-01,9.831048846244812012e-01
9.801459908485412598e-01,9.868661165237426758e-01
9.511609077453613281e-01,9.876278042793273926e-01
9.927945137023925781e-01,9.828615188598632812e-01
9.731804132461547852e-01,9.848738312721252441e-01
9.902566671371459961e-01,9.761174917221069336e-01
9.696952104568481445e-01,9.875473976135253906e-01
9.728621244430541992e-01,9.946153759956359863e-01
9.651502370834350586e-01,9.908603429794311523e-01
9.979002475738525391e-01,9.839738607406616211e-01
9.688805937767028809e-01,9.978566169738769531e-01
9.741849899291992188e-01,9.769647717475891113e-01
9.625113606452941895e-01,9.862078428268432617e-01
9.790233373641967773e-01,9.788641929626464844e-01
9.873111248016357422e-01,9.839174747467041016e-01
9.700887203216552734e-01,9.888561367988586426e-01
9.739700555801391602e-01,9.929827451705932617e-01
9.851267933845520020e-01,9.999147057533264160e-01
9.709775447845458984e-01,9.997211694717407227e-01
9.618951082229614258e-01,9.889454841613769531e-01
9.686328172683715820e-01,9.817204475402832031e-01
9.551239609718322754e-01,9.928690195083618164e-01
9.971580505371093750e-01,9.950220584869384766e-01
9.546618461608886719e-01,9.990822076797485352e-01
9.797925353050231934e-01,9.999415874481201172e-01
9.912393689155578613e-01,9.818863868713378906e-01
9.890383481979370117e-01,9.910677671432495117e-01
9.851046800613403320e-01,9.978603124618530273e-01
9.561325311660766602e-01,9.937872886657714844e-01
9.560471177101135254e-01,9.751443862915039062e-01
9.983358383178710938e-01,9.960882663726806641e-01
9.940967559814453125e-01,9.899046421051025391e-01
9.589234590530395508e-01,9.909899234771728516e-01
9.871584177017211914e-01,9.948146343231201172e-01
9.590073823928833008e-01,9.859771728515625000e-01
9.609819650650024414e-01,9.799286127090454102e-01
9.862933158874511719e-01,9.801039099693298340e-01
9.732196331024169922e-01,9.780312776565551758e-01
9.708216190338134766e-01,9.771791696548461914e-01
9.871817827224731445e-01,9.819389581680297852e-01
9.649201631546020508e-01,9.869848489761352539e-01
9.759813547134399414e-01,9.781553745269775391e-01
9.679123759269714355e-01,9.810698628425598145e-01
9.951429367065429688e-01,9.948603510856628418e-01
9.511101245880126953e-01,9.995532035827636719e-01
9.571368098258972168e-01,9.868957996368408203e-01
9.781531691551208496e-01,9.760367870330810547e-01
9.908660054206848145e-01,9.947558045387268066e-01
9.739845991134643555e-01,9.908702969551086426e-01
9.936655163764953613e-01,9.973331689834594727e-01
9.506091475486755371e-01,9.901446104049682617e-01
9.632104635238647461e-01,9.821299910545349121e-01
9.699847698211669922e-01,9.879561066627502441e-01
9.551226496696472168e-01,9.929744005203247070e-01
9.940434694290161133e-01,9.968913793563842773e-01
9.991600513458251953e-01,9.849725961685180664e-01
9.609966278076171875e-01,9.898264408111572266e-01
9.871171712875366211e-01,9.969750642776489258e-01
9.931231737136840820e-01,9.868871569633483887e-01
9.971486330032348633e-01,9.899986982345581055e-01
9.819986820220947266e-01,9.947968721389770508e-01
9.790003299713134766e-01,9.909585118293762207e-01
9.829880595207214355e-01,9.749165177345275879e-01
9.573528766632080078e-01,9.939579367637634277e-01
9.964737892150878906e-01,9.763218164443969727e-01
9.781766533851623535e-01,9.760005474090576172e-01
9.577870368957519531e-01,9.769643545150756836e-01
1.000006914138793945e+00,9.919405579566955566e-01
9.861857295036315918e-01,9.819656610488891602e-01
9.810886383056640625e-01,9.769260883331298828e-01
9.931930303573608398e-01,9.889764785766601562e-01
9.546320438385009766e-01,9.764456748962402344e-01
9.720092415809631348e-01,9.799007773399353027e-01
9.830418825149536133e-01,9.818969964981079102e-01
9.933938384056091309e-01,9.859858155250549316e-01
9.859663248062133789e-01,9.978012442588806152e-01
9.639921784400939941e-01,9.938049316406250000e-01
9.821043610572814941e-01,9.849424958229064941e-01
9.882688522338867188e-01,9.966083168983459473e-01
9.952522516250610352e-01,1.000033378601074219e+00
9.924048781394958496e-01,9.908418655395507812e-01
9.879214763641357422e-01,9.756806492805480957e-01
9.689505100250244141e-01,9.929712414741516113e-01
9.669232368469238281e-01,9.760293364524841309e-01
9.970686435699462891e-01,9.799553155899047852e-01
9.537696242332458496e-01,9.849481582641601562e-01
9.783623218536376953e-01,9.848377704620361328e-01
9.589058160781860352e-01,9.869689941406250000e-01
9.660358428955078125e-01,9.779638648033142090e-01
9.862179756164550781e-01,9.809925556182861328e-01
9.890640377998352051e-01,9.884343147277832031e-01
9.567170739173889160e-01,9.879060983657836914e-01
9.759361147880554199e-01,9.781417250633239746e-01
9.872478842735290527e-01,9.819229245185852051e-01
9.680780172348022461e-01,9.868878126144409180e-01
9.931194186210632324e-01,9.878895878791809082e-01
9.501575231552124023e-01,9.869809150695800781e-01
9.830719828605651855e-01,9.850217700004577637e-01
9.874413013458251953e-01,9.972567558288574219e-01
9.618855118751525879e-01,9.865822792053222656e-01
9.802963137626647949e-01,9.771286845207214355e-01
9.559637308120727539e-01,9.870275259017944336e-01
9.987735152244567871e-01,9.788692593574523926e-01
9.962945580482482910e-01,1.000028491020202637e+00
9.956846237182617188e-01,9.783547520637512207e-01
9.921223521232604980e-01,9.969602823257446289e-01
9.591792225837707520e-01,9.919354915618896484e-01
9.771977663040161133e-01,9.909693598747253418e-01
9.749756455421447754e-01,9.898860454559326172e-01
9.931651353836059570e-01,9.813648462295532227e-01
9.980754852294921875e-01,9.848538041114807129e-01
9.532873034477233887e-01,9.959438443183898926e-01
9.558730125427246094e-01,9.840145111083984375e-01
9.568501710891723633e-01,9.979343414306640625e-01
9.800232052803039551e-01,9.968041777610778809e-01
9.511945247650146484e-01,9.845806956291198730e-01
9.542939066886901855e-01,9.795854091644287109e-01
9.622216820716857910e-01,9.877667427062988281e-01
9.703264236450195312e-01,9.772212505340576172e-01
9.872112274169921875e-01,9.939674139022827148e-01
9.863279461860656738e-01,9.910159707069396973e-01
9.931394457817077637e-01,9.940673112869262695e-01
9.960107207298278809e-01,9.950164556503295898e-01
9.990439414978027344e-01,9.902219772338867188e-01
9.538940191268920898e-01,9.959740042686462402e-01
9.791313409805297852e-01,9.820514321327209473e-01
9.622390270233154297e-01,9.869717359542846680e-01
9.631000757217407227e-01,9.790585041046142578e-01
9.688739776611328125e-01,9.899441003799438477e-01
9.680778384208679199e-01,9.849841594696044922e-01
9.608324170112609863e-01,9.990531802177429199e-01
9.743257761001586914e-01,9.831364154815673828e-01
9.527524709701538086e-01,9.850140810012817383e-01
9.528114795684814453e-01,9.781352281570434570e-01
9.982031583786010742e-01,9.959508776664733887e-01
9.591727256774902344e-01,9.899767041206359863e-01
9.501899480819702148e-01,9.938510656356811523e-01
9.851210713386535645e-01,9.830857515335083008e-01
9.881218671798706055e-01,9.918954372406005859e-01
9.547287821769714355e-01,9.749102592468261719e-01
9.774162769317626953e-01,9.762914180755615234e-01
9.851369857788085938e-01,9.850136041641235352e-01
9.570382833480834961e-01,9.958728551864624023e-01
9.913654923439025879e-01,9.799374341964721680e-01
9.759072065353393555e-01,9.810752272605895996e-01
9.903945326805114746e-01,9.999209046363830566e-01
9.570142030715942383e-01,9.898852705955505371e-01
9.629194736480712891e-01,9.919373989105224609e-01
9.505993723869323730e-01,9.977721571922302246e-01
9.842696189880371094e-01,9.961132407188415527e-01
9.672461748123168945e-01,9.869296550750732422e-01
9.717161059379577637e-01,9.797188639640808105e-01
9.518318176269531250e-01,9.829573035240173340e-01
9.642273187637329102e-01,9.823799133300781250e-01
9.980253577232360840e-01,9.768029451370239258e-01
9.781460762023925781e-01,9.752680659294128418e-01
9.771278500556945801e-01,9.957222342491149902e-01
9.811105132102966309e-01,9.750593900680541992e-01
9.599863886833190918e-01,9.961577653884887695e-01
9.593709707260131836e-01,9.979930520057678223e-01
9.871838092803955078e-01,9.930717945098876953e-01
9.862276315689086914e-01,9.830545783042907715e-01
9.921892285346984863e-01,9.760212898254394531e-01
9.909045696258544922e-01,9.970467090606689453e-01
9.498053789138793945e-01,9.819369316101074219e-01
9.708744883537292480e-01,9.980033040046691895e-01
9.698536396026611328e-01,9.780719876289367676e-01
9.721507430076599121e-01,9.818901419639587402e-01
9.632102847099304199e-01,9.990397095680236816e-01
9.711160659790039062e-01,9.879685640335083008e-01
9.600020647048950195e-01,9.996517300605773926e-01
9.840786457061767578e-01,9.959543347358703613e-01
9.861054420471191406e-01,9.959479570388793945e-01
9.518325328826904297e-01,9.920046329498291016e-01
9.570854902267456055e-01,9.790881872177124023e-01
9.527850151062011719e-01,9.838677048683166504e-01
9.641751050949096680e-01,9.809439778327941895e-01
9.891247153282165527e-01,9.929370880126953125e-01
9.799507856369018555e-01,9.839334487915039062e-01
9.943150281906127930e-01,9.900150895118713379e-01
9.638476967811584473e-01,9.750349521636962891e-01
9.911324381828308105e-01,9.967432618141174316e-01
9.962472915649414062e-01,9.870545864105224609e-01
9.842349290847778320e-01,9.797841906547546387e-01
9.736510515213012695e-01,9.979792237281799316e-01
9.950904250144958496e-01,9.967358708381652832e-01
9.520356655120849609e-01,9.799461364746093750e-01
9.518683552742004395e-01,9.754377007484436035e-01
9.982728958129882812e-01,9.949406385421752930e-01
9.760346412658691406e-01,9.770231842994689941e-01
9.840486049652099609e-01,9.970173835754394531e-01
9.609727263450622559e-01,9.829821586608886719e-01
9.910299777984619141e-01,9.947928190231323242e-01
9.993672370910644531e-01,9.888818860054016113e-01
9.810187220573425293e-01,9.839247465133666992e-01
9.540679454803466797e-01,9.849603176116943359e-01
9.910837411880493164e-01,9.991828799247741699e-01
9.610327482223510742e-01,9.772413372993469238e-01
9.994031190872192383e-01,9.800333380699157715e-01
9.842361211776733398e-01,9.799752831459045410e-01
9.768732190132141113e-01,9.955998659133911133e-01
9.511473178863525391e-01,9.868805408477783203e-01
9.730701446533203125e-01,9.899542331695556641e-01
9.742030501365661621e-01,9.969748258590698242e-01
9.572657346725463867e-01,9.996005892753601074e-01
9.832029342651367188e-01,9.898361563682556152e-01
9.800785779953002930e-01,9.888928532600402832e-01
9.672067165374755859e-01,9.750972986221313477e-01
9.982540607452392578e-01,1.000088214874267578e+00
9.621491432189941406e-01,9.829156994819641113e-01
9.831628203392028809e-01,9.898374676704406738e-01
9.689102768898010254e-01,9.940742254257202148e-01
9.699972867965698242e-01,9.900038242340087891e-01
9.499641060829162598e-01,9.989130496978759766e-01
9.961597919464111328e-01,9.958165884017944336e-01
9.791175127029418945e-01,9.871358871459960938e-01
9.921588897705078125e-01,9.860324859619140625e-01
9.781206250190734863e-01,9.769656658172607422e-01
9.831364154815673828e-01,9.769309759140014648e-01
9.759708642959594727e-01,9.949247837066650391e-01
9.670649766921997070e-01,9.789122343063354492e-01
9.890837073326110840e-01,9.889080524444580078e-01
9.671853780746459961e-01,9.778883457183837891e-01
9.974648356437683105e-01,9.906080365180969238e-01
9.934400320053100586e-01,9.989146590232849121e-01
1.000190377235412598e+00,9.977121353149414062e-01
9.759580492973327637e-01,9.859997630119323730e-01
9.547047019004821777e-01,9.849868416786193848e-01
9.681888818740844727e-01,9.778138995170593262e-01
9.740225076675415039e-01,9.780451059341430664e-01
9.750065207481384277e-01,9.959825873374938965e-01
9.958252906799316406e-01,9.830169677734375000e-01
9.938210844993591309e-01,9.759548306465148926e-01
9.962729215621948242e-01,9.950436353683471680e-01
9.780144691467285156e-01,9.938213825225830078e-01
9.851841926574707031e-01,9.857705235481262207e-01
9.622685909271240234e-01,9.832979440689086914e-01
9.570230841636657715e-01,9.789974689483642578e-01
9.772530794143676758e-01,9.807767868041992188e-01
9.531013965606689453e-01,9.970725774765014648e-01
9.893418550491333008e-01,9.780277609825134277e-01
9.589567184448242188e-01,9.957526922225952148e-01
9.635084867477416992e-01,9.884330630302429199e-01
9.971656799316406250e-01,9.928122758865356445e-01
9.509738683700561523e-01,9.810553193092346191e-01
9.944795370101928711e-01,9.953858256340026855e-01
9.669990539550781250e-01,9.938488602638244629e-01
9.914293885231018066e-01,9.859316945075988770e-01
9.752539396286010742e-01,9.954692125320434570e-01
9.506859779357910156e-01,9.781094789505004883e-01
9.893047809600830078e-01,9.941083788871765137e-01
9.872333407402038574e-01,9.950650930404663086e-01
9.658983945846557617e-01,9.840011000633239746e-01
9.850284457206726074e-01,9.839204549789428711e-01
9.630403518676757812e-01,9.968250989913940430e-01
9.740273952484130859e-01,9.950668215751647949e-01
9.902946949005126953e-01,9.848775863647460938e-01
9.809849262237548828e-01,9.920505285263061523e-01
9.610003232955932617e-01,9.751677513122558594e-01
9.889590740203857422e-01,9.810153841972351074e-01
9.829934835433959961e-01,9.889395236968994141e-01
9.840552210807800293e-01,9.859676361083984375e-01
9.553796052932739258e-01,9.969049692153930664e-01
9.999509453773498535e-01,9.810018539428710938e-01
9.880610108375549316e-01,9.908725619316101074e-01
9.811402559280395508e-01,9.908495545387268066e-01
9.729518294334411621e-01,9.928427934646606445e-01
9.780352115631103516e-01,9.969140291213989258e-01
9.720304012298583984e-01,9.860109090805053711e-01
9.521899819374084473e-01,9.978948831558227539e-01
9.971030950546264648e-01,9.859544038772583008e-01
9.698162078857421875e-01,9.849869012832641602e-01
9.729721546173095703e-01,9.788761138916015625e-01
9.625153541564941406e-01,9.874179363250732422e-01
9.865999817848205566e-01,9.765703678131103516e-01
9.621471762657165527e-01,9.937260150909423828e-01
9.699512720108032227e-01,1.000028252601623535e+00
9.577640295028686523e-01,9.756111502647399902e-01
9.739395380020141602e-01,9.949631094932556152e-01
9.843599796295166016e-01,9.834551811218261719e-01
9.579499959945678711e-01,9.819865226745605469e-01
9.639614820480346680e-01,9.769108295440673828e-01
9.649372100830078125e-01,9.769653677940368652e-01
9.650925993919372559e-01,9.990342855453491211e-01
9.513264894485473633e-01,9.768227338790893555e-01
9.800196886062622070e-01,9.969209432601928711e-01
9.550579786300659180e-01,9.757519364356994629e-01
9.550853371620178223e-01,9.968295693397521973e-01
9.712792634963989258e-01,9.862136244773864746e-01
9.846720695495605469e-01,9.986097812652587891e-01
9.810610413551330566e-01,9.869960546493530273e-01
9.517466425895690918e-01,9.919468760490417480e-01
9.699165821075439453e-01,9.831132888793945312e-01
9.960222840309143066e-01,9.819231033325195312e-01
9.587943553924560547e-01,9.751132726669311523e-01
9.851781725883483887e-01,9.808336496353149414e-01
9.833486080169677734e-01,9.778928756713867188e-01
9.570443630218505859e-01,9.889690876007080078e-01
9.872040152549743652e-01,9.849538207054138184e-01
9.669178128242492676e-01,9.968894124031066895e-01
9.938340783119201660e-01,9.829938411712646484e-01
9.831288456916809082e-01,9.783656597137451172e-01
9.559496641159057617e-01,9.809782505035400391e-01
9.621421098709106445e-01,9.830698966979980469e-01
9.761158227920532227e-01,9.988057613372802734e-01
9.518606662750244141e-01,9.987342953681945801e-01
9.690868854522705078e-01,9.849699735641479492e-01
9.689019918441772461e-01,9.820047616958618164e-01
9.941200017929077148e-01,9.808186292648315430e-01
9.902361035346984863e-01,9.780058264732360840e-01
9.550169110298156738e-01,9.958968758583068848e-01
9.659681320190429688e-01,9.939544200897216797e-01
9.991610050201416016e-01,9.998313188552856445e-01
9.610769748687744141e-01,9.817581176757812500e-01
9.979623556137084961e-01,9.810667037963867188e-01
9.729325771331787109e-01,9.989043474197387695e-01
9.960310459136962891e-01,9.752625226974487305e-01
9.739536046981811523e-01,9.868683815002441406e-01
9.739221334457397461e-01,9.869799017906188965e-01
9.798837900161743164e-01,9.919676780700683594e-01
9.851666688919067383e-01,9.820572137832641602e-01
9.587002992630004883e-01,9.961285591125488281e-01
9.701794981956481934e-01,9.858962893486022949e-01
9.619968533515930176e-01,9.888974428176879883e-01
9.740033149719238281e-01,9.789965748786926270e-01
9.841147065162658691e-01,9.950428009033203125e-01
9.944210648536682129e-01,9.779819250106811523e-01
9.801405072212219238e-01,9.918586015701293945e-01
9.581633806228637695e-01,9.858418703079223633e-01
9.660834074020385742e-01,9.809833765029907227e-01
9.689289927482604980e-01,9.840029478073120117e-01
9.982709288597106934e-01,9.958164095878601074e-01
9.762029647827148438e-01,9.864492416381835938e-01
9.872490167617797852e-01,9.780228137969970703e-01
9.778907895088195801e-01,9.991322159767150879e-01
9.993553161621093750e-01,9.998188018798828125e-01
9.700073599815368652e-01,9.880636334419250488e-01
9.590111970901489258e-01,9.940823912620544434e-01
9.768502116203308105e-01,9.780864119529724121e-01
9.749768972396850586e-01,9.829217195510864258e-01
9.689128398895263672e-01,9.770902395248413086e-01
9.710068106651306152e-01,9.989815950393676758e-01
9.882185459136962891e-01,9.816693067550659180e-01
9.539651870727539062e-01,9.809101223945617676e-01
9.671426415443420410e-01,9.907914400100708008e-01
9.721906781196594238e-01,9.880784153938293457e-01
9.923416972160339355e-01,9.919970035552978516e-01
9.997446537017822266e-01,9.755166769027709961e-01
9.572731852531433105e-01,9.909626245498657227e-01
9.628329277038574219e-01,9.899790883064270020e-01
9.944095015525817871e-01,9.789030551910400391e-01
9.520993828773498535e-01,9.771045446395874023e-01
9.830915927886962891e-01,9.965049028396606445e-01
9.888170957565307617e-01,9.909753799438476562e-01
9.751839637756347656e-01,9.848827719688415527e-01
9.622353911399841309e-01,9.800688028335571289e-01
9.580696821212768555e-01,9.930206537246704102e-01
9.666855335235595703e-01,9.817223548889160156e-01
9.891809225082397461e-01,9.779846668243408203e-01
9.622106552124023438e-01,9.838929772377014160e-01
9.509522914886474609e-01,9.890797138214111328e-01
9.531775712966918945e-01,9.908928871154785156e-01
9.808345437049865723e-01,9.944689869880676270e-01
9.799690246582031250e-01,9.929262399673461914e-01
9.821620583534240723e-01,9.948222637176513672e-01
9.763463139533996582e-01,9.808601140975952148e-01
9.609584808349609375e-01,9.831482172012329102e-01
9.642519950866699219e-01,9.997977018356323242e-01
9.561901688575744629e-01,9.899272918701171875e-01
9.749302864074707031e-01,9.859454035758972168e-01
9.949941635131835938e-01,9.789552092552185059e-01
9.510040283203125000e-01,9.840086102485656738e-01
9.580262899398803711e-01,9.918960332870483398e-01
9.821795821189880371e-01,9.759828448295593262e-01
9.779816865921020508e-01,9.999845027923583984e-01
9.527514576911926270e-01,9.870434403419494629e-01
9.600656032562255859e-01,9.948068857192993164e-01
9.972074627876281738e-01,9.948737621307373047e-01
9.768294095993041992e-01,9.820607304573059082e-01
9.960148334503173828e-01,9.966852068901062012e-01
9.929490685462951660e-01,9.859255552291870117e-01
9.713488817214965820e-01,9.882054924964904785e-01
9.540131688117980957e-01,9.899701476097106934e-01
9.589769840240478516e-01,9.879432916641235352e-01
9.910472631454467773e-01,9.850103855133056641e-01
9.960485696792602539e-01,9.889357089996337891e-01
9.841900467872619629e-01,9.779856204986572266e-01
9.609344005584716797e-01,9.889880418777465820e-01
9.881545305252075195e-01,9.790963530540466309e-01
9.790359735488891602e-01,9.827954769134521484e-01
9.541586041450500488e-01,9.999080300331115723e-01
9.629973173141479492e-01,9.989972710609436035e-01
9.754431247711181641e-01,9.983380436897277832e-01
9.891511797904968262e-01,9.930044412612915039e-01
9.559485316276550293e-01,9.799082279205322266e-01
9.680215716361999512e-01,9.759814739227294922e-01
9.659631252288818359e-01,9.876171350479125977e-01
9.621832966804504395e-01,9.889422655105590820e-01
9.910509586334228516e-01,9.803751707077026367e-01
9.661792516708374023e-01,9.940171241760253906e-01
9.729251265525817871e-01,9.859628081321716309e-01
9.882290363311767578e-01,9.798933863639831543e-01
9.912695884704589844e-01,9.889351129531860352e-01
9.568481445312500000e-01,9.838703870773315430e-01
9.869509339332580566e-01,9.898484945297241211e-01
9.769831895828247070e-01,9.869985580444335938e-01
9.669674038887023926e-01,9.830564856529235840e-01
9.982973337173461914e-01,9.869785904884338379e-01
9.622609019279479980e-01,9.960017204284667969e-01
9.940571188926696777e-01,9.830124974250793457e-01
9.990532398223876953e-01,9.865487217903137207e-01
9.550908803939819336e-01,9.810101985931396484e-01
9.561492204666137695e-01,9.869280457496643066e-01
9.590468406677246094e-01,9.981601834297180176e-01
9.562625885009765625e-01,9.798830747604370117e-01
9.770422577857971191e-01,9.799064397811889648e-01
9.851707816123962402e-01,9.752921462059020996e-01
9.930923581123352051e-01,9.859338402748107910e-01
9.681271314620971680e-01,9.868972301483154297e-01
9.843031167984008789e-01,9.809597730636596680e-01
9.528042674064636230e-01,9.900246858596801758e-01
1.000039339065551758e+00,9.889866709709167480e-01
9.985315203666687012e-01,9.773190021514892578e-01
9.661396741867065430e-01,9.921280145645141602e-01
9.929491877555847168e-01,9.821856021881103516e-01
9.650597572326660156e-01,9.808826446533203125e-01
9.975455403327941895e-01,9.804646968841552734e-01
9.730221033096313477e-01,9.819846153259277344e-01
9.634077548980712891e-01,9.804410934448242188e-01
9.820299744606018066e-01,9.999390840530395508e-01
9.942356944084167480e-01,9.760229587554931641e-01
9.690070152282714844e-01,9.858118295669555664e-01
9.699735045433044434e-01,9.759513139724731445e-01
9.568324089050292969e-01,9.828919172286987305e-01
9.679452180862426758e-01,9.810234308242797852e-01
9.507148265838623047e-01,9.860889911651611328e-01
9.871888160705566406e-01,9.978735446929931641e-01
9.673690795898437500e-01,9.869852066040039062e-01
9.980049729347229004e-01,9.819874167442321777e-01
9.910663962364196777e-01,9.868749976158142090e-01
9.930951595306396484e-01,9.939970970153808594e-01
9.518245458602905273e-01,9.879407286643981934e-01
9.641384482383728027e-01,9.838880300521850586e-01
9.609324336051940918e-01,9.850519299507141113e-01
9.727354049682617188e-01,9.889436364173889160e-01
9.649940729141235352e-01,9.829601049423217773e-01
9.503407478332519531e-01,9.782093167304992676e-01
9.503093957901000977e-01,9.776483178138732910e-01
9.597990512847900391e-01,9.811403155326843262e-01
9.769583940505981445e-01,9.839110374450683594e-01
9.768844842910766602e-01,9.899754524230957031e-01
9.729102253913879395e-01,9.879220724105834961e-01
9.799710512161254883e-01,9.939748048782348633e-01
9.589380025863647461e-01,9.818953871726989746e-01
9.808543920516967773e-01,9.870414733886718750e-01
9.831387400627136230e-01,9.859682321548461914e-01
9.531115889549255371e-01,9.948188662528991699e-01
9.661853909492492676e-01,9.888117909431457520e-01
9.635642170906066895e-01,9.797405600547790527e-01
9.971786737442016602e-01,9.980999231338500977e-01
9.649060964584350586e-01,9.749875664710998535e-01
9.770644903182983398e-01,9.750740528106689453e-01
9.921010732650756836e-01,9.879408478736877441e-01
9.739790558815002441e-01,9.809055924415588379e-01
9.819539189338684082e-01,9.970607757568359375e-01
9.650669097900390625e-01,9.987559318542480469e-01
9.841778278350830078e-01,9.960242509841918945e-01
9.979887604713439941e-01,9.810250997543334961e-01
9.863375425338745117e-01,9.970654249191284180e-01
9.689152240753173828e-01,9.839416742324829102e-01
9.567811489105224609e-01,9.759195446968078613e-01
9.810394048690795898e-01,9.888441562652587891e-01
9.830487966537475586e-01,9.998363852500915527e-01
9.502264857292175293e-01,9.985760450363159180e-01
9.930384159088134766e-01,9.990574121475219727e-01
9.960436224937438965e-01,9.909362792968750000e-01
9.771478772163391113e-01,9.779753088951110840e-01
9.749225378036499023e-01,9.889252781867980957e-01
9.677903652191162109e-01,9.775720834732055664e-01
9.750078916549682617e-01,9.780801534652709961e-01
9.558506011962890625e-01,9.950271248817443848e-01
9.850653409957885742e-01,9.950808882713317871e-01
9.631405472755432129e-01,9.977466464042663574e-01
9.820084571838378906e-01,9.829525351524353027e-01
9.790669083595275879e-01,9.790879487991333008e-01
9.590812921524047852e-01,9.829655289649963379e-01
9.799748659133911133e-01,9.938378930091857910e-01
9.881035089492797852e-01,9.779785275459289551e-01
9.821381568908691406e-01,9.870166778564453125e-01
9.799346327781677246e-01,9.819613695144653320e-01
9.881504774093627930e-01,9.888313412666320801e-01
9.880625009536743164e-01,9.759910106658935547e-01
9.701450467109680176e-01,9.899544119834899902e-01
9.790322184562683105e-01,9.829724431037902832e-01
9.911228418350219727e-01,9.833840131759643555e-01
9.550577402114868164e-01,9.790320396423339844e-01
9.870630502700805664e-01,9.749392867088317871e-01
9.507952928543090820e-01,9.948881864547729492e-01
9.943953752517700195e-01,9.897967576980590820e-01
9.569926261901855469e-01,9.820337295532226562e-01
9.538347721099853516e-01,9.990459680557250977e-01
9.592496752738952637e-01,9.969493150711059570e-01
9.506151080131530762e-01,9.789339303970336914e-01
9.502661824226379395e-01,9.946076273918151855e-01
9.659379720687866211e-01,9.979806542396545410e-01
9.731992483139038086e-01,9.986894130706787109e-01
9.888828992843627930e-01,9.930341243743896484e-01
9.698804020881652832e-01,9.949940443038940430e-01
9.792658090591430664e-01,9.939786195755004883e-01
9.631727933883666992e-01,9.909628629684448242e-01
9.568948745727539062e-01,9.840033054351806641e-01
9.762314558029174805e-01,9.808918237686157227e-01
9.840312004089355469e-01,9.908142089843750000e-01
9.561841487884521484e-01,9.918415546417236328e-01
9.567514061927795410e-01,9.904271364212036133e-01
9.527655243873596191e-01,9.899809360504150391e-01
9.972058534622192383e-01,9.919579029083251953e-01
9.770365357398986816e-01,9.833414554595947266e-01
9.526787996292114258e-01,9.970511794090270996e-01
9.641469717025756836e-01,9.990224838256835938e-01
9.990097284317016602e-01,9.831017255783081055e-01
9.811614155769348145e-01,9.828111529350280762e-01
9.560942649841308594e-01,9.899479150772094727e-01
9.583366513252258301e-01,9.979208111763000488e-01
9.881256222724914551e-01,9.993771910667419434e-01
9.953004121780395508e-01,9.760568141937255859e-01
9.771376848220825195e-01,9.867746233940124512e-01
9.670342803001403809e-01,9.750168323516845703e-01
9.860353469848632812e-01,9.981145262718200684e-01
9.823200106620788574e-01,9.781275391578674316e-01
9.943084716796875000e-01,9.907941818237304688e-01
9.872603416442871094e-01,9.860944151878356934e-01
9.911748766899108887e-01,9.950865507125854492e-01
9.689369797706604004e-01,9.999052286148071289e-01
9.659146666526794434e-01,9.829533100128173828e-01
9.720097780227661133e-01,9.810218811035156250e-01
9.611659049987792969e-01,9.825559258460998535e-01
9.770655035972595215e-01,9.809440970420837402e-01
9.890422224998474121e-01,9.767246246337890625e-01
9.810020327568054199e-01,9.809110164642333984e-01
9.504291415214538574e-01,9.769370555877685547e-01
9.881870150566101074e-01,9.919971227645874023e-01
9.680094718933105469e-01,9.900683760643005371e-01
9.855893254280090332e-01,9.750487208366394043e-01
9.870758056640625000e-01,9.899210333824157715e-01
9.749928712844848633e-01,9.827204346656799316e-01
9.589349031448364258e-01,9.800130724906921387e-01
9.872648119926452637e-01,9.808813333511352539e-01
9.958469867706298828e-01,9.830958843231201172e-01
9.650594592094421387e-01,9.968295097351074219e-01
9.670143127441406250e-01,9.830130934715270996e-01
9.871801733970642090e-01,9.830057621002197266e-01
9.923962950706481934e-01,9.819746613502502441e-01
9.651250243186950684e-01,9.868413805961608887e-01
9.740924835205078125e-01,9.780582189559936523e-01
9.770590662956237793e-01,9.828202128410339355e-01
9.630954861640930176e-01,9.811403155326843262e-01
9.518761038780212402e-01,9.849756956100463867e-01
9.779339432716369629e-01,9.809458255767822266e-01
9.782805442810058594e-01,9.837650656700134277e-01
9.559478163719177246e-01,9.780833721160888672e-01
9.517207145690917969e-01,9.790022969245910645e-01
9.717649221420288086e-01,9.887736439704895020e-01
9.691169857978820801e-01,9.771171808242797852e-01
9.569522142410278320e-01,9.996237754821777344e-01
9.740998744964599609e-01,9.798926115036010742e-01
9.771151542663574219e-01,9.819001555442810059e-01
9.752402305603027344e-01,9.829153418540954590e-01
9.846395850181579590e-01,9.911000728607177734e-01
9.530652761459350586e-01,9.799588322639465332e-01
9.980922937393188477e-01,9.869698882102966309e-01
9.830602407455444336e-01,9.799868464469909668e-01
9.678936004638671875e-01,9.837253093719482422e-01
9.821363091468811035e-01,9.798982143402099609e-01
9.661644697189331055e-01,9.848888516426086426e-01
9.679490923881530762e-01,9.940953850746154785e-01
9.850374460220336914e-01,9.935385584831237793e-01
9.589704871177673340e-01,9.760632514953613281e-01
9.893194437026977539e-01,9.825885295867919922e-01
9.528506994247436523e-01,9.776895046234130859e-01
9.517201185226440430e-01,9.781681299209594727e-01
9.758961200714111328e-01,9.869157075881958008e-01
9.515497684478759766e-01,9.939875602722167969e-01
9.974252581596374512e-01,9.779670834541320801e-01
9.561003446578979492e-01,9.890362620353698730e-01
9.928492903709411621e-01,9.967322349548339844e-01
9.548026919364929199e-01,9.790018796920776367e-01
9.871212244033813477e-01,9.908500909805297852e-01
9.964276552200317383e-01,9.868459105491638184e-01
9.520632624626159668e-01,9.969920516014099121e-01
9.707785844802856445e-01,9.749509692192077637e-01
9.761407375335693359e-01,9.858822822570800781e-01
9.641867876052856445e-01,9.859349727630615234e-01
9.689686298370361328e-01,9.780179262161254883e-01
9.731819033622741699e-01,9.996545910835266113e-01
9.941278100013732910e-01,9.949899911880493164e-01
9.558032751083374023e-01,9.811002016067504883e-01
9.700936079025268555e-01,9.817906618118286133e-01
9.965922832489013672e-01,9.847910404205322266e-01
9.546999931335449219e-01,9.769561886787414551e-01
9.660334587097167969e-01,9.799864888191223145e-01
9.578177928924560547e-01,9.758030176162719727e-01
9.650775790214538574e-01,9.828820824623107910e-01
9.631710648536682129e-01,9.869160056114196777e-01
9.912490844726562500e-01,9.789475798606872559e-01
9.521973133087158203e-01,9.788475632667541504e-01
9.513006806373596191e-01,9.758422970771789551e-01
9.742084145545959473e-01,9.809049367904663086e-01
9.520023465156555176e-01,9.788990020751953125e-01
9.982158541679382324e-01,9.929000139236450195e-01
9.870861768722534180e-01,9.959924221038818359e-01
9.951241612434387207e-01,9.929297566413879395e-01
9.911486506462097168e-01,9.968271851539611816e-01
9.778247475624084473e-01,9.900131821632385254e-01
9.800424575805664062e-01,9.900766015052795410e-01
9.570866227149963379e-01,9.892623424530029297e-01
9.891536235809326172e-01,9.950536489486694336e-01
9.843375682830810547e-01,9.914283752441406250e-01
9.922910928726196289e-01,9.960954189300537109e-01
9.910847544670104980e-01,9.921361207962036133e-01
9.527307748794555664e-01,9.850003719329833984e-01
9.657210111618041992e-01,9.871690273284912109e-01
9.599753022193908691e-01,9.791126251220703125e-01
9.620375633239746094e-01,9.770684242248535156e-01
9.799661636352539062e-01,9.839125871658325195e-01
9.972336292266845703e-01,9.879257082939147949e-01
9.939864873886108398e-01,9.889076948165893555e-01
9.689979553222656250e-01,9.948388338088989258e-01
9.506052136421203613e-01,9.829995632171630859e-01
9.530489444732666016e-01,9.791202545166015625e-01
9.649293422698974609e-01,9.809206128120422363e-01
9.529819488525390625e-01,9.839897751808166504e-01
9.603277444839477539e-01,9.901232719421386719e-01
9.749282002449035645e-01,9.783295392990112305e-01
9.791905283927917480e-01,9.818261861801147461e-01
9.971964359283447266e-01,9.889353513717651367e-01
9.600169658660888672e-01,9.998939037322998047e-01
9.740805625915527344e-01,9.899473190307617188e-01
9.822044968605041504e-01,9.859678745269775391e-01
9.941576123237609863e-01,9.758868217468261719e-01
9.850616455078125000e-01,9.850022792816162109e-01
9.810701608657836914e-01,9.990103840827941895e-01
9.681307077407836914e-01,9.897593259811401367e-01
9.589633345603942871e-01,9.809543490409851074e-01
9.890004396438598633e-01,9.829556941986083984e-01
9.856207966804504395e-01,9.936378002166748047e-01
9.511750936508178711e-01,9.909452199935913086e-01
9.961203932762145996e-01,9.849993586540222168e-01
9.548105597496032715e-01,9.880053997039794922e-01
9.580208659172058105e-01,9.789166450500488281e-01
9.988073706626892090e-01,9.979207515716552734e-01
9.516923427581787109e-01,9.889522790908813477e-01
9.659430980682373047e-01,9.908442497253417969e-01
9.670357704162597656e-01,9.934203624725341797e-01
9.729608893394470215e-01,9.918941259384155273e-01
9.568467140197753906e-01,9.760562181472778320e-01
9.821420907974243164e-01,9.751497507095336914e-01
9.901511669158935547e-01,9.799578189849853516e-01
9.580327272415161133e-01,9.770024418830871582e-01
9.581506252288818359e-01,9.829291105270385742e-01
9.641221761703491211e-01,9.879359602928161621e-01
9.831621646881103516e-01,9.888557195663452148e-01
9.680546522140502930e-01,9.909719228744506836e-01
9.990571141242980957e-01,9.962103366851806641e-01
9.508501887321472168e-01,9.898775219917297363e-01
9.579175114631652832e-01,9.848859310150146484e-01
9.658514261245727539e-01,9.980716705322265625e-01
9.942945837974548340e-01,9.928549528121948242e-01
9.678875803947448730e-01,9.980143308639526367e-01
9.718527197837829590e-01,9.970122575759887695e-01
9.742599129676818848e-01,9.829009771347045898e-01
9.548954367637634277e-01,9.822536110877990723e-01
9.856261610984802246e-01,9.796958565711975098e-01
9.912613630294799805e-01,9.779574275016784668e-01
9.771836996078491211e-01,9.888910651206970215e-01
9.811581969261169434e-01,9.908983707427978516e-01
9.820700287818908691e-01,9.859789609909057617e-01
9.557419419288635254e-01,9.820048809051513672e-01
9.640297889709472656e-01,9.819797873497009277e-01
9.689601659774780273e-01,9.829558134078979492e-01
9.612531661987304688e-01,9.839411377906799316e-01
9.624042510986328125e-01,9.799368977546691895e-01
9.690433740615844727e-01,9.810138940811157227e-01
9.981823563575744629e-01,9.829130768775939941e-01
9.950848817825317383e-01,9.949558973312377930e-01
9.991527199745178223e-01,9.959229826927185059e-01
9.669877290725708008e-01,9.819855690002441406e-01
9.669517278671264648e-01,9.838834404945373535e-01
9.720536470413208008e-01,9.937982559204101562e-01
9.930761456489562988e-01,9.970574975013732910e-01
9.882041811943054199e-01,9.868813753128051758e-01
9.792201519012451172e-01,9.839299917221069336e-01
9.679448604583740234e-01,9.849876761436462402e-01
9.707151055335998535e-01,9.990698099136352539e-01
9.781178236007690430e-01,9.960963129997253418e-01
9.890502691268920898e-01,9.825201630592346191e-01
9.873060584068298340e-01,9.789030551910400391e-01
9.670192003250122070e-01,9.759891033172607422e-01
9.538210034370422363e-01,9.869848489761352539e-01
9.659834504127502441e-01,9.830422401428222656e-01
9.821882247924804688e-01,9.918601512908935547e-01
9.903379082679748535e-01,9.970480799674987793e-01
9.577103257179260254e-01,9.923501610755920410e-01
9.669430851936340332e-01,9.810618758201599121e-01
9.819715023040771484e-01,9.768394827842712402e-01
9.809854030609130859e-01,9.948466420173645020e-01
9.975220561027526855e-01,9.929167628288269043e-01
9.579317569732666016e-01,9.859927892684936523e-01
9.810901880264282227e-01,9.986314177513122559e-01
9.583597183227539062e-01,9.997568130493164062e-01
9.557249546051025391e-01,9.849992394447326660e-01
9.719848632812500000e-01,9.809620380401611328e-01
9.650732874870300293e-01,9.748739600181579590e-01
9.883327484130859375e-01,9.848780035972595215e-01
9.514546990394592285e-01,9.949502944946289062e-01
9.500530362129211426e-01,9.928347468376159668e-01
9.671449065208435059e-01,9.858539104461669922e-01
9.509481787681579590e-01,9.750604629516601562e-01
9.901259541511535645e-01,9.810227155685424805e-01
9.741110205650329590e-01,9.949064254760742188e-01
9.978802204132080078e-01,9.762517213821411133e-01
9.679111242294311523e-01,9.920890927314758301e-01
9.568834900856018066e-01,9.751051664352416992e-01
9.727756381034851074e-01,9.979237318038940430e-01
9.612838625907897949e-01,9.949330091476440430e-01
9.983218908309936523e-01,9.998439550399780273e-01
9.882813692092895508e-01,9.836050271987915039e-01
9.882798194885253906e-01,9.960447549819946289e-01
9.720269441604614258e-01,9.838860034942626953e-01
9.579572677612304688e-01,9.969079494476318359e-01
9.671177268028259277e-01,9.879578948020935059e-01
9.983205795288085938e-01,9.941098690032958984e-01
9.669273495674133301e-01,9.768394231796264648e-01
9.699859619140625000e-01,9.878299236297607422e-01
9.751209020614624023e-01,9.880726337432861328e-01
9.891399741172790527e-01,9.960937500000000000e-01
9.788691997528076172e-01,9.999170303344726562e-01
9.821219444274902344e-01,9.812076091766357422e-01
9.851245284080505371e-01,9.849058389663696289e-01
9.790360927581787109e-01,9.869595766067504883e-01
9.970057010650634766e-01,9.949486255645751953e-01
9.921965003013610840e-01,9.789857268333435059e-01
9.819281101226806641e-01,9.949404001235961914e-01
9.741349816322326660e-01,9.997547864913940430e-01
9.780399203300476074e-01,9.790385365486145020e-01
9.811530113220214844e-01,9.868740439414978027e-01
9.922980070114135742e-01,9.849505424499511719e-01
9.692451953887939453e-01,9.977681636810302734e-01
9.669767618179321289e-01,9.858013987541198730e-01
9.749622941017150879e-01,9.969511032104492188e-01
9.928519725799560547e-01,9.760338068008422852e-01
9.750686883926391602e-01,9.878731369972229004e-01
9.519431591033935547e-01,9.945227503776550293e-01
9.548568725585937500e-01,9.862335920333862305e-01
9.890295863151550293e-01,9.918755888938903809e-01
9.609014987945556641e-01,9.970158338546752930e-01
9.881726503372192383e-01,9.819427132606506348e-01
9.716123342514038086e-01,9.776337146759033203e-01
9.750108718872070312e-01,9.981037974357604980e-01
9.577693939208984375e-01,9.869705438613891602e-01
9.662091135978698730e-01,9.881590604782104492e-01
9.641078114509582520e-01,9.970719218254089355e-01
9.556789994239807129e-01,9.888548851013183594e-01
9.511312842369079590e-01,9.847590327262878418e-01
9.740641713142395020e-01,9.908825159072875977e-01
9.589956402778625488e-01,9.995839595794677734e-01
9.670030474662780762e-01,9.749197363853454590e-01
9.880740642547607422e-01,9.829717874526977539e-01
9.800512194633483887e-01,9.849585294723510742e-01
9.669930338859558105e-01,9.828682541847229004e-01
9.589077234268188477e-01,9.889946579933166504e-01
9.717574715614318848e-01,9.840832948684692383e-01
9.964746236801147461e-01,9.828149080276489258e-01
9.692643880844116211e-01,9.879338741302490234e-01
9.991852641105651855e-01,9.819329380989074707e-01
9.730510711669921875e-01,9.849066734313964844e-01
9.993754625320434570e-01,9.759904146194458008e-01
9.522435665130615234e-01,9.930756688117980957e-01
9.840997457504272461e-01,9.950889348983764648e-01
9.708601236343383789e-01,9.775449633598327637e-01
9.829809665679931641e-01,9.940694570541381836e-01
9.750317931175231934e-01,9.919489622116088867e-01
9.992824196815490723e-01,9.828732609748840332e-01
9.511834383010864258e-01,9.898910522460937500e-01
9.860121011734008789e-01,9.903482794761657715e-01
9.972983598709106445e-01,9.799159765243530273e-01
9.922722578048706055e-01,9.850191473960876465e-01
9.788452386856079102e-01,9.950621128082275391e-01
9.940509200096130371e-01,9.849418997764587402e-01
9.848805069923400879e-01,9.895639419555664062e-01
9.968758821487426758e-01,9.830861687660217285e-01
9.890862703323364258e-01,9.967874288558959961e-01
9.990165233612060547e-01,9.790329337120056152e-01
9.830265045166015625e-01,9.980108737945556641e-01
9.740275144577026367e-01,9.978958368301391602e-01
9.599578380584716797e-01,9.772039651870727539e-01
9.629097580909729004e-01,9.943836927413940430e-01
9.730554819107055664e-01,9.828889369964599609e-01
9.533705711364746094e-01,9.979040622711181641e-01
9.965943098068237305e-01,9.782260656356811523e-01
9.939880967140197754e-01,9.859358072280883789e-01
9.664192199707031250e-01,9.797938466072082520e-01
9.870827198028564453e-01,9.849202632904052734e-01
9.931292533874511719e-01,9.918472766876220703e-01
9.726921916007995605e-01,9.967470169067382812e-01
9.798352718353271484e-01,9.999225139617919922e-01
9.903301000595092773e-01,9.751553535461425781e-01
9.851539134979248047e-01,9.931203722953796387e-01
9.711407423019409180e-01,9.909628629684448242e-01
9.558337926864624023e-01,9.766018390655517578e-01
9.987779259681701660e-01,9.997029304504394531e-01
9.521002769470214844e-01,9.757601022720336914e-01
9.516749382019042969e-01,9.960361719131469727e-01
9.769569635391235352e-01,9.849213361740112305e-01
9.955220222473144531e-01,9.952064156532287598e-01
9.910147190093994141e-01,9.850519895553588867e-01
9.622877836227416992e-01,9.957759380340576172e-01
9.538926482200622559e-01,9.951230287551879883e-01
9.609936475753784180e-01,9.968663454055786133e-01
9.691786170005798340e-01,9.838640689849853516e-01
9.949576854705810547e-01,9.809568524360656738e-01
9.841550588607788086e-01,9.751310348510742188e-01
9.862746000289916992e-01,9.820923209190368652e-01
9.924256801605224609e-01,9.789283871650695801e-01
9.868435859680175781e-01,9.927197098731994629e-01
9.809111356735229492e-01,9.819164872169494629e-01
9.731593132019042969e-01,9.959627389907836914e-01
9.760443568229675293e-01,9.800295233726501465e-01
9.719455838203430176e-01,9.878607988357543945e-01
9.682335257530212402e-01,9.976928234100341797e-01
9.960916638374328613e-01,9.880160093307495117e-01
9.723978042602539062e-01,9.861410856246948242e-01
9.790391921997070312e-01,9.809832572937011719e-01
9.670864939689636230e-01,9.749845862388610840e-01
9.861705899238586426e-01,9.948720932006835938e-01
9.978834390640258789e-01,9.887120723724365234e-01
9.620034098625183105e-01,9.839278459548950195e-01
9.609328508377075195e-01,9.848899841308593750e-01
9.660614728927612305e-01,9.997031688690185547e-01
9.820125102996826172e-01,9.809660911560058594e-01
9.509520530700683594e-01,9.797688126564025879e-01
9.903592467308044434e-01,9.808499813079833984e-01
9.871029853820800781e-01,9.977855682373046875e-01
9.871005415916442871e-01,9.929044246673583984e-01
9.882316589355468750e-01,9.930797815322875977e-01
9.719191193580627441e-01,9.799382090568542480e-01
9.690241217613220215e-01,9.989704489707946777e-01
9.572605490684509277e-01,9.807512164115905762e-01
9.951891303062438965e-01,9.848488569259643555e-01
9.708817601203918457e-01,9.859521389007568359e-01
9.760358333587646484e-01,9.799797534942626953e-01
9.636626243591308594e-01,9.969560503959655762e-01
9.727445244789123535e-01,9.933800697326660156e-01
9.679207801818847656e-01,9.970445632934570312e-01
9.973951578140258789e-01,9.866706132888793945e-01
9.668186902999877930e-01,9.939637184143066406e-01
9.698323011398315430e-01,9.970618486404418945e-01
9.742259979248046875e-01,9.959065914154052734e-01
9.661413431167602539e-01,9.818485975265502930e-01
9.821560978889465332e-01,9.909726977348327637e-01
9.932837486267089844e-01,9.980773925781250000e-01
9.898200631141662598e-01,9.919198155403137207e-01
9.678944349288940430e-01,9.839442968368530273e-01
9.820288419723510742e-01,9.939116239547729492e-01
9.700142145156860352e-01,9.749984741210937500e-01
9.922150373458862305e-01,9.980239868164062500e-01
9.870369434356689453e-01,9.958055019378662109e-01
9.791411161422729492e-01,9.918231368064880371e-01
9.728828668594360352e-01,9.979066848754882812e-01
9.588863849639892578e-01,9.858953356742858887e-01
9.900913238525390625e-01,9.805855154991149902e-01
9.862195253372192383e-01,9.967830181121826172e-01
9.730550050735473633e-01,9.770027995109558105e-01
9.830095767974853516e-01,9.920036196708679199e-01
9.686688184738159180e-01,9.877696037292480469e-01
9.497446417808532715e-01,9.949115514755249023e-01
9.939046502113342285e-01,9.809300303459167480e-01
1.000145673751831055e+00,9.798851609230041504e-01
9.689877033233642578e-01,9.819288253784179688e-01
9.596945047378540039e-01,9.757562875747680664e-01
9.515310525894165039e-01,9.839052557945251465e-01
9.556009769439697266e-01,9.997042417526245117e-01
9.549297094345092773e-01,9.978443980216979980e-01
9.790754914283752441e-01,9.760247468948364258e-01
9.979485273361206055e-01,9.980226755142211914e-01
9.750627875328063965e-01,9.750570654869079590e-01
9.698977470397949219e-01,9.988945126533508301e-01
9.512237310409545898e-01,9.820952415466308594e-01
9.509506821632385254e-01,9.980364441871643066e-01
9.970712065696716309e-01,9.779187440872192383e-01
9.719794392585754395e-01,9.819715619087219238e-01
9.890990853309631348e-01,9.888914227485656738e-01
9.980486631393432617e-01,9.900289773941040039e-01
9.579180479049682617e-01,9.968065619468688965e-01
9.749271273612976074e-01,9.928928613662719727e-01
9.702302217483520508e-01,9.819440245628356934e-01
9.902843832969665527e-01,9.940351843833923340e-01
9.590365886688232422e-01,9.879897236824035645e-01
9.621059298515319824e-01,9.780008196830749512e-01
9.600495100021362305e-01,9.957071542739868164e-01
9.498034119606018066e-01,9.960206747055053711e-01
9.923740029335021973e-01,9.819639325141906738e-01
9.955528378486633301e-01,9.782067537307739258e-01
9.529017210006713867e-01,9.870582222938537598e-01
9.644264578819274902e-01,9.847538471221923828e-01
9.769197702407836914e-01,9.869322776794433594e-01
9.609634876251220703e-01,9.749349951744079590e-01
9.540386795997619629e-01,9.959599971771240234e-01
9.789986014366149902e-01,9.809958338737487793e-01
9.730368852615356445e-01,9.879327416419982910e-01
9.949858188629150391e-01,9.979555606842041016e-01
9.891825914382934570e-01,9.769699573516845703e-01
9.894989132881164551e-01,9.872348308563232422e-01
9.506835341453552246e-01,9.839690923690795898e-01
9.550682306289672852e-01,9.970386028289794922e-01
9.669665694236755371e-01,9.819088578224182129e-01
9.970902204513549805e-01,9.898467659950256348e-01
9.831773638725280762e-01,9.859011769294738770e-01
9.530737400054931641e-01,9.968461394309997559e-01
9.508030414581298828e-01,9.820196032524108887e-01
9.660413265228271484e-01,9.967592954635620117e-01
9.729762673377990723e-01,9.909938573837280273e-01
9.778125882148742676e-01,9.970691204071044922e-01
9.949876070022583008e-01,9.819706678390502930e-01
9.856710433959960938e-01,9.960501194000244141e-01
9.801542758941650391e-01,9.870449304580688477e-01
9.881727099418640137e-01,9.859306812286376953e-01
9.860126972198486328e-01,9.761280417442321777e-01
9.976719617843627930e-01,9.782328605651855469e-01
9.532567858695983887e-01,9.984964132308959961e-01
9.511418342590332031e-01,9.756630659103393555e-01
9.500287771224975586e-01,9.760590791702270508e-01
9.501625895500183105e-01,9.899483919143676758e-01
9.750446081161499023e-01,9.888958334922790527e-01
9.600839614868164062e-01,9.769763350486755371e-01
9.871508479118347168e-01,9.859422445297241211e-01
9.501844644546508789e-01,9.888482093811035156e-01
9.536952972412109375e-01,9.995153546333312988e-01
9.851095676422119141e-01,9.869823455810546875e-01
9.991139173507690430e-01,9.992127418518066406e-01
9.808182716369628906e-01,9.929611682891845703e-01
9.871081113815307617e-01,9.780434966087341309e-01
9.812271595001220703e-01,9.899992346763610840e-01
9.797756671905517578e-01,9.967932105064392090e-01
9.729400277137756348e-01,9.830358028411865234e-01
9.791321158409118652e-01,9.760463833808898926e-01
9.718810319900512695e-01,9.920287132263183594e-01
9.578565359115600586e-01,9.749163985252380371e-01
9.600787162780761719e-01,9.908633232116699219e-01
9.951862692832946777e-01,9.818754196166992188e-01
9.689498543739318848e-01,9.780750274658203125e-01
9.550139307975769043e-01,9.760088324546813965e-01
9.597233533859252930e-01,9.950803518295288086e-01
9.869639873504638672e-01,9.919984340667724609e-01
9.550898671150207520e-01,9.762631654739379883e-01
9.937717914581298828e-01,9.820218682289123535e-01
9.589686393737792969e-01,9.829137325286865234e-01
9.984398484230041504e-01,9.919805526733398438e-01
9.911416769027709961e-01,9.819030165672302246e-01
9.872356057167053223e-01,9.860019087791442871e-01
9.905087947845458984e-01,9.864663481712341309e-01
9.640039205551147461e-01,9.849425554275512695e-01
9.910516738891601562e-01,9.829597473144531250e-01
9.569326639175415039e-01,9.990560412406921387e-01
9.956449270248413086e-01,9.989681839942932129e-01
9.787667989730834961e-01,9.805053472518920898e-01
9.816238880157470703e-01,9.872667789459228516e-01
9.579560756683349609e-01,9.750607609748840332e-01
9.790777564048767090e-01,9.937465190887451172e-01
9.649475812911987305e-01,9.829996824264526367e-01
9.839305877685546875e-01,9.860278964042663574e-01
9.630878567695617676e-01,9.830071330070495605e-01
9.510794878005981445e-01,9.928395152091979980e-01
9.550486207008361816e-01,9.900029897689819336e-01
9.539056420326232910e-01,9.849759936332702637e-01
9.901559948921203613e-01,9.959852695465087891e-01
9.832679033279418945e-01,9.798965454101562500e-01
9.767982363700866699e-01,9.817258119583129883e-01
9.973185062408447266e-01,9.988751411437988281e-01
9.849697947502136230e-01,9.908939599990844727e-01
9.710417389869689941e-01,9.769644141197204590e-01
9.530030488967895508e-01,9.996916055679321289e-01
9.800019860267639160e-01,9.820354580879211426e-01
9.669192433357238770e-01,9.791162610054016113e-01
9.522824287414550781e-01,9.987074732780456543e-01
9.819511175155639648e-01,9.889928698539733887e-01
9.749909639358520508e-01,9.899194836616516113e-01
9.772552251815795898e-01,9.798955917358398438e-01
9.578974246978759766e-01,9.791138768196105957e-01
9.527111053466796875e-01,9.884466528892517090e-01
9.639490842819213867e-01,9.989706873893737793e-01
9.582110643386840820e-01,9.979355931282043457e-01
9.951120615005493164e-01,9.849101305007934570e-01
9.980185031890869141e-01,9.779902100563049316e-01
9.500820636749267578e-01,9.790937304496765137e-01
9.659438729286193848e-01,9.961044788360595703e-01
9.971773028373718262e-01,9.760826826095581055e-01
9.791624546051025391e-01,9.898750782012939453e-01
9.681454896926879883e-01,9.859502911567687988e-01
9.619905352592468262e-01,9.919614195823669434e-01
9.657519459724426270e-01,9.992489814758300781e-01
9.549870491027832031e-01,9.760169982910156250e-01
9.952068328857421875e-01,9.908637404441833496e-01
9.818287491798400879e-01,9.884289503097534180e-01
9.813198447227478027e-01,9.848152995109558105e-01
9.892048239707946777e-01,9.770659804344177246e-01
9.504913687705993652e-01,9.800951480865478516e-01
9.950723648071289062e-01,9.799458980560302734e-01
9.761474132537841797e-01,9.987053275108337402e-01
9.672923088073730469e-01,9.953564405441284180e-01
9.630742669105529785e-01,9.799827337265014648e-01
9.841284155845642090e-01,9.979265928268432617e-01
9.691233038902282715e-01,9.868954420089721680e-01
9.842392802238464355e-01,9.928305149078369141e-01
9.990730881690979004e-01,9.753023386001586914e-01
9.682138562202453613e-01,9.869646430015563965e-01
9.831214547157287598e-01,9.929996132850646973e-01
9.909064769744873047e-01,9.780393838882446289e-01
9.640209078788757324e-01,9.840198755264282227e-01
9.562665224075317383e-01,9.761734008789062500e-01
9.629300832748413086e-01,9.916267395019531250e-01
9.903602600097656250e-01,9.759221673011779785e-01
9.810506105422973633e-01,9.859358668327331543e-01
9.536135196685791016e-01,9.779862165451049805e-01
9.953071475028991699e-01,9.919513463973999023e-01
9.650861024856567383e-01,9.987647533416748047e-01
9.529780149459838867e-01,9.989089965820312500e-01
9.983339905738830566e-01,9.848893880844116211e-01
9.958546161651611328e-01,9.809824228286743164e-01
9.704314470291137695e-01,9.804841279983520508e-01
9.841568470001220703e-01,9.869915843009948730e-01
9.620233178138732910e-01,9.789638519287109375e-01
9.920469522476196289e-01,9.759662747383117676e-01
9.809792637825012207e-01,9.940239191055297852e-01
9.748020768165588379e-01,9.860305786132812500e-01
9.516859054565429688e-01,9.801846146583557129e-01
9.950268268585205078e-01,9.790146946907043457e-01
9.901412725448608398e-01,9.939359426498413086e-01
9.691246747970581055e-01,9.770463705062866211e-01
9.913171529769897461e-01,9.769402146339416504e-01
9.679659008979797363e-01,9.898145794868469238e-01
9.950847625732421875e-01,9.940930604934692383e-01
9.903439283370971680e-01,9.999831914901733398e-01
9.651216268539428711e-01,9.868943691253662109e-01
9.571017026901245117e-01,9.908397793769836426e-01
9.919819831848144531e-01,9.801074266433715820e-01
9.579749107360839844e-01,9.948673248291015625e-01
9.879264831542968750e-01,9.885898232460021973e-01
9.910409450531005859e-01,9.919807314872741699e-01
9.670155048370361328e-01,9.781079292297363281e-01
9.749100804328918457e-01,9.920529723167419434e-01
9.580602049827575684e-01,9.779696464538574219e-01
9.759184122085571289e-01,9.889885187149047852e-01
9.699032902717590332e-01,9.749650359153747559e-01
9.840612411499023438e-01,9.781001210212707520e-01
9.712840914726257324e-01,9.751623272895812988e-01
9.963226914405822754e-01,9.945484399795532227e-01
9.821115732192993164e-01,9.750407338142395020e-01
9.880301952362060547e-01,9.859869480133056641e-01
9.498882293701171875e-01,9.829803705215454102e-01
9.598236083984375000e-01,9.749181270599365234e-01
9.769397377967834473e-01,9.890028238296508789e-01
9.999932050704956055e-01,9.840589761734008789e-01
9.508800506591796875e-01,9.958996772766113281e-01
9.689158797264099121e-01,9.899264574050903320e-01
9.730312824249267578e-01,9.859364032745361328e-01
9.799500703811645508e-01,9.809084534645080566e-01
9.843250513076782227e-01,9.981047511100769043e-01
9.951224923133850098e-01,9.889391660690307617e-01
9.981318712234497070e-01,9.909012317657470703e-01
9.910694956779479980e-01,9.898834228515625000e-01
9.893410205841064453e-01,9.780327081680297852e-01
9.557544589042663574e-01,9.910533428192138672e-01
9.749723672866821289e-01,9.771566987037658691e-01
9.507203698158264160e-01,9.750673770904541016e-01
9.528852701187133789e-01,9.840836524963378906e-01
9.920066595077514648e-01,9.848759174346923828e-01
9.630409479141235352e-01,9.771291017532348633e-01
9.997640848159790039e-01,9.939926266670227051e-01
9.539594650268554688e-01,9.790612459182739258e-01
9.701557159423828125e-01,9.994165897369384766e-01
9.755602478981018066e-01,9.948061704635620117e-01
9.881052970886230469e-01,9.808950424194335938e-01
9.740965366363525391e-01,9.830142855644226074e-01
9.620586633682250977e-01,9.888908863067626953e-01
9.942486286163330078e-01,9.977240562438964844e-01
9.820687174797058105e-01,9.991225004196166992e-01
9.779218435287475586e-01,9.989362955093383789e-01
9.831551313400268555e-01,9.796800017356872559e-01
9.910907149314880371e-01,9.780334234237670898e-01
9.551538228988647461e-01,9.987218379974365234e-01
9.741883873939514160e-01,9.769470691680908203e-01
9.996692538261413574e-01,9.986261129379272461e-01
9.588796496391296387e-01,9.790250062942504883e-01
9.568729400634765625e-01,9.928085803985595703e-01
9.578814506530761719e-01,9.989666938781738281e-01
9.910099506378173828e-01,9.876198768615722656e-01
9.902554750442504883e-01,9.899764060974121094e-01
9.551319479942321777e-01,9.948900341987609863e-01
9.997584819793701172e-01,9.753815531730651855e-01
9.870659112930297852e-01,9.920424818992614746e-01
9.921417236328125000e-01,9.898931980133056641e-01
9.790707230567932129e-01,9.819096326828002930e-01
9.830603599548339844e-01,9.881618022918701172e-01
9.647509455680847168e-01,9.809366464614868164e-01
1.000120162963867188e+00,9.915586709976196289e-01
9.939693212509155273e-01,9.929617047309875488e-01
9.830952882766723633e-01,9.829581379890441895e-01
9.560511112213134766e-01,9.967484474182128906e-01
9.625046253204345703e-01,9.804268479347229004e-01
9.831553697586059570e-01,9.979420900344848633e-01
9.600514173507690430e-01,9.829396605491638184e-01
9.581428766250610352e-01,9.911761879920959473e-01
9.614697694778442383e-01,9.927150607109069824e-01
9.770076274871826172e-01,9.860380291938781738e-01
9.670522212982177734e-01,9.910356402397155762e-01
9.738678932189941406e-01,9.999367594718933105e-01
9.721121788024902344e-01,9.998961091041564941e-01
9.990972280502319336e-01,1.000027060508728027e+00
9.981051683425903320e-01,9.968565702438354492e-01
9.629800915718078613e-01,9.969966411590576172e-01
9.501091241836547852e-01,9.879839420318603516e-01
9.542189240455627441e-01,9.928749799728393555e-01
9.973716735839843750e-01,9.899384379386901855e-01
9.962010979652404785e-01,9.850075244903564453e-01
9.530812501907348633e-01,9.899078607559204102e-01
9.770945310592651367e-01,9.829695820808410645e-01
9.901462793350219727e-01,9.789259433746337891e-01
9.741296172142028809e-01,9.779987335205078125e-01
9.964340925216674805e-01,9.919694066047668457e-01
9.643113613128662109e-01,9.818518161773681641e-01
9.517238140106201172e-01,9.887832403182983398e-01
9.589642882347106934e-01,9.760408997535705566e-01
9.730684757232666016e-01,9.887585639953613281e-01
9.848032593727111816e-01,9.947750568389892578e-01
9.901890754699707031e-01,9.781274199485778809e-01
9.862149953842163086e-01,9.890030622482299805e-01
9.879805445671081543e-01,9.947497844696044922e-01
9.990420937538146973e-01,9.815544486045837402e-01
9.749453067779541016e-01,9.909076094627380371e-01
9.591302275657653809e-01,9.851141571998596191e-01
9.668480753898620605e-01,9.829957485198974609e-01
9.549894928932189941e-01,9.795764684677124023e-01
9.640128612518310547e-01,9.839679002761840820e-01
9.600242376327514648e-01,9.920281767845153809e-01
9.527087807655334473e-01,9.771396517753601074e-01
9.799227118492126465e-01,9.790557622909545898e-01
9.538437128067016602e-01,9.791820645332336426e-01
9.529604911804199219e-01,9.859288930892944336e-01
9.807312488555908203e-01,9.750692844390869141e-01
9.560220241546630859e-01,9.818848967552185059e-01
9.901371598243713379e-01,9.950203895568847656e-01
9.779363870620727539e-01,9.950577616691589355e-01
9.932602643966674805e-01,9.808688163757324219e-01
9.706933498382568359e-01,9.999873638153076172e-01
9.861502051353454590e-01,9.850662350654602051e-01
9.958457350730895996e-01,9.751400947570800781e-01
9.709702730178833008e-01,9.760131239891052246e-01
9.689637422561645508e-01,9.848933219909667969e-01
9.660859107971191406e-01,9.988646507263183594e-01
9.889432787895202637e-01,9.899682402610778809e-01
9.609816074371337891e-01,9.850118756294250488e-01
9.800164103507995605e-01,9.750351905822753906e-01
9.552804231643676758e-01,9.818705320358276367e-01
9.549437761306762695e-01,9.806537628173828125e-01
9.570167660713195801e-01,9.891108274459838867e-01
9.859825372695922852e-01,9.880067110061645508e-01
9.821002483367919922e-01,9.867640137672424316e-01
9.790288209915161133e-01,9.859415292739868164e-01
9.841041564941406250e-01,9.819270372390747070e-01
9.787744283676147461e-01,9.941412210464477539e-01
9.628858566284179688e-01,9.939139485359191895e-01
9.739571809768676758e-01,9.878976941108703613e-01
9.509886503219604492e-01,9.800407886505126953e-01
9.800778627395629883e-01,9.929395318031311035e-01
9.619368314743041992e-01,9.919968843460083008e-01
9.629648923873901367e-01,9.879065155982971191e-01
9.850678443908691406e-01,9.971157312393188477e-01
9.950546026229858398e-01,9.818378686904907227e-01
9.569460153579711914e-01,9.768783450126647949e-01
9.579672813415527344e-01,9.858273267745971680e-01
9.599292874336242676e-01,9.809315800666809082e-01
9.511772394180297852e-01,9.989691972732543945e-01
9.608688354492187500e-01,9.897673130035400391e-01
9.961752891540527344e-01,9.918543100357055664e-01
9.953051209449768066e-01,9.888966083526611328e-01
9.653534293174743652e-01,9.940652847290039062e-01
9.509397745132446289e-01,9.947576522827148438e-01
9.852074384689331055e-01,9.988858699798583984e-01
9.718345999717712402e-01,9.929795265197753906e-01
9.524241685867309570e-01,9.965933561325073242e-01
9.640091061592102051e-01,9.770981669425964355e-01
9.851124286651611328e-01,9.839541316032409668e-01
9.618361592292785645e-01,9.791290760040283203e-01
9.670698642730712891e-01,9.839949607849121094e-01
9.889775514602661133e-01,9.999943971633911133e-01
9.718532562255859375e-01,9.848602414131164551e-01
9.541650414466857910e-01,9.819306135177612305e-01
9.670242071151733398e-01,9.988650083541870117e-01
9.600064754486083984e-01,9.830726385116577148e-01
9.531890153884887695e-01,9.939935207366943359e-01
9.980504512786865234e-01,9.889824986457824707e-01
9.659249186515808105e-01,9.859904050827026367e-01
9.538079500198364258e-01,9.769635796546936035e-01
9.558570384979248047e-01,9.940316081047058105e-01
9.922441840171813965e-01,9.960173368453979492e-01
9.800828695297241211e-01,9.999573230743408203e-01
9.590224623680114746e-01,9.858770370483398438e-01
9.677113294601440430e-01,9.803104996681213379e-01
9.850955605506896973e-01,9.910273551940917969e-01
9.997471570968627930e-01,9.901452064514160156e-01
9.676738381385803223e-01,9.767818450927734375e-01
9.533603191375732422e-01,9.810668826103210449e-01
9.699300527572631836e-01,9.950325489044189453e-01
9.730331897735595703e-01,9.770995378494262695e-01
9.720359444618225098e-01,9.930416345596313477e-01
9.590533971786499023e-01,9.939392805099487305e-01
9.870945215225219727e-01,9.929228425025939941e-01
9.831498861312866211e-01,9.849128723144531250e-01
9.733133316040039062e-01,9.878496527671813965e-01
9.722495675086975098e-01,9.917762875556945801e-01
9.880818128585815430e-01,9.809374809265136719e-01
9.699619412422180176e-01,9.909858703613281250e-01
9.801177978515625000e-01,9.998546838760375977e-01
9.853851795196533203e-01,9.816609621047973633e-01
9.529523253440856934e-01,9.860217571258544922e-01
9.660082459449768066e-01,9.928753376007080078e-01
9.759759902954101562e-01,9.809600114822387695e-01
9.811728000640869141e-01,9.878988862037658691e-01
9.903168082237243652e-01,9.889247417449951172e-01
9.581266641616821289e-01,9.839466810226440430e-01
9.600653052330017090e-01,9.859040975570678711e-01
9.998115301132202148e-01,9.767669439315795898e-01
9.912365078926086426e-01,9.908195734024047852e-01
9.901980757713317871e-01,9.887595772743225098e-01
9.947531819343566895e-01,9.755452275276184082e-01
9.601141214370727539e-01,9.808854460716247559e-01
9.932925105094909668e-01,9.810118079185485840e-01
9.541609287261962891e-01,9.898414611816406250e-01
9.938413500785827637e-01,9.751847386360168457e-01
9.637936949729919434e-01,9.880008101463317871e-01
9.682762026786804199e-01,9.779216647148132324e-01
9.770432114601135254e-01,9.966746568679809570e-01
9.727946519851684570e-01,9.804024696350097656e-01
9.822016954421997070e-01,9.760076403617858887e-01
9.930009841918945312e-01,9.830252528190612793e-01
9.581089019775390625e-01,9.990569353103637695e-01
9.682282209396362305e-01,9.838697910308837891e-01
9.999382495880126953e-01,9.999033808708190918e-01
9.567675590515136719e-01,9.810648560523986816e-01
9.903761148452758789e-01,9.988064765930175781e-01
9.921364188194274902e-01,9.940876364707946777e-01
9.890288114547729492e-01,9.939173460006713867e-01
9.777092337608337402e-01,9.987652301788330078e-01
9.881957769393920898e-01,9.807711839675903320e-01
9.537988305091857910e-01,9.820197224617004395e-01
9.966639280319213867e-01,9.836888909339904785e-01
9.924434423446655273e-01,9.859166145324707031e-01
9.881042838096618652e-01,9.897996187210083008e-01
9.688143730163574219e-01,9.968657493591308594e-01
9.921287298202514648e-01,9.910812973976135254e-01
9.820299148559570312e-01,9.895470142364501953e-01
9.756982922554016113e-01,9.829332828521728516e-01
9.562342166900634766e-01,9.836999177932739258e-01
9.983184337615966797e-01,9.949916601181030273e-01
9.719610214233398438e-01,9.989461302757263184e-01
9.562017917633056641e-01,9.752627015113830566e-01
9.759303927421569824e-01,9.968411326408386230e-01
9.983897805213928223e-01,9.770199656486511230e-01
9.961948394775390625e-01,9.820128679275512695e-01
9.820590019226074219e-01,9.979818463325500488e-01
9.529393315315246582e-01,9.752454161643981934e-01
9.798867702484130859e-01,9.782762527465820312e-01
9.650937318801879883e-01,9.848552942276000977e-01
9.536855816841125488e-01,9.799346327781677246e-01
9.630786776542663574e-01,9.779858589172363281e-01
9.760497808456420898e-01,9.838472008705139160e-01
9.891211986541748047e-01,9.781430959701538086e-01
9.851099848747253418e-01,9.898976683616638184e-01
9.781196117401123047e-01,9.918101429939270020e-01
9.707455635070800781e-01,9.928007125854492188e-01
9.668804407119750977e-01,9.879699945449829102e-01
9.959960579872131348e-01,9.790875911712646484e-01
9.608761668205261230e-01,9.909837245941162109e-01
9.971402883529663086e-01,9.929023981094360352e-01
9.550316333770751953e-01,9.850051403045654297e-01
9.600276350975036621e-01,9.879835247993469238e-01
9.831166267395019531e-01,9.868578910827636719e-01
9.509592652320861816e-01,9.781237840652465820e-01
9.650781154632568359e-01,9.820370674133300781e-01
9.700366854667663574e-01,9.819301962852478027e-01
9.820782542228698730e-01,9.947766065597534180e-01
1.000047683715820312e+00,9.849730134010314941e-01
9.858598709106445312e-01,9.886921048164367676e-01
9.815448522567749023e-01,9.883646965026855469e-01
9.869741797447204590e-01,9.889602065086364746e-01
9.618336558341979980e-01,9.759718179702758789e-01
9.822903275489807129e-01,9.828592538833618164e-01
9.517314434051513672e-01,9.878591299057006836e-01
9.851100444793701172e-01,9.929988384246826172e-01
9.953190684318542480e-01,9.950308203697204590e-01
9.831587672233581543e-01,9.981781244277954102e-01
9.521698951721191406e-01,9.946472048759460449e-01
9.912049770355224609e-01,9.845847487449645996e-01
9.902504682540893555e-01,9.838809967041015625e-01
9.580284357070922852e-01,9.930955171585083008e-01
9.941342473030090332e-01,9.879298210144042969e-01
9.859114885330200195e-01,9.988565444946289062e-01
9.661427736282348633e-01,9.760137796401977539e-01
9.760103225708007812e-01,9.819622039794921875e-01
9.818187355995178223e-01,9.788926839828491211e-01
9.580827951431274414e-01,9.920394420623779297e-01
9.879511594772338867e-01,9.790408015251159668e-01
9.519079327583312988e-01,9.979841709136962891e-01
9.921323060989379883e-01,9.810032844543457031e-01
9.549707174301147461e-01,9.808414578437805176e-01
9.727336764335632324e-01,9.823541045188903809e-01
9.822132587432861328e-01,9.868870973587036133e-01
9.890211820602416992e-01,9.957109093666076660e-01
9.806727170944213867e-01,9.966849088668823242e-01
9.698598980903625488e-01,9.939628839492797852e-01
9.851744771003723145e-01,9.977865219116210938e-01
9.601550698280334473e-01,9.849419593811035156e-01
9.859530329704284668e-01,9.919397830963134766e-01
9.858712553977966309e-01,9.790743589401245117e-01
9.689414501190185547e-01,9.970894455909729004e-01
9.862698316574096680e-01,9.870228767395019531e-01
9.891457557678222656e-01,9.869570136070251465e-01
9.529734849929809570e-01,9.959571957588195801e-01
9.553817510604858398e-01,9.979448318481445312e-01
9.561513066291809082e-01,9.950089454650878906e-01
9.782294034957885742e-01,9.888356328010559082e-01
9.790014624595642090e-01,9.989640116691589355e-01
9.830496907234191895e-01,9.938745498657226562e-01
9.571949243545532227e-01,9.834867715835571289e-01
9.920383691787719727e-01,9.859584569931030273e-01
9.903839826583862305e-01,9.811219573020935059e-01
9.660938978195190430e-01,9.808502793312072754e-01
9.851326942443847656e-01,9.968462586402893066e-01
9.830956459045410156e-01,9.990112781524658203e-01
9.699351787567138672e-01,9.770776629447937012e-01
9.662083387374877930e-01,9.993141293525695801e-01
9.833062887191772461e-01,9.799114465713500977e-01
9.728459715843200684e-01,9.939327836036682129e-01
9.731162190437316895e-01,9.949433803558349609e-01
9.890009164810180664e-01,9.898943901062011719e-01
9.933280944824218750e-01,9.773400425910949707e-01
9.760315418243408203e-01,9.750242233276367188e-01
9.531460404396057129e-01,9.947648048400878906e-01
9.880118370056152344e-01,9.939553141593933105e-01
9.954928159713745117e-01,9.984995126724243164e-01
9.672223925590515137e-01,9.780929088592529297e-01
9.710037708282470703e-01,9.771390557289123535e-01
9.899308681488037109e-01,9.869503378868103027e-01
9.812718629837036133e-01,9.799971580505371094e-01
9.749603867530822754e-01,9.799517989158630371e-01
9.761005043983459473e-01,9.838325977325439453e-01
9.881350398063659668e-01,9.869915843009948730e-01
9.737311005592346191e-01,9.969687461853027344e-01
9.880281686782836914e-01,9.771280288696289062e-01
9.850400090217590332e-01,9.771317243576049805e-01
9.612923860549926758e-01,9.997003674507141113e-01
9.861320257186889648e-01,9.870176911354064941e-01
9.520058631896972656e-01,9.868493080139160156e-01
9.636662006378173828e-01,9.993394613265991211e-01
9.661198854446411133e-01,9.947471022605895996e-01
9.710746407508850098e-01,9.800277352333068848e-01
9.553138017654418945e-01,9.849106073379516602e-01
9.851312637329101562e-01,9.919224977493286133e-01
9.760381579399108887e-01,9.868969917297363281e-01
9.780099987983703613e-01,9.898878335952758789e-01
9.504038095474243164e-01,9.828594923019409180e-01
9.568247795104980469e-01,9.830730557441711426e-01
9.802448153495788574e-01,9.809710979461669922e-01
9.750005006790161133e-01,9.919619560241699219e-01
9.581321477890014648e-01,9.957633614540100098e-01
9.850412607192993164e-01,9.878969192504882812e-01
9.689217805862426758e-01,9.989498257637023926e-01
9.678762555122375488e-01,9.838582277297973633e-01
9.781023263931274414e-01,9.848782420158386230e-01
9.659485816955566406e-01,9.789270162582397461e-01
9.541352987289428711e-01,9.832062721252441406e-01
9.921471476554870605e-01,9.879291057586669922e-01
9.591311812400817871e-01,9.831192493438720703e-01
9.649084210395812988e-01,9.869657158851623535e-01
9.992102980613708496e-01,9.981403946876525879e-01
9.872602224349975586e-01,9.959846735000610352e-01
9.989836215972900391e-01,9.829813241958618164e-01
9.916651248931884766e-01,9.892233610153198242e-01
9.972828626632690430e-01,9.830956459045410156e-01
9.697511792182922363e-01,9.919481873512268066e-01
9.677782654762268066e-01,9.841952323913574219e-01
9.700095653533935547e-01,9.829004406929016113e-01
9.810695052146911621e-01,9.771414399147033691e-01
9.501404762268066406e-01,9.846105575561523438e-01
9.578387141227722168e-01,9.869121909141540527e-01
9.521061182022094727e-01,9.748582839965820312e-01
9.551660418510437012e-01,9.920638799667358398e-01
9.846290349960327148e-01,9.823932647705078125e-01
9.901772141456604004e-01,9.996364116668701172e-01
9.591940641403198242e-01,9.758793115615844727e-01
9.621126055717468262e-01,9.890211820602416992e-01
9.530333280563354492e-01,9.950336813926696777e-01
9.541084170341491699e-01,9.799717664718627930e-01
9.879332780838012695e-01,9.888612031936645508e-01
9.821397066116333008e-01,9.890558123588562012e-01
9.928854107856750488e-01,9.959332942962646484e-01
9.624707102775573730e-01,9.880384206771850586e-01
9.821285009384155273e-01,9.999837279319763184e-01
9.631176590919494629e-01,9.937578439712524414e-01
9.751167297363281250e-01,9.780282974243164062e-01
9.603515863418579102e-01,9.753596782684326172e-01
9.954286217689514160e-01,9.970644116401672363e-01
9.830565452575683594e-01,9.915142655372619629e-01
9.890951514244079590e-01,9.993078708648681641e-01
9.861689805984497070e-01,9.828680157661437988e-01
9.932444095611572266e-01,9.858057498931884766e-01
9.790366291999816895e-01,9.996867775917053223e-01
9.517631530761718750e-01,9.919429421424865723e-01
9.829298257827758789e-01,9.889899492263793945e-01
9.708857536315917969e-01,9.780080914497375488e-01
9.709728360176086426e-01,9.929192066192626953e-01
9.680572748184204102e-01,9.780241847038269043e-01
9.829360842704772949e-01,9.918675422668457031e-01
9.698755741119384766e-01,9.840757250785827637e-01
9.561543464660644531e-01,9.957538843154907227e-01
9.993804693222045898e-01,9.792382717132568359e-01
9.552100896835327148e-01,9.858023524284362793e-01
9.503114819526672363e-01,9.888699650764465332e-01
9.901335239410400391e-01,9.951171875000000000e-01
9.849237799644470215e-01,9.880295991897583008e-01
9.568098783493041992e-01,9.825651645660400391e-01
9.669218063354492188e-01,9.971039891242980957e-01
9.871492981910705566e-01,9.769858121871948242e-01
9.679365158081054688e-01,9.771730899810791016e-01
9.809489846229553223e-01,9.960148930549621582e-01
9.599731564521789551e-01,9.809353351593017578e-01
9.952489733695983887e-01,9.898190498352050781e-01
1.000033617019653320e+00,9.950970411300659180e-01
9.830793142318725586e-01,9.819734096527099609e-01
9.851226806640625000e-01,1.000000834465026855e+00
9.970055818557739258e-01,9.869067072868347168e-01
9.549957513809204102e-01,9.760997891426086426e-01
9.852057695388793945e-01,9.969578981399536133e-01
9.997245669364929199e-01,9.991943836212158203e-01
9.993484616279602051e-01,9.889851808547973633e-01
9.579923152923583984e-01,9.859520196914672852e-01
9.719216823577880859e-01,9.928863048553466797e-01
9.999098181724548340e-01,9.849583506584167480e-01
9.680954813957214355e-01,9.780968427658081055e-01
9.903079271316528320e-01,9.847971200942993164e-01
9.530850052833557129e-01,9.978458285331726074e-01
9.551478624343872070e-01,9.898013472557067871e-01
9.879308938980102539e-01,9.898608922958374023e-01
9.631189107894897461e-01,9.750849008560180664e-01
9.827561974525451660e-01,9.836625456809997559e-01
9.780292510986328125e-01,9.860453605651855469e-01
9.982938766479492188e-01,9.880105257034301758e-01
9.548671245574951172e-01,9.859374165534973145e-01
9.741774201393127441e-01,9.840949773788452148e-01
9.791795015335083008e-01,9.918197989463806152e-01
9.910404682159423828e-01,9.838758707046508789e-01
9.608731269836425781e-01,9.990520477294921875e-01
9.791195988655090332e-01,9.758111238479614258e-01
9.552119374275207520e-01,9.998703002929687500e-01
9.781371355056762695e-01,9.821722507476806641e-01
9.644650220870971680e-01,9.843363165855407715e-01
9.498946666717529297e-01,9.950493574142456055e-01
9.841108322143554688e-01,9.880308508872985840e-01
9.972230195999145508e-01,9.759548306465148926e-01
9.912175536155700684e-01,9.761155843734741211e-01
9.820610284805297852e-01,9.899972081184387207e-01
9.651035666465759277e-01,9.800274372100830078e-01
9.880540370941162109e-01,9.909846782684326172e-01
9.770502448081970215e-01,9.959251880645751953e-01
9.691222906112670898e-01,9.877630472183227539e-01
9.893190264701843262e-01,9.771434664726257324e-01
9.779919981956481934e-01,9.799755215644836426e-01
9.998853206634521484e-01,9.928263425827026367e-01
9.613982439041137695e-01,9.840363264083862305e-01
9.920359849929809570e-01,9.820140004158020020e-01
9.679641127586364746e-01,9.850041866302490234e-01
9.582219123840332031e-01,9.838692545890808105e-01
9.710901975631713867e-01,9.829771518707275391e-01
9.697507619857788086e-01,9.979617595672607422e-01
9.757230281829833984e-01,9.811705946922302246e-01
9.737327694892883301e-01,9.966164827346801758e-01
9.749681949615478516e-01,9.767333865165710449e-01
9.860298633575439453e-01,9.967864155769348145e-01
9.768726229667663574e-01,9.829709529876708984e-01
9.984523057937622070e-01,9.829795360565185547e-01
9.760895967483520508e-01,9.898788332939147949e-01
9.879334568977355957e-01,9.866420030593872070e-01
9.999724030494689941e-01,9.971268177032470703e-01
9.861749410629272461e-01,9.800486564636230469e-01
9.548515677452087402e-01,9.836708903312683105e-01
9.630556106567382812e-01,9.887368679046630859e-01
9.709268808364868164e-01,9.919853210449218750e-01
9.641275405883789062e-01,9.839656949043273926e-01
9.800795316696166992e-01,9.916149377822875977e-01
9.832378625869750977e-01,9.877662658691406250e-01
9.894136190414428711e-01,9.903799891471862793e-01
9.874621629714965820e-01,9.838942289352416992e-01
9.948873519897460938e-01,9.961075782775878906e-01
9.639503955841064453e-01,9.760105013847351074e-01
9.951964020729064941e-01,9.998632073402404785e-01
9.943531751632690430e-01,9.878777861595153809e-01
9.629634618759155273e-01,9.909671545028686523e-01
9.838547110557556152e-01,9.899629950523376465e-01
9.882509112358093262e-01,9.839288592338562012e-01
9.538141489028930664e-01,9.870337247848510742e-01
9.672017097473144531e-01,9.848617315292358398e-01
9.810225367546081543e-01,9.770591855049133301e-01
9.629171490669250488e-01,9.940357208251953125e-01
9.841003417968750000e-01,9.749356508255004883e-01
9.509027004241943359e-01,9.788951873779296875e-01
9.581214189529418945e-01,9.928385019302368164e-01
9.701671004295349121e-01,9.839604496955871582e-01
9.808445572853088379e-01,9.750220775604248047e-01
9.992169141769409180e-01,9.790040254592895508e-01
9.821103215217590332e-01,9.849969744682312012e-01
9.538137912750244141e-01,9.909481406211853027e-01
9.557950496673583984e-01,9.820439815521240234e-01
9.854857325553894043e-01,9.959803819656372070e-01
9.830882549285888672e-01,9.869060516357421875e-01
9.963226318359375000e-01,9.941564798355102539e-01
9.590965509414672852e-01,9.829124808311462402e-01
9.951092600822448730e-01,9.780415892601013184e-01
9.682164192199707031e-01,9.869339466094970703e-01
9.881480336189270020e-01,9.878894686698913574e-01
9.901864528656005859e-01,9.899605512619018555e-01
9.741597771644592285e-01,9.977814555168151855e-01
9.841612577438354492e-01,9.819009304046630859e-01
9.831298589706420898e-01,9.949822425842285156e-01
9.841258525848388672e-01,9.989928007125854492e-01
9.860141277313232422e-01,9.820438623428344727e-01
9.700290560722351074e-01,9.779396057128906250e-01
1.000105142593383789e+00,9.859818220138549805e-01
9.910973906517028809e-01,9.878373146057128906e-01
9.932559728622436523e-01,9.981665015220642090e-01
9.941666126251220703e-01,9.781399965286254883e-01
9.638813734054565430e-01,9.969910383224487305e-01
9.881920218467712402e-01,9.990377426147460938e-01
9.652079343795776367e-01,9.940661191940307617e-01
9.569864273071289062e-01,9.869306087493896484e-01
9.531109333038330078e-01,9.779554605484008789e-01
9.598112106323242188e-01,9.979133605957031250e-01
9.830580949783325195e-01,9.854833483695983887e-01
9.987584352493286133e-01,9.759977459907531738e-01
9.869931936264038086e-01,9.939572215080261230e-01
9.860029816627502441e-01,9.855433106422424316e-01
9.609235525131225586e-01,9.840270876884460449e-01
9.830982685089111328e-01,9.819794893264770508e-01
9.850838184356689453e-01,9.841681122779846191e-01
9.631327986717224121e-01,9.820522069931030273e-01
9.637104272842407227e-01,9.776636362075805664e-01
9.761390686035156250e-01,9.928736090660095215e-01
9.551053047180175781e-01,9.939804077148437500e-01
9.941279292106628418e-01,9.957515001296997070e-01
9.570045471191406250e-01,9.800270795822143555e-01
9.798178076744079590e-01,9.939997196197509766e-01
9.869530200958251953e-01,9.800437092781066895e-01
9.712512493133544922e-01,9.888321757316589355e-01
9.799081087112426758e-01,9.970138669013977051e-01
9.640344381332397461e-01,9.780451655387878418e-01
9.560742378234863281e-01,9.863517880439758301e-01
9.967913627624511719e-01,9.920541048049926758e-01
9.569428563117980957e-01,9.928818345069885254e-01
9.662294387817382812e-01,9.887929558753967285e-01
9.818951487541198730e-01,9.981133937835693359e-01
9.661347270011901855e-01,9.799565672874450684e-01
9.720605015754699707e-01,9.819890856742858887e-01
9.912070035934448242e-01,9.888881444931030273e-01
9.980737566947937012e-01,9.879441261291503906e-01
9.538158774375915527e-01,9.888864755630493164e-01
9.883036017417907715e-01,9.996435642242431641e-01
9.982208609580993652e-01,9.852183461189270020e-01
9.843347072601318359e-01,9.868793487548828125e-01
9.609594345092773438e-01,9.879381656646728516e-01
9.770936369895935059e-01,9.888867139816284180e-01
9.570816755294799805e-01,9.979807138442993164e-01
9.690147638320922852e-01,9.818826317787170410e-01
9.871716499328613281e-01,9.998674392700195312e-01
9.975572824478149414e-01,9.769696593284606934e-01
9.597957134246826172e-01,9.849932789802551270e-01
9.810403585433959961e-01,9.990063905715942383e-01
9.689890742301940918e-01,9.979248046875000000e-01
9.779366850852966309e-01,9.820248484611511230e-01
9.640032052993774414e-01,9.919944405555725098e-01
9.940873384475708008e-01,9.948470592498779297e-01
9.972597360610961914e-01,9.960678815841674805e-01
9.502061009407043457e-01,9.897872805595397949e-01
9.851801991462707520e-01,9.960271716117858887e-01
9.729088544845581055e-01,9.969726800918579102e-01
9.942244887351989746e-01,9.920678138732910156e-01
9.790887832641601562e-01,9.967802762985229492e-01
9.951655864715576172e-01,9.758760333061218262e-01
9.831587076187133789e-01,9.984374046325683594e-01
9.787617921829223633e-01,9.765720367431640625e-01
9.781267642974853516e-01,9.957962036132812500e-01
9.759890437126159668e-01,9.760715961456298828e-01
9.718582630157470703e-01,9.899958968162536621e-01
9.994156360626220703e-01,9.921094775199890137e-01
9.640386700630187988e-01,9.889447689056396484e-01
9.536087512969970703e-01,9.949363470077514648e-01
9.830628633499145508e-01,9.928917884826660156e-01
9.570448994636535645e-01,9.881203770637512207e-01
9.519746303558349609e-01,9.779503345489501953e-01
9.951856136322021484e-01,9.809967875480651855e-01
9.909751415252685547e-01,9.938881993293762207e-01
9.529265165328979492e-01,9.930152297019958496e-01
9.640513062477111816e-01,9.836626052856445312e-01
9.527471661567687988e-01,9.980606436729431152e-01
9.530376791954040527e-01,9.768078327178955078e-01
9.610615372657775879e-01,9.997117519378662109e-01
9.997092485427856445e-01,9.917770624160766602e-01
9.527369737625122070e-01,9.949277639389038086e-01
9.982086420059204102e-01,9.991694092750549316e-01
9.869884848594665527e-01,9.880649447441101074e-01
9.919864535331726074e-01,9.838082194328308105e-01
9.943913221359252930e-01,9.868665337562561035e-01
9.560896754264831543e-01,9.868321418762207031e-01
9.941385984420776367e-01,9.831417798995971680e-01
9.606323242187500000e-01,9.938269853591918945e-01
9.841146469116210938e-01,9.928294420242309570e-01
9.652263522148132324e-01,9.779599905014038086e-01
9.509849548339843750e-01,9.829964041709899902e-01
9.570868015289306641e-01,9.918465614318847656e-01
9.508867859840393066e-01,9.849376678466796875e-01
9.840772151947021484e-01,9.948770999908447266e-01
9.670790433883666992e-01,9.993712902069091797e-01
9.748493432998657227e-01,9.751307964324951172e-01
9.758681654930114746e-01,9.798184633255004883e-01
9.731228947639465332e-01,9.818199872970581055e-01
9.630109071731567383e-01,9.839187860488891602e-01
9.580591320991516113e-01,9.879293441772460938e-01
9.871033430099487305e-01,9.992461800575256348e-01
9.661265611648559570e-01,9.987325668334960938e-01
9.911571145057678223e-01,9.899268150329589844e-01
9.872305393218994141e-01,9.849075078964233398e-01
9.580728411674499512e-01,9.859423637390136719e-01
9.507321715354919434e-01,9.860001802444458008e-01
9.606119394302368164e-01,9.955778121948242188e-01
9.902399182319641113e-01,9.840233325958251953e-01
9.503363966941833496e-01,9.789757132530212402e-01
9.619625806808471680e-01,9.940276145935058594e-01
9.991251230239868164e-01,9.820574522018432617e-01
9.690637588500976562e-01,9.940699934959411621e-01
9.770144224166870117e-01,9.979199171066284180e-01
9.640255570411682129e-01,9.970197677612304688e-01
9.818807840347290039e-01,9.780911803245544434e-01
9.649813771247863770e-01,9.799079895019531250e-01
9.902341365814208984e-01,9.750803709030151367e-01
9.621772766113281250e-01,9.751525521278381348e-01
9.962452650070190430e-01,9.859985113143920898e-01
9.700533151626586914e-01,9.954661726951599121e-01
9.592088460922241211e-01,9.999700784683227539e-01
9.870066046714782715e-01,9.750853776931762695e-01
9.722204208374023438e-01,9.847785234451293945e-01
9.639120101928710938e-01,9.899926185607910156e-01
9.510411620140075684e-01,9.828842878341674805e-01
9.662858843803405762e-01,9.929542541503906250e-01
9.880864620208740234e-01,9.948323965072631836e-01
9.508485198020935059e-01,9.869569540023803711e-01
9.750198125839233398e-01,9.819100499153137207e-01
9.530168175697326660e-01,9.879804253578186035e-01
9.721170663833618164e-01,9.908746480941772461e-01
9.982000589370727539e-01,9.859308004379272461e-01
9.905911684036254883e-01,9.759069681167602539e-01
9.694081544876098633e-01,9.796494245529174805e-01
9.871895313262939453e-01,9.859184622764587402e-01
9.649223089218139648e-01,9.939718842506408691e-01
9.851410388946533203e-01,9.880074858665466309e-01
9.922453761100769043e-01,9.930797219276428223e-01
9.581650495529174805e-01,9.946213960647583008e-01
9.832169413566589355e-01,9.798323512077331543e-01
9.992043972015380859e-01,9.755618572235107422e-01
9.501926898956298828e-01,9.820235371589660645e-01
9.824796915054321289e-01,9.940333366394042969e-01
9.790779352188110352e-01,9.819086790084838867e-01
9.959810376167297363e-01,9.840167760848999023e-01
9.983796477317810059e-01,9.888920187950134277e-01
9.779220819473266602e-01,9.967620372772216797e-01
9.877949357032775879e-01,9.927039146423339844e-01
9.910263419151306152e-01,9.908981919288635254e-01
9.911238551139831543e-01,9.899540543556213379e-01
9.960823059082031250e-01,9.789799451828002930e-01
9.716464281082153320e-01,9.976148605346679688e-01
9.568979144096374512e-01,9.778046011924743652e-01
9.730467200279235840e-01,9.948263764381408691e-01
9.863717555999755859e-01,9.828211665153503418e-01
9.499848484992980957e-01,9.801742434501647949e-01
9.819420576095581055e-01,9.982966184616088867e-01
9.760729074478149414e-01,9.939039349555969238e-01
9.557636976242065430e-01,9.790257215499877930e-01
9.820574522018432617e-01,9.758200049400329590e-01
9.893838167190551758e-01,9.848242998123168945e-01
9.840605854988098145e-01,9.859837293624877930e-01
9.570310115814208984e-01,9.808999300003051758e-01
9.619616270065307617e-01,9.839975833892822266e-01
9.997261166572570801e-01,9.998771548271179199e-01
9.560520648956298828e-01,9.929037094116210938e-01
9.970945119857788086e-01,9.879466891288757324e-01
9.630578160285949707e-01,9.919887781143188477e-01
9.678618311882019043e-01,9.959914684295654297e-01
9.565564393997192383e-01,9.994452595710754395e-01
9.922043085098266602e-01,9.968290328979492188e-01
9.582394957542419434e-01,9.765048623085021973e-01
9.998694062232971191e-01,9.889574050903320312e-01
9.703531265258789062e-01,9.963977336883544922e-01
9.740379452705383301e-01,9.849631786346435547e-01
9.709631204605102539e-01,9.919612407684326172e-01
9.728085398674011230e-01,9.888519048690795898e-01
9.943959712982177734e-01,9.999856352806091309e-01
9.839259982109069824e-01,9.800582528114318848e-01
9.531208276748657227e-01,9.909926652908325195e-01
9.621453285217285156e-01,9.869274497032165527e-01
9.861574172973632812e-01,9.828816056251525879e-01
9.849966764450073242e-01,9.869573116302490234e-01
9.619928598403930664e-01,9.819732904434204102e-01
9.769923090934753418e-01,9.800019860267639160e-01
9.981876611709594727e-01,9.991608262062072754e-01
9.499796628952026367e-01,9.948860406875610352e-01
9.661386013031005859e-01,9.780558347702026367e-01
9.570807814598083496e-01,9.961163401603698730e-01
9.810844659805297852e-01,9.778349995613098145e-01
9.619211554527282715e-01,9.908969998359680176e-01
9.800918698310852051e-01,9.929803013801574707e-01
9.973915815353393555e-01,9.978465437889099121e-01
9.894624352455139160e-01,9.808617830276489258e-01
9.796757102012634277e-01,9.886411428451538086e-01
9.727640748023986816e-01,9.818693995475769043e-01
9.781635999679565430e-01,9.779844880104064941e-01
9.548353552818298340e-01,9.818235635757446289e-01
9.850969314575195312e-01,9.939185380935668945e-01
9.660246372222900391e-01,9.935096502304077148e-01
9.508998990058898926e-01,9.979387521743774414e-01
9.870996475219726562e-01,9.968008399009704590e-01
9.739410281181335449e-01,9.988197684288024902e-01
9.529118537902832031e-01,9.899314045906066895e-01
9.721794128417968750e-01,9.799175858497619629e-01
9.940831065177917480e-01,9.948931932449340820e-01
9.922418594360351562e-01,9.992204308509826660e-01
9.810442924499511719e-01,9.918999671936035156e-01
9.828988313674926758e-01,9.781597852706909180e-01
9.599857926368713379e-01,9.859172105789184570e-01
9.630095958709716797e-01,9.809507131576538086e-01
9.934785366058349609e-01,9.937976598739624023e-01
9.699250459671020508e-01,9.849783778190612793e-01
9.895057082176208496e-01,9.958416819572448730e-01
9.791058897972106934e-01,9.948188662528991699e-01
9.758343696594238281e-01,9.757878780364990234e-01
9.548066854476928711e-01,9.879757761955261230e-01
9.998793005943298340e-01,9.772457480430603027e-01
9.726554155349731445e-01,9.895834922790527344e-01
1.000015854835510254e+00,9.928970336914062500e-01
9.703810811042785645e-01,9.914765357971191406e-01
9.639909267425537109e-01,9.929411411285400391e-01
9.931830167770385742e-01,9.751216173171997070e-01
9.893032908439636230e-01,9.839127659797668457e-01
9.925069808959960938e-01,9.869587421417236328e-01
9.621000289916992188e-01,9.778085947036743164e-01
9.531803131103515625e-01,9.828652739524841309e-01
9.990133047103881836e-01,9.890707731246948242e-01
9.973050951957702637e-01,9.828895926475524902e-01
9.770181179046630859e-01,9.750751852989196777e-01
9.591007828712463379e-01,9.798574447631835938e-01
9.728252887725830078e-01,9.939916729927062988e-01
9.710895419120788574e-01,9.749765396118164062e-01
9.820727705955505371e-01,9.969435334205627441e-01
9.981969594955444336e-01,9.849908947944641113e-01
9.832155704498291016e-01,9.969580769538879395e-01
9.630368351936340332e-01,9.847996234893798828e-01
9.923737049102783203e-01,9.991430044174194336e-01
9.732465744018554688e-01,9.828448295593261719e-01
9.901647567749023438e-01,9.770275950431823730e-01
9.910845756530761719e-01,9.829540252685546875e-01
9.628876447677612305e-01,9.899140000343322754e-01
9.921611547470092773e-01,9.829822182655334473e-01
9.581309556961059570e-01,9.818573594093322754e-01
9.899085760116577148e-01,9.894782304763793945e-01
9.629335999488830566e-01,9.919103384017944336e-01
9.881689548492431641e-01,9.929949045181274414e-01
9.551538825035095215e-01,9.879377484321594238e-01
9.688735604286193848e-01,9.899960160255432129e-01
9.772553443908691406e-01,9.759799838066101074e-01
9.601353406906127930e-01,9.918880462646484375e-01
9.951377511024475098e-01,9.879905581474304199e-01
9.984631538391113281e-01,9.919566512107849121e-01
9.943928718566894531e-01,9.970045089721679688e-01
9.669941067695617676e-01,9.889453053474426270e-01
9.669419527053833008e-01,9.909093379974365234e-01
9.913199543952941895e-01,9.962304830551147461e-01
9.787889122962951660e-01,9.909563660621643066e-01
9.660179615020751953e-01,9.989380240440368652e-01
9.580605626106262207e-01,9.751651287078857422e-01
9.989466071128845215e-01,9.946076273918151855e-01
9.973100423812866211e-01,9.849927425384521484e-01
9.831218123435974121e-01,9.788349866867065430e-01
9.729695916175842285e-01,9.829900860786437988e-01
9.903896450996398926e-01,9.829351305961608887e-01
9.650800228118896484e-01,9.829188585281372070e-01
9.941685795783996582e-01,9.948732256889343262e-01
9.659637212753295898e-01,9.878324270248413086e-01
9.590137004852294922e-01,9.790793657302856445e-01
9.669152498245239258e-01,9.919008016586303711e-01
9.540558457374572754e-01,9.857420921325683594e-01
9.518666863441467285e-01,9.930282235145568848e-01
9.799752235412597656e-01,9.958921670913696289e-01
9.829300642013549805e-01,9.940114021301269531e-01
9.669833183288574219e-01,9.920276403427124023e-01
9.820204377174377441e-01,9.937739372253417969e-01
9.541371464729309082e-01,9.908967614173889160e-01
9.779999852180480957e-01,9.919202327728271484e-01
9.527850151062011719e-01,9.920577406883239746e-01
9.720005989074707031e-01,9.822747707366943359e-01
9.528814554214477539e-01,9.970111846923828125e-01
9.503517150878906250e-01,9.959428310394287109e-01
9.503330588340759277e-01,9.868489503860473633e-01
9.748188257217407227e-01,9.939957261085510254e-01
9.698108434677124023e-01,9.769018888473510742e-01
9.580589532852172852e-01,9.820779561996459961e-01
9.819613695144653320e-01,9.859004020690917969e-01
9.679868817329406738e-01,9.879761338233947754e-01
9.954989552497863770e-01,9.779952168464660645e-01
9.934517741203308105e-01,9.879050850868225098e-01
9.750224351882934570e-01,9.829808473587036133e-01
9.580034017562866211e-01,9.928917884826660156e-01
9.892655611038208008e-01,9.889158606529235840e-01
9.930141568183898926e-01,9.959161281585693359e-01
9.923964738845825195e-01,9.888453483581542969e-01
9.699078202247619629e-01,9.974102377891540527e-01
9.688142538070678711e-01,9.979298710823059082e-01
9.840021133422851562e-01,9.979637265205383301e-01
9.710226655006408691e-01,9.839782118797302246e-01
9.612166881561279297e-01,9.969956874847412109e-01
9.669808745384216309e-01,9.929717183113098145e-01
9.589686989784240723e-01,9.988861083984375000e-01
9.527704715728759766e-01,9.810870289802551270e-01
9.752259254455566406e-01,9.818606972694396973e-01
9.611884951591491699e-01,9.789513349533081055e-01
9.601722955703735352e-01,9.818593263626098633e-01
9.538052082061767578e-01,9.920218586921691895e-01
9.751034975051879883e-01,9.977644085884094238e-01
9.810702204704284668e-01,9.758490324020385742e-01
9.560465216636657715e-01,9.898645877838134766e-01
9.691464304924011230e-01,9.898793697357177734e-01
9.749761819839477539e-01,9.948810338973999023e-01
9.984340071678161621e-01,9.819406270980834961e-01
9.789451360702514648e-01,9.929217100143432617e-01
9.631016254425048828e-01,9.849735498428344727e-01
9.840231537818908691e-01,9.951335787773132324e-01
9.709619879722595215e-01,9.886686801910400391e-01
9.963133931159973145e-01,9.999635815620422363e-01
9.730592370033264160e-01,9.799586534500122070e-01
9.769628643989562988e-01,9.968448877334594727e-01
9.770984053611755371e-01,9.859116077423095703e-01
9.892078638076782227e-01,9.838959574699401855e-01
9.660607576370239258e-01,9.810119271278381348e-01
9.532275199890136719e-01,9.948955178260803223e-01
9.611927270889282227e-01,9.829115867614746094e-01
9.849991798400878906e-01,9.751153588294982910e-01
9.962010383605957031e-01,9.970256090164184570e-01
9.780168533325195312e-01,9.990845918655395508e-01
9.939821958541870117e-01,9.940123558044433594e-01
9.974261522293090820e-01,9.750618934631347656e-01
9.507491588592529297e-01,9.997429847717285156e-01
9.548195004463195801e-01,9.840439558029174805e-01
9.901549220085144043e-01,9.819135665893554688e-01
9.920921325683593750e-01,9.870314002037048340e-01
9.681949019432067871e-01,9.808608293533325195e-01
9.801012277603149414e-01,9.807886481285095215e-01
9.722416400909423828e-01,9.789704084396362305e-01
9.738643169403076172e-01,9.759014248847961426e-01
9.991413950920104980e-01,9.850122332572937012e-01
9.759639501571655273e-01,9.909322857856750488e-01
9.811707735061645508e-01,9.890832901000976562e-01
9.721817970275878906e-01,9.908490180969238281e-01
9.589474201202392578e-01,9.849678277969360352e-01
9.950512647628784180e-01,9.868731498718261719e-01
9.923013448715209961e-01,9.783063530921936035e-01
9.550991654396057129e-01,9.848495125770568848e-01
9.820454716682434082e-01,9.940170049667358398e-01
9.798531532287597656e-01,9.960714578628540039e-01
9.541846513748168945e-01,9.789461493492126465e-01
9.865611195564270020e-01,9.906455874443054199e-01
9.750638008117675781e-01,9.759997725486755371e-01
9.710099101066589355e-01,9.758690595626831055e-01
9.537249803543090820e-01,9.750239849090576172e-01
9.720896482467651367e-01,9.869656562805175781e-01
9.779637455940246582e-01,9.780371785163879395e-01
9.700345396995544434e-01,9.790197014808654785e-01
9.600348472595214844e-01,9.798548817634582520e-01
9.991365671157836914e-01,9.900351166725158691e-01
9.712106585502624512e-01,9.859257936477661133e-01
9.802776575088500977e-01,9.871366620063781738e-01
9.681062698364257812e-01,9.938566684722900391e-01
9.722079038619995117e-01,9.756718873977661133e-01
9.922438859939575195e-01,9.898739457130432129e-01
9.790742397308349609e-01,9.760520458221435547e-01
9.630568623542785645e-01,9.937872886657714844e-01
9.660996794700622559e-01,9.900288581848144531e-01
9.829576015472412109e-01,9.908908605575561523e-01
9.987632632255554199e-01,9.779425263404846191e-01
9.561104774475097656e-01,9.967269897460937500e-01
9.658888578414916992e-01,9.888814687728881836e-01
9.749975800514221191e-01,9.858664274215698242e-01
9.610812664031982422e-01,9.977908134460449219e-01
9.539794921875000000e-01,9.751010537147521973e-01
9.952172636985778809e-01,9.850909113883972168e-01
9.570508599281311035e-01,9.991391897201538086e-01
9.940989613533020020e-01,9.790259003639221191e-01
9.668796658515930176e-01,9.889916181564331055e-01
9.720506072044372559e-01,9.818726778030395508e-01
9.963678121566772461e-01,9.780308008193969727e-01
9.630243778228759766e-01,9.980084896087646484e-01
9.809900522232055664e-01,9.820202589035034180e-01
9.611063003540039062e-01,9.868972301483154297e-01
9.959332346916198730e-01,9.998615980148315430e-01
9.816417098045349121e-01,9.899738430976867676e-01
9.684370756149291992e-01,9.942532181739807129e-01
9.881842732429504395e-01,9.772539138793945312e-01
9.548102617263793945e-01,9.909812808036804199e-01
9.881283044815063477e-01,9.910068511962890625e-01
9.994090795516967773e-01,9.846630096435546875e-01
9.721670150756835938e-01,9.758962392807006836e-01
9.942802786827087402e-01,9.960243105888366699e-01
9.921088218688964844e-01,9.999749064445495605e-01
9.952882528305053711e-01,9.929332733154296875e-01
9.537055492401123047e-01,9.976354837417602539e-01
9.690287113189697266e-01,9.839193820953369141e-01
9.639985561370849609e-01,9.968350529670715332e-01
9.640694856643676758e-01,9.998134374618530273e-01
9.700771570205688477e-01,9.820190668106079102e-01
9.601641893386840820e-01,9.899200797080993652e-01
9.979720711708068848e-01,9.829360842704772949e-01
9.840981364250183105e-01,9.880170822143554688e-01
9.799984097480773926e-01,9.819236993789672852e-01
9.869723916053771973e-01,9.899296760559082031e-01
9.891600012779235840e-01,9.897775650024414062e-01
9.685567021369934082e-01,9.810249805450439453e-01
9.820367097854614258e-01,9.950187802314758301e-01
9.997834563255310059e-01,9.831269979476928711e-01
9.763591289520263672e-01,9.762402772903442383e-01
9.869720935821533203e-01,9.829711318016052246e-01
9.788248538970947266e-01,9.958618879318237305e-01
9.799120426177978516e-01,9.980304241180419922e-01
9.929077029228210449e-01,9.819473028182983398e-01
9.582185745239257812e-01,9.748185276985168457e-01
9.977821707725524902e-01,9.760512113571166992e-01
9.940915703773498535e-01,9.909446835517883301e-01
9.986140727996826172e-01,9.910907149314880371e-01
9.711101055145263672e-01,9.949325323104858398e-01
9.618779420852661133e-01,9.849480986595153809e-01
9.518983364105224609e-01,9.860745668411254883e-01
9.559347629547119141e-01,9.789821505546569824e-01
9.640929102897644043e-01,9.899911880493164062e-01
9.912005662918090820e-01,9.779968261718750000e-01
9.538568258285522461e-01,9.750143289566040039e-01
1.000188589096069336e+00,9.899684190750122070e-01
9.874775409698486328e-01,9.826797246932983398e-01
9.830867052078247070e-01,9.989401102066040039e-01
9.962623119354248047e-01,9.859576821327209473e-01
9.729113578796386719e-01,9.982690811157226562e-01
9.790626168251037598e-01,9.799002408981323242e-01
9.902570247650146484e-01,9.880249500274658203e-01
9.628623127937316895e-01,9.949026703834533691e-01
9.990912675857543945e-01,9.919102787971496582e-01
9.770496487617492676e-01,9.760047197341918945e-01
9.679806232452392578e-01,9.764734506607055664e-01
9.680864214897155762e-01,9.934246540069580078e-01
9.741090536117553711e-01,9.990017414093017578e-01
9.961063861846923828e-01,9.810248613357543945e-01
9.901549220085144043e-01,9.780904054641723633e-01
9.650071859359741211e-01,9.777706861495971680e-01
9.963549375534057617e-01,9.818919301033020020e-01
9.953659176826477051e-01,9.908882379531860352e-01
9.952612519264221191e-01,9.826052188873291016e-01
9.902518987655639648e-01,9.858926534652709961e-01
9.741646647453308105e-01,9.818524122238159180e-01
9.620525240898132324e-01,9.770113825798034668e-01
9.740499854087829590e-01,9.930129647254943848e-01
9.650759100914001465e-01,9.879478216171264648e-01
9.708328247070312500e-01,9.842827916145324707e-01
9.550150632858276367e-01,9.929065704345703125e-01
9.628794193267822266e-01,9.989837408065795898e-01
9.860609173774719238e-01,9.983440637588500977e-01
9.789240360260009766e-01,9.800464510917663574e-01
9.709490537643432617e-01,9.939175248146057129e-01
9.742174744606018066e-01,9.878176450729370117e-01
9.521841406822204590e-01,9.949410557746887207e-01
9.743248224258422852e-01,9.957866668701171875e-01
9.619971513748168945e-01,9.848756194114685059e-01
9.590595960617065430e-01,9.909538030624389648e-01
9.998560547828674316e-01,9.865667819976806641e-01
9.729239344596862793e-01,9.759944677352905273e-01
9.801338911056518555e-01,9.808965921401977539e-01
9.891692399978637695e-01,9.929482936859130859e-01
9.860897660255432129e-01,9.789465069770812988e-01
9.648873805999755859e-01,9.758449196815490723e-01
9.611549377441406250e-01,9.920376539230346680e-01
9.888314008712768555e-01,9.937912225723266602e-01
9.690470099449157715e-01,9.781138896942138672e-01
9.742918014526367188e-01,9.789094328880310059e-01
9.560390114784240723e-01,9.960929751396179199e-01
9.495812058448791504e-01,9.820424318313598633e-01
9.609851241111755371e-01,9.759993553161621094e-01
9.831529259681701660e-01,9.829998016357421875e-01
9.761017560958862305e-01,9.959129095077514648e-01
9.628265500068664551e-01,9.917703866958618164e-01
9.971902966499328613e-01,9.938553571701049805e-01
9.721011519432067871e-01,9.938710927963256836e-01
9.897707104682922363e-01,9.859407544136047363e-01
9.821141958236694336e-01,9.990761280059814453e-01
9.549611806869506836e-01,9.839875698089599609e-01
9.999533891677856445e-01,9.840763211250305176e-01
9.770265817642211914e-01,9.780806899070739746e-01
9.930565357208251953e-01,9.849205017089843750e-01
9.822021722793579102e-01,9.779388308525085449e-01
9.545338153839111328e-01,9.811204671859741211e-01
9.641531705856323242e-01,9.999304413795471191e-01
9.496430754661560059e-01,9.870221614837646484e-01
9.531453847885131836e-01,9.985210895538330078e-01
9.600549340248107910e-01,9.928765892982482910e-01
9.972962141036987305e-01,9.990871548652648926e-01
9.499441385269165039e-01,9.930222034454345703e-01
9.771961569786071777e-01,9.954679608345031738e-01
9.821035265922546387e-01,9.818721413612365723e-01
9.932283163070678711e-01,9.879010915756225586e-01
9.912270903587341309e-01,9.980338215827941895e-01
9.688901901245117188e-01,9.918835163116455078e-01
9.870411157608032227e-01,9.889889359474182129e-01
9.931820034980773926e-01,9.829598069190979004e-01
9.537487030029296875e-01,9.758745431900024414e-01
9.688909649848937988e-01,9.909726381301879883e-01
9.911962151527404785e-01,9.839353561401367188e-01
9.661366939544677734e-01,9.771290421485900879e-01
9.599472880363464355e-01,9.929871559143066406e-01
9.709051251411437988e-01,9.960243701934814453e-01
9.620442390441894531e-01,9.791004657745361328e-01
9.750246405601501465e-01,9.909076690673828125e-01
9.873509407043457031e-01,9.789168238639831543e-01
1.000104904174804688e+00,9.982723593711853027e-01
9.821247458457946777e-01,9.969871640205383301e-01
9.920365810394287109e-01,9.839680194854736328e-01
9.689380526542663574e-01,9.756100773811340332e-01
9.740732908248901367e-01,9.938276410102844238e-01
9.911118149757385254e-01,9.863948822021484375e-01
9.689587354660034180e-01,9.760014414787292480e-01
9.979922771453857422e-01,9.819825887680053711e-01
9.600346684455871582e-01,9.930725693702697754e-01
9.880574941635131836e-01,9.910165071487426758e-01
9.781689643859863281e-01,9.818261265754699707e-01
9.540120363235473633e-01,9.938523173332214355e-01
9.790161252021789551e-01,9.919673800468444824e-01
9.920859336853027344e-01,9.939482808113098145e-01
9.508514404296875000e-01,9.815824031829833984e-01
9.571758508682250977e-01,9.787729978561401367e-01
9.642215967178344727e-01,9.819979667663574219e-01
9.758979678153991699e-01,9.839354753494262695e-01
9.610079526901245117e-01,9.919059276580810547e-01
9.742075204849243164e-01,9.799525141716003418e-01
9.984083175659179688e-01,9.950755834579467773e-01
9.710732698440551758e-01,9.828721880912780762e-01
9.952037334442138672e-01,9.960561990737915039e-01
9.602121114730834961e-01,9.789842367172241211e-01
9.810318946838378906e-01,9.940112829208374023e-01
9.812396168708801270e-01,9.940508008003234863e-01
9.995092749595642090e-01,9.930037856101989746e-01
9.678310155868530273e-01,9.868375062942504883e-01
9.667844772338867188e-01,9.960488080978393555e-01
9.994117617607116699e-01,9.980984926223754883e-01
9.688267707824707031e-01,9.859333038330078125e-01
9.830440878868103027e-01,9.749377369880676270e-01
9.940251111984252930e-01,9.879750013351440430e-01
9.902929067611694336e-01,9.960643649101257324e-01
9.579652547836303711e-01,9.997433423995971680e-01
9.721288681030273438e-01,9.949325323104858398e-01
9.853585362434387207e-01,9.818634390830993652e-01
9.661645293235778809e-01,9.761455059051513672e-01
9.898650646209716797e-01,9.801292419433593750e-01
9.568057656288146973e-01,9.968204498291015625e-01
9.900164604187011719e-01,9.999180436134338379e-01
9.920879602432250977e-01,9.839113950729370117e-01
9.981189966201782227e-01,9.799450635910034180e-01
9.739554524421691895e-01,9.849830269813537598e-01
9.517129659652709961e-01,9.899399280548095703e-01
9.690992236137390137e-01,9.812846779823303223e-01
9.799292087554931641e-01,9.759913086891174316e-01
9.539064168930053711e-01,9.920113682746887207e-01
9.830909967422485352e-01,9.809377193450927734e-01
9.779167175292968750e-01,9.929055571556091309e-01
9.940624833106994629e-01,9.988041520118713379e-01
9.952449798583984375e-01,9.920558333396911621e-01
9.690944552421569824e-01,9.791009426116943359e-01
9.501078128814697266e-01,9.918534159660339355e-01
9.498308897018432617e-01,9.969816803932189941e-01
9.768399000167846680e-01,9.929715394973754883e-01
9.660004377365112305e-01,9.959026575088500977e-01
9.982036352157592773e-01,9.796677827835083008e-01
9.758365154266357422e-01,9.765653014183044434e-01
9.709944725036621094e-01,9.769889712333679199e-01
9.622575640678405762e-01,9.888387322425842285e-01
9.569488763809204102e-01,9.940662980079650879e-01
9.599203467369079590e-01,9.849501848220825195e-01
9.547336101531982422e-01,9.811096787452697754e-01
9.962800741195678711e-01,9.981431961059570312e-01
9.920861721038818359e-01,9.977548122406005859e-01
9.629897475242614746e-01,9.749850630760192871e-01
9.743556976318359375e-01,9.838865995407104492e-01
9.984862804412841797e-01,9.803748726844787598e-01
9.941946864128112793e-01,9.888207912445068359e-01
9.963958263397216797e-01,9.809156656265258789e-01
9.821079373359680176e-01,9.808813929557800293e-01
9.669305086135864258e-01,9.760551452636718750e-01
9.679732322692871094e-01,9.788622856140136719e-01
9.761039018630981445e-01,9.782932400703430176e-01
9.790365695953369141e-01,9.791462421417236328e-01
9.892764091491699219e-01,9.838390946388244629e-01
9.996950626373291016e-01,9.789510965347290039e-01
9.759218692779541016e-01,9.879959821701049805e-01
9.640638828277587891e-01,9.760563969612121582e-01
9.670944213867187500e-01,9.809867143630981445e-01
9.610042572021484375e-01,9.909171462059020996e-01
9.680447578430175781e-01,9.830113053321838379e-01
9.678493142127990723e-01,9.879761338233947754e-01
9.598600864410400391e-01,9.980441331863403320e-01
9.659585952758789062e-01,9.889358878135681152e-01
9.758932590484619141e-01,9.879183769226074219e-01
9.830781221389770508e-01,9.810380935668945312e-01
9.842174053192138672e-01,9.869236946105957031e-01
9.789123535156250000e-01,9.849020242691040039e-01
9.809876084327697754e-01,9.998975992202758789e-01
9.700199961662292480e-01,9.828462600708007812e-01
9.701119661331176758e-01,9.968234896659851074e-01
9.531004428863525391e-01,9.919808506965637207e-01
9.511504769325256348e-01,9.896088838577270508e-01
9.768128395080566406e-01,9.989562034606933594e-01
9.921640157699584961e-01,9.909271001815795898e-01
9.599377512931823730e-01,9.989321827888488770e-01
9.660437107086181641e-01,9.808373451232910156e-01
9.610046148300170898e-01,9.819014072418212891e-01
9.731570482254028320e-01,9.827795624732971191e-01
9.842137098312377930e-01,9.819738864898681641e-01
9.691100120544433594e-01,9.789816141128540039e-01
9.600301384925842285e-01,9.751379489898681641e-01
9.516379237174987793e-01,9.952295422554016113e-01
9.786264896392822266e-01,9.831944108009338379e-01
9.612509012222290039e-01,9.984304308891296387e-01
9.842138290405273438e-01,9.910693168640136719e-01
9.929845929145812988e-01,9.879848361015319824e-01
9.942881464958190918e-01,9.801846146583557129e-01
9.842009544372558594e-01,9.978086352348327637e-01
9.800187349319458008e-01,9.949468374252319336e-01
9.750452637672424316e-01,9.849268198013305664e-01
9.845519661903381348e-01,9.756664633750915527e-01
9.521597623825073242e-01,9.909306168556213379e-01
9.932323694229125977e-01,9.762532711029052734e-01
9.612346887588500977e-01,9.752395153045654297e-01
9.501708745956420898e-01,9.799931049346923828e-01
9.861525297164916992e-01,9.860173463821411133e-01
9.641001224517822266e-01,9.820004701614379883e-01
9.882283806800842285e-01,9.940563440322875977e-01
9.570279121398925781e-01,9.819130897521972656e-01
9.960911870002746582e-01,9.787870645523071289e-01
9.902114868164062500e-01,9.819481372833251953e-01
9.864757061004638672e-01,9.994460940361022949e-01
9.560332894325256348e-01,9.839410781860351562e-01
9.750568270683288574e-01,9.769885540008544922e-01
9.996436834335327148e-01,9.965513944625854492e-01
9.842465519905090332e-01,9.878052473068237305e-01
9.531847238540649414e-01,9.858725666999816895e-01
9.708700776100158691e-01,9.789906740188598633e-01
9.571644663810729980e-01,9.940137863159179688e-01
9.882225394248962402e-01,9.980294704437255859e-01
9.541056752204895020e-01,9.804294109344482422e-01
9.612522125244140625e-01,9.969082474708557129e-01
9.901871681213378906e-01,9.770803451538085938e-01
9.594351053237915039e-01,9.862610697746276855e-01
9.651121497154235840e-01,9.749193787574768066e-01
9.881896972656250000e-01,9.940527677536010742e-01
9.919570088386535645e-01,9.945695400238037109e-01
9.501010179519653320e-01,9.990738034248352051e-01
9.829633235931396484e-01,9.990431070327758789e-01
9.548599720001220703e-01,9.878463745117187500e-01
9.629724025726318359e-01,9.879738688468933105e-01
9.691205024719238281e-01,9.997513890266418457e-01
9.610190391540527344e-01,9.789888858795166016e-01
9.649974703788757324e-01,9.859343767166137695e-01
9.500755071640014648e-01,9.791105985641479492e-01
9.905000925064086914e-01,9.957319498062133789e-01
9.865946769714355469e-01,9.983865022659301758e-01
9.869014620780944824e-01,9.824021458625793457e-01
9.659162163734436035e-01,9.799749851226806641e-01
9.650719165802001953e-01,9.810389280319213867e-01
1.000015497207641602e+00,9.980591535568237305e-01
9.562494158744812012e-01,9.858746528625488281e-01
9.841150045394897461e-01,9.759348630905151367e-01
1.000137686729431152e+00,9.779887199401855469e-01
9.818041920661926270e-01,9.865456223487854004e-01
9.642470479011535645e-01,9.926372766494750977e-01
9.583059549331665039e-01,9.768802523612976074e-01
9.991068840026855469e-01,9.780785441398620605e-01
9.974235892295837402e-01,9.883767962455749512e-01
9.882138371467590332e-01,9.940507411956787109e-01
9.722186923027038574e-01,9.858962297439575195e-01
9.581320285797119141e-01,9.839129447937011719e-01
9.979422092437744141e-01,9.753451347351074219e-01
9.718391895294189453e-01,9.766316413879394531e-01
9.701986312866210938e-01,9.888732433319091797e-01
9.651868343353271484e-01,9.819484949111938477e-01
9.770218133926391602e-01,9.899284839630126953e-01
9.561243057250976562e-01,9.859278202056884766e-01
9.913519620895385742e-01,9.868789315223693848e-01
9.517401456832885742e-01,9.969583749771118164e-01
9.772314429283142090e-01,9.940467476844787598e-01
9.801138043403625488e-01,9.771826863288879395e-01
9.910913109779357910e-01,9.957901239395141602e-01
9.955554604530334473e-01,9.845538139343261719e-01
9.536374211311340332e-01,9.910509586334228516e-01
9.530210494995117188e-01,9.960643053054809570e-01
9.641017913818359375e-01,9.779452085494995117e-01
9.829837083816528320e-01,9.960347414016723633e-01
9.762385487556457520e-01,9.919886589050292969e-01
9.612576961517333984e-01,9.848116636276245117e-01
9.820240139961242676e-01,9.919234514236450195e-01
9.630799293518066406e-01,9.909644126892089844e-01
9.622497558593750000e-01,9.841332435607910156e-01
9.749268293380737305e-01,9.918690919876098633e-01
9.831103086471557617e-01,9.760881066322326660e-01
9.879635572433471680e-01,9.988743066787719727e-01
9.863131046295166016e-01,9.779703617095947266e-01
9.611463546752929688e-01,9.798744320869445801e-01
9.980984926223754883e-01,9.758629202842712402e-01
9.759023785591125488e-01,9.875989556312561035e-01
9.889163970947265625e-01,9.849376082420349121e-01
9.955049157142639160e-01,9.976084828376770020e-01
9.861380457878112793e-01,9.946601390838623047e-01
9.742184877395629883e-01,9.957485198974609375e-01
9.502507448196411133e-01,9.748916625976562500e-01
9.750169515609741211e-01,9.880391955375671387e-01
9.599910378456115723e-01,9.779720902442932129e-01
9.660429358482360840e-01,9.810708761215209961e-01
9.567667245864868164e-01,9.890448451042175293e-01
9.932296276092529297e-01,9.829846620559692383e-01
9.848813414573669434e-01,9.979823827743530273e-01
9.748962521553039551e-01,9.998652338981628418e-01
9.518971443176269531e-01,9.817990064620971680e-01
9.950398206710815430e-01,9.808710813522338867e-01
9.945052266120910645e-01,9.769296646118164062e-01
9.768645167350769043e-01,9.919017553329467773e-01
9.791210889816284180e-01,9.960197210311889648e-01
9.952740073204040527e-01,9.858626127243041992e-01
9.930491447448730469e-01,9.790725708007812500e-01
9.629802107810974121e-01,9.831213951110839844e-01
9.952698349952697754e-01,9.988719820976257324e-01
9.760186672210693359e-01,9.939301013946533203e-01
9.531178474426269531e-01,9.778582453727722168e-01
9.640574455261230469e-01,9.888646602630615234e-01
9.591060876846313477e-01,9.997495412826538086e-01
9.749121665954589844e-01,9.899079799652099609e-01
9.766339063644409180e-01,9.755982160568237305e-01
9.611547589302062988e-01,9.987241625785827637e-01
9.851534366607666016e-01,9.850993752479553223e-01
9.585783481597900391e-01,9.989987015724182129e-01
9.609290361404418945e-01,9.750770330429077148e-01
9.910666346549987793e-01,9.918842315673828125e-01
9.872835874557495117e-01,9.970557689666748047e-01
9.901490807533264160e-01,9.967557191848754883e-01
9.831870794296264648e-01,9.888705015182495117e-01
9.507410526275634766e-01,9.909551739692687988e-01
9.950805306434631348e-01,9.928603172302246094e-01
9.980918169021606445e-01,9.820606708526611328e-01
9.546218514442443848e-01,9.838633537292480469e-01
9.580655097961425781e-01,9.996595382690429688e-01
9.971382617950439453e-01,9.839006066322326660e-01
9.924799203872680664e-01,9.828960299491882324e-01
9.981713294982910156e-01,9.939362406730651855e-01
9.963366985321044922e-01,9.909681081771850586e-01
9.710682034492492676e-01,9.828968644142150879e-01
9.953559637069702148e-01,9.935001134872436523e-01
9.880611896514892578e-01,9.810619354248046875e-01
9.712716341018676758e-01,9.898384809494018555e-01
9.522964954376220703e-01,9.957436323165893555e-01
9.679319858551025391e-01,9.990374445915222168e-01
9.640724658966064453e-01,9.979588389396667480e-01
9.982108473777770996e-01,9.850673079490661621e-01
9.721115827560424805e-01,9.928416609764099121e-01
9.659462571144104004e-01,9.823378920555114746e-01
9.777027964591979980e-01,9.989112019538879395e-01
9.848554134368896484e-01,9.750071763992309570e-01
9.949972033500671387e-01,9.840079545974731445e-01
9.600729942321777344e-01,9.966749548912048340e-01
9.830116033554077148e-01,9.999351501464843750e-01
9.771384000778198242e-01,9.918238520622253418e-01
9.563353061676025391e-01,9.981774687767028809e-01
9.987984895706176758e-01,9.765546321868896484e-01
9.809693694114685059e-01,9.750424027442932129e-01
9.659411311149597168e-01,9.918336272239685059e-01
9.571726918220520020e-01,9.979237318038940430e-01
9.948080182075500488e-01,9.838901758193969727e-01
9.539669752120971680e-01,9.917705655097961426e-01
9.789790511131286621e-01,9.770359396934509277e-01
9.859282374382019043e-01,9.959574937820434570e-01
9.960976243019104004e-01,9.977077245712280273e-01
9.978100657463073730e-01,9.832756519317626953e-01
9.731512069702148438e-01,9.880989789962768555e-01
9.971953630447387695e-01,9.780212640762329102e-01
9.598505496978759766e-01,9.880465269088745117e-01
9.950001835823059082e-01,9.752235412597656250e-01
9.649567604064941406e-01,9.959213733673095703e-01
9.780269861221313477e-01,9.888786673545837402e-01
9.919745922088623047e-01,9.997380971908569336e-01
9.998450279235839844e-01,9.770958423614501953e-01
9.570059776306152344e-01,9.909160137176513672e-01
9.509558677673339844e-01,9.759754538536071777e-01
9.822127819061279297e-01,9.993258118629455566e-01
9.758424162864685059e-01,9.999392032623291016e-01
9.889686107635498047e-01,9.919687509536743164e-01
9.651098847389221191e-01,9.900358319282531738e-01
9.570290446281433105e-01,9.899941086769104004e-01
9.499902725219726562e-01,9.958810210227966309e-01
9.530663490295410156e-01,9.879608154296875000e-01
9.993505477905273438e-01,9.765808582305908203e-01
9.951237440109252930e-01,9.909762144088745117e-01
9.888910055160522461e-01,9.799786806106567383e-01
9.841822981834411621e-01,9.987968206405639648e-01
9.872604608535766602e-01,9.837195277214050293e-01
9.682085514068603516e-01,9.947342276573181152e-01
9.879863262176513672e-01,9.939088821411132812e-01
9.729849100112915039e-01,9.750487804412841797e-01
9.671856164932250977e-01,9.947208166122436523e-01
9.851059913635253906e-01,9.781137108802795410e-01
9.971884489059448242e-01,9.929665923118591309e-01
9.707989096641540527e-01,9.786512255668640137e-01
9.609964489936828613e-01,9.870041608810424805e-01
9.682298898696899414e-01,9.938493967056274414e-01
9.850825667381286621e-01,9.860058426856994629e-01
9.640662074089050293e-01,9.869086742401123047e-01
9.711064100265502930e-01,9.759842157363891602e-01
9.871289730072021484e-01,9.990035295486450195e-01
9.731350541114807129e-01,9.928116798400878906e-01
9.609543085098266602e-01,9.781129360198974609e-01
9.888912439346313477e-01,9.976150989532470703e-01
9.507339000701904297e-01,9.749872684478759766e-01
9.672310948371887207e-01,9.791094064712524414e-01
9.970152974128723145e-01,9.799816608428955078e-01
9.620651602745056152e-01,9.929104447364807129e-01
9.983193874359130859e-01,9.971790909767150879e-01
9.973945021629333496e-01,9.963083267211914062e-01
9.870369434356689453e-01,9.838961362838745117e-01
1.000053048133850098e+00,9.879909157752990723e-01
9.731607437133789062e-01,9.851472377777099609e-01
9.547580480575561523e-01,9.769324660301208496e-01
9.913286566734313965e-01,9.808517098426818848e-01
9.900786876678466797e-01,9.858164787292480469e-01
9.708542227745056152e-01,9.950258731842041016e-01
9.960863590240478516e-01,9.799544215202331543e-01
9.750697612762451172e-01,9.969151020050048828e-01
9.771627187728881836e-01,9.919430017471313477e-01
9.884074926376342773e-01,9.779514074325561523e-01
9.852534532546997070e-01,9.809955358505249023e-01
9.649821519851684570e-01,9.790752530097961426e-01
9.999799132347106934e-01,9.960522055625915527e-01
9.640454649925231934e-01,9.838932752609252930e-01
9.811584353446960449e-01,9.839816689491271973e-01
9.837445020675659180e-01,9.750868678092956543e-01
9.738876223564147949e-01,9.759612679481506348e-01
9.600852131843566895e-01,9.820471405982971191e-01
9.829683899879455566e-01,9.779697060585021973e-01
9.738625288009643555e-01,9.929803609848022461e-01
9.688792228698730469e-01,9.810288548469543457e-01
9.938068389892578125e-01,9.769470095634460449e-01
9.669181704521179199e-01,9.750419855117797852e-01
9.851510524749755859e-01,9.809582829475402832e-01
9.503750801086425781e-01,9.910131096839904785e-01
9.841212630271911621e-01,9.957436323165893555e-01
9.791073203086853027e-01,9.870222806930541992e-01
9.942371249198913574e-01,9.948587417602539062e-01
9.590877294540405273e-01,9.948237538337707520e-01
9.851250648498535156e-01,9.800031185150146484e-01
9.591123461723327637e-01,9.909911155700683594e-01
9.800199866294860840e-01,9.919813871383666992e-01
9.651685953140258789e-01,9.859448075294494629e-01
9.720180630683898926e-01,9.968394041061401367e-01
9.571602344512939453e-01,9.850221872329711914e-01
9.850234985351562500e-01,9.867810606956481934e-01
9.901227951049804688e-01,9.845130443572998047e-01
9.499584436416625977e-01,9.869584441184997559e-01
9.962766170501708984e-01,9.889050126075744629e-01
9.760720133781433105e-01,9.789292812347412109e-01
9.841798543930053711e-01,9.898329973220825195e-01
9.979033470153808594e-01,9.825957417488098145e-01
9.920663833618164062e-01,9.829601645469665527e-01
9.518861770629882812e-01,9.779385328292846680e-01
9.799557924270629883e-01,9.809971451759338379e-01
9.782839417457580566e-01,9.750685095787048340e-01
9.770878553390502930e-01,9.809007644653320312e-01
9.700606465339660645e-01,9.798822999000549316e-01
9.532663226127624512e-01,9.763513803482055664e-01
9.819891452789306641e-01,9.850354194641113281e-01
9.679318070411682129e-01,9.938888549804687500e-01
9.955618977546691895e-01,9.773949384689331055e-01
9.944422841072082520e-01,9.829398393630981445e-01
9.740552902221679688e-01,9.870505928993225098e-01
9.630801081657409668e-01,9.799634218215942383e-01
9.891314506530761719e-01,9.789336919784545898e-01
9.889355301856994629e-01,9.810631275177001953e-01
9.519687891006469727e-01,9.760822653770446777e-01
9.694999456405639648e-01,9.849204421043395996e-01
9.521124958992004395e-01,9.889429211616516113e-01
9.962674975395202637e-01,9.829627275466918945e-01
9.859699606895446777e-01,9.760355949401855469e-01
9.970633983612060547e-01,9.929465651512145996e-01
9.720243811607360840e-01,9.760274291038513184e-01
9.964132308959960938e-01,9.898709058761596680e-01
9.571534991264343262e-01,9.773457646369934082e-01
9.688674211502075195e-01,9.909405708312988281e-01
9.820753931999206543e-01,9.799634218215942383e-01
9.881348013877868652e-01,9.859882593154907227e-01
9.790534973144531250e-01,9.780007600784301758e-01
9.607727527618408203e-01,9.883663654327392578e-01
9.892038106918334961e-01,9.950046539306640625e-01
9.570450782775878906e-01,9.809058308601379395e-01
9.950873255729675293e-01,9.888557195663452148e-01
9.729988574981689453e-01,9.769674539566040039e-01
9.890635609626770020e-01,9.810626506805419922e-01
9.615080952644348145e-01,9.970081448554992676e-01
9.621863365173339844e-01,9.887992739677429199e-01
9.791391491889953613e-01,9.949933290481567383e-01
9.779927730560302734e-01,9.749917984008789062e-01
9.848723411560058594e-01,9.973745942115783691e-01
9.763374924659729004e-01,9.901232719421386719e-01
9.599950909614562988e-01,9.936988353729248047e-01
9.496530294418334961e-01,9.838877320289611816e-01
9.820427894592285156e-01,9.859520196914672852e-01
9.588388204574584961e-01,9.970145225524902344e-01
9.610450267791748047e-01,9.857928156852722168e-01
9.912923574447631836e-01,9.959214925765991211e-01
9.909211397171020508e-01,9.930266737937927246e-01
9.940837025642395020e-01,9.898818731307983398e-01
9.611507058143615723e-01,9.768896698951721191e-01
9.983434677124023438e-01,9.969852566719055176e-01
9.912106394767761230e-01,9.820359945297241211e-01
9.539686441421508789e-01,9.849464297294616699e-01
9.504083395004272461e-01,9.899114370346069336e-01
9.790756106376647949e-01,9.949970245361328125e-01
9.550466537475585938e-01,9.819580912590026855e-01
9.799609780311584473e-01,9.750264883041381836e-01
9.759272336959838867e-01,9.919608831405639648e-01
9.863920211791992188e-01,9.808456897735595703e-01
9.617474079132080078e-01,9.798002839088439941e-01
9.681974649429321289e-01,9.958557486534118652e-01
9.821773171424865723e-01,9.790321588516235352e-01
9.551064372062683105e-01,9.779062271118164062e-01
9.763326644897460938e-01,9.790074825286865234e-01
9.699363112449645996e-01,9.787437915802001953e-01
9.983159303665161133e-01,9.879816770553588867e-01
9.821174740791320801e-01,9.819200038909912109e-01
9.872530102729797363e-01,9.879294037818908691e-01
9.520136117935180664e-01,9.850586652755737305e-01
9.960926771163940430e-01,9.868708848953247070e-01
9.750038981437683105e-01,9.839460849761962891e-01
9.729780554771423340e-01,9.799438714981079102e-01
9.748775362968444824e-01,9.769591093063354492e-01
9.759091138839721680e-01,9.980223178863525391e-01
9.660295248031616211e-01,9.950613975524902344e-01
9.760205149650573730e-01,9.870050549507141113e-01
9.852010607719421387e-01,9.996010065078735352e-01
9.981817007064819336e-01,9.799500703811645508e-01
9.842308759689331055e-01,9.920684695243835449e-01
9.870417118072509766e-01,9.859560132026672363e-01
9.902497529983520508e-01,9.920355677604675293e-01
9.650703668594360352e-01,9.849646091461181641e-01
1.000230908393859863e+00,9.949141740798950195e-01
9.923697710037231445e-01,9.780136942863464355e-01
9.590636491775512695e-01,9.990816116333007812e-01
9.648952484130859375e-01,9.749567508697509766e-01
9.591460824012756348e-01,9.835466742515563965e-01
9.500585198402404785e-01,9.959309101104736328e-01
9.923677444458007812e-01,9.809206724166870117e-01
9.842461347579956055e-01,9.919138550758361816e-01
9.706857800483703613e-01,9.908941388130187988e-01
9.528188705444335938e-01,9.858063459396362305e-01
9.833226799964904785e-01,9.789903759956359863e-01
9.734855890274047852e-01,9.857481122016906738e-01
9.959275722503662109e-01,9.899180531501770020e-01
9.610818028450012207e-01,9.847455024719238281e-01
9.991174936294555664e-01,9.753208160400390625e-01
9.783133268356323242e-01,9.798337817192077637e-01
9.511502981185913086e-01,9.752812981605529785e-01
9.579067230224609375e-01,9.958336353302001953e-01
9.898016452789306641e-01,9.888634085655212402e-01
9.852458834648132324e-01,9.790042638778686523e-01
9.942932128906250000e-01,9.898977279663085938e-01
9.516788125038146973e-01,9.940021634101867676e-01
9.984525442123413086e-01,9.806733727455139160e-01
9.708228111267089844e-01,9.963686466217041016e-01
9.730291366577148438e-01,9.830371737480163574e-01
9.799265861511230469e-01,9.949020147323608398e-01
9.563553929328918457e-01,9.994334578514099121e-01
9.817888736724853516e-01,9.814720153808593750e-01
9.500582218170166016e-01,9.878826141357421875e-01
9.750652313232421875e-01,9.769647121429443359e-01
9.622635841369628906e-01,9.940301179885864258e-01
9.710813760757446289e-01,9.919065237045288086e-01
9.630979895591735840e-01,9.780482053756713867e-01
9.951713085174560547e-01,9.868800640106201172e-01
9.809547662734985352e-01,9.790466427803039551e-01
9.639523029327392578e-01,9.748141169548034668e-01
9.800584316253662109e-01,9.870122671127319336e-01
9.841501116752624512e-01,9.799484014511108398e-01
9.593114852905273438e-01,9.778034687042236328e-01
9.911114573478698730e-01,9.849445223808288574e-01
9.711131453514099121e-01,9.809452295303344727e-01
9.864047765731811523e-01,9.839764833450317383e-01
9.501194357872009277e-01,9.890251755714416504e-01
9.679943919181823730e-01,9.898448586463928223e-01
9.808416962623596191e-01,9.882878661155700684e-01
9.789127111434936523e-01,9.890388846397399902e-01
9.719330668449401855e-01,9.939457774162292480e-01
9.851690530776977539e-01,9.928336143493652344e-01
9.993240833282470703e-01,9.790602922439575195e-01
9.862465858459472656e-01,9.808978438377380371e-01
9.602715969085693359e-01,9.989860057830810547e-01
9.830738306045532227e-01,9.859322905540466309e-01
9.501100778579711914e-01,9.810410141944885254e-01
9.904274940490722656e-01,9.856140613555908203e-01
9.901502728462219238e-01,9.898729324340820312e-01
1.000145435333251953e+00,9.940944314002990723e-01
9.550613164901733398e-01,9.947974681854248047e-01
9.870202541351318359e-01,9.840236902236938477e-01
9.861161708831787109e-01,9.996638298034667969e-01
9.980809688568115234e-01,9.781464338302612305e-01
9.650934934616088867e-01,9.948796629905700684e-01
9.599285125732421875e-01,9.887921214103698730e-01
9.517809748649597168e-01,9.979977607727050781e-01
9.579048752784729004e-01,9.929674863815307617e-01
9.529173970222473145e-01,9.789513349533081055e-01
9.719440937042236328e-01,9.919025301933288574e-01
9.761047363281250000e-01,9.949908256530761719e-01
9.870700836181640625e-01,9.988899230957031250e-01
9.649072885513305664e-01,9.889296293258666992e-01
9.508664608001708984e-01,9.980157613754272461e-01
9.911301136016845703e-01,9.889124035835266113e-01
9.973949193954467773e-01,9.866113066673278809e-01
9.631526470184326172e-01,9.987990856170654297e-01
9.687802791595458984e-01,9.988366365432739258e-01
9.579405784606933594e-01,9.749025106430053711e-01
9.699669480323791504e-01,9.819355010986328125e-01
9.608031511306762695e-01,9.769774675369262695e-01
9.569087624549865723e-01,9.831418395042419434e-01
9.619657397270202637e-01,9.858403801918029785e-01
9.620627164840698242e-01,9.779824018478393555e-01
9.670766592025756836e-01,9.800451397895812988e-01
9.730124473571777344e-01,9.859585165977478027e-01
9.934143424034118652e-01,9.998575448989868164e-01
9.840131998062133789e-01,9.819738864898681641e-01
9.831918478012084961e-01,9.820688962936401367e-01
9.690190553665161133e-01,9.789539575576782227e-01
9.598805308341979980e-01,9.988616704940795898e-01
9.969461560249328613e-01,9.781133532524108887e-01
9.790318012237548828e-01,9.829146265983581543e-01
9.520048499107360840e-01,9.770562648773193359e-01
9.519312381744384766e-01,9.770278334617614746e-01
9.520996212959289551e-01,9.986563324928283691e-01
9.922087192535400391e-01,9.970306754112243652e-01
9.660302996635437012e-01,9.829687476158142090e-01
9.519756436347961426e-01,9.889547228813171387e-01
9.578539133071899414e-01,9.789980649948120117e-01
9.538627266883850098e-01,9.830540418624877930e-01
9.865146875381469727e-01,9.801232218742370605e-01
9.527362585067749023e-01,9.930136203765869141e-01
9.577296972274780273e-01,9.878867864608764648e-01
9.599816799163818359e-01,9.848669767379760742e-01
9.658593535423278809e-01,9.759615659713745117e-01
9.779366254806518555e-01,9.848868250846862793e-01
9.931714534759521484e-01,9.845336079597473145e-01
9.601080417633056641e-01,9.770811200141906738e-01
9.821147918701171875e-01,9.877946972846984863e-01
9.715191125869750977e-01,9.894896149635314941e-01
9.678417444229125977e-01,9.920383691787719727e-01
9.611231088638305664e-01,9.869164824485778809e-01
9.559807777404785156e-01,9.929408431053161621e-01
9.553605318069458008e-01,9.959837794303894043e-01
9.932695627212524414e-01,9.770340919494628906e-01
9.557410478591918945e-01,9.879958033561706543e-01
9.549101591110229492e-01,9.919477105140686035e-01
9.551725387573242188e-01,9.991850852966308594e-01
9.993392229080200195e-01,9.918629527091979980e-01
9.560234546661376953e-01,9.909820556640625000e-01
9.860420823097229004e-01,9.877763986587524414e-01
9.991837143898010254e-01,9.850314259529113770e-01
9.548328518867492676e-01,9.930464625358581543e-01
9.660053253173828125e-01,9.918336868286132812e-01
9.618836641311645508e-01,9.969627857208251953e-01
9.709566235542297363e-01,9.887427687644958496e-01
9.941671490669250488e-01,9.998802542686462402e-01
9.591523408889770508e-01,9.901976585388183594e-01
9.883490800857543945e-01,9.809249043464660645e-01
9.924112558364868164e-01,9.769808053970336914e-01
9.711446166038513184e-01,9.878342151641845703e-01
9.598027467727661133e-01,9.751678705215454102e-01
9.972680807113647461e-01,9.829708933830261230e-01
9.729175567626953125e-01,9.858707785606384277e-01
9.953570961952209473e-01,9.797857999801635742e-01
9.611909985542297363e-01,9.979892969131469727e-01
9.739216566085815430e-01,9.829771518707275391e-01
9.709147214889526367e-01,9.967876672744750977e-01
9.706090092658996582e-01,9.766900539398193359e-01
9.731928110122680664e-01,9.939533472061157227e-01
9.726251363754272461e-01,9.985665678977966309e-01
9.538378715515136719e-01,9.969246983528137207e-01
9.500943422317504883e-01,9.909161329269409180e-01
9.608989953994750977e-01,9.998853206634521484e-01
9.508750438690185547e-01,9.890907406806945801e-01
9.577458500862121582e-01,9.977937936782836914e-01
9.661771655082702637e-01,9.750216007232666016e-01
9.727200269699096680e-01,9.999358057975769043e-01
9.583645462989807129e-01,9.912446737289428711e-01
9.670305252075195312e-01,9.788974523544311523e-01
9.861092567443847656e-01,9.779834747314453125e-01
9.541071653366088867e-01,9.889717698097229004e-01
9.602382779121398926e-01,9.839305877685546875e-01
9.669529199600219727e-01,9.918813109397888184e-01
9.659795165061950684e-01,9.869110584259033203e-01
9.529215097427368164e-01,9.918937087059020996e-01
9.720366001129150391e-01,9.990836381912231445e-01
9.616271257400512695e-01,9.915872812271118164e-01
9.839885234832763672e-01,9.888619184494018555e-01
9.841541051864624023e-01,9.888834357261657715e-01
9.911084771156311035e-01,9.958524703979492188e-01
9.888976812362670898e-01,9.879317283630371094e-01
9.992170929908752441e-01,9.830346107482910156e-01
9.700587987899780273e-01,9.809662699699401855e-01
9.931970238685607910e-01,9.949493408203125000e-01
9.690026640892028809e-01,9.759806394577026367e-01
9.845165014266967773e-01,9.904141426086425781e-01
9.731505513191223145e-01,9.909067153930664062e-01
9.933220148086547852e-01,9.799783229827880859e-01
9.549875855445861816e-01,9.959340095520019531e-01
9.940072298049926758e-01,9.755693078041076660e-01
9.570039510726928711e-01,9.901069998741149902e-01
9.852114915847778320e-01,9.869241118431091309e-01
9.699006080627441406e-01,9.859752655029296875e-01
9.578851461410522461e-01,9.998253583908081055e-01
9.562697410583496094e-01,9.947064518928527832e-01
9.510727524757385254e-01,9.902480840682983398e-01
9.710305929183959961e-01,9.770586490631103516e-01
9.610649943351745605e-01,9.889265298843383789e-01
9.722169637680053711e-01,9.899241328239440918e-01
9.496417641639709473e-01,9.940276741981506348e-01
9.769310951232910156e-01,9.839729070663452148e-01
9.911551475524902344e-01,9.835633039474487305e-01
9.800779819488525391e-01,9.799940586090087891e-01
9.892487525939941406e-01,9.990494251251220703e-01
9.578669071197509766e-01,9.989745020866394043e-01
9.984230995178222656e-01,9.992053508758544922e-01
9.932695627212524414e-01,9.817752242088317871e-01
9.641185998916625977e-01,9.976599216461181641e-01
9.830930233001708984e-01,9.849291443824768066e-01
9.579529762268066406e-01,9.799551963806152344e-01
9.499799609184265137e-01,9.840503931045532227e-01
9.810829758644104004e-01,9.829583764076232910e-01
9.811438322067260742e-01,9.799821972846984863e-01
9.529078602790832520e-01,9.869891405105590820e-01
9.930197000503540039e-01,9.961326122283935547e-01
9.541251063346862793e-01,9.920468330383300781e-01
9.679350852966308594e-01,9.950333833694458008e-01
9.620869755744934082e-01,9.879726767539978027e-01
9.729296565055847168e-01,9.949204921722412109e-01
9.503633379936218262e-01,9.799811244010925293e-01
9.760080575942993164e-01,9.790532588958740234e-01
9.669777154922485352e-01,9.899363517761230469e-01
9.899285435676574707e-01,9.909977316856384277e-01
9.518811702728271484e-01,9.899077415466308594e-01
9.621333479881286621e-01,9.859129190444946289e-01
9.570126533508300781e-01,9.939101934432983398e-01
9.551584720611572266e-01,9.858840703964233398e-01
9.619038105010986328e-01,9.949674606323242188e-01
9.974703788757324219e-01,9.809854030609130859e-01
9.764935374259948730e-01,9.844563007354736328e-01
9.608105421066284180e-01,9.819921255111694336e-01
9.973069429397583008e-01,9.879605770111083984e-01
9.588881731033325195e-01,9.968137741088867188e-01
9.933008551597595215e-01,9.888831377029418945e-01
9.942021965980529785e-01,9.899166226387023926e-01
9.673248529434204102e-01,9.986816644668579102e-01
9.921114444732666016e-01,9.896607398986816406e-01
9.660430550575256348e-01,9.859594106674194336e-01
1.000102519989013672e+00,9.799778461456298828e-01
9.921562671661376953e-01,9.950150251388549805e-01
9.982801079750061035e-01,9.961626529693603516e-01
9.651436209678649902e-01,9.791095852851867676e-01
9.591736197471618652e-01,9.838922619819641113e-01
9.610669016838073730e-01,9.770913124084472656e-01
9.759106636047363281e-01,9.830524325370788574e-01
9.558720588684082031e-01,9.869592189788818359e-01
9.869459271430969238e-01,9.868503808975219727e-01
9.757044911384582520e-01,9.992151260375976562e-01
9.740777015686035156e-01,9.899138212203979492e-01
9.741072058677673340e-01,9.759563207626342773e-01
9.972726702690124512e-01,9.860014319419860840e-01
9.801003932952880859e-01,9.899939298629760742e-01
9.879903793334960938e-01,9.899200201034545898e-01
9.960409402847290039e-01,9.751281142234802246e-01
9.580558538436889648e-01,9.868936538696289062e-01
9.830650687217712402e-01,9.759969711303710938e-01
9.516186714172363281e-01,9.800262451171875000e-01
9.758599996566772461e-01,9.829977154731750488e-01
9.881139993667602539e-01,9.820559024810791016e-01
9.960322380065917969e-01,9.808676242828369141e-01
9.913519024848937988e-01,9.790349006652832031e-01
9.858636856079101562e-01,9.993001222610473633e-01
9.689561128616333008e-01,9.758846759796142578e-01
9.609591960906982422e-01,9.948294758796691895e-01
9.765231013298034668e-01,9.924488663673400879e-01
9.750267267227172852e-01,9.810572862625122070e-01
9.965540766716003418e-01,9.757692813873291016e-01
9.768232703208923340e-01,9.999191164970397949e-01
9.699907898902893066e-01,9.939022660255432129e-01
9.820796251296997070e-01,9.919908642768859863e-01
9.946662187576293945e-01,9.777903556823730469e-01
9.770593643188476562e-01,9.789422750473022461e-01
9.600732326507568359e-01,9.848430156707763672e-01
9.660712480545043945e-01,9.769768118858337402e-01
9.770195484161376953e-01,9.869463443756103516e-01
9.829726815223693848e-01,9.880459308624267578e-01
9.860695600509643555e-01,9.849820137023925781e-01
9.950497150421142578e-01,9.929877519607543945e-01
9.769990444183349609e-01,9.769565463066101074e-01
9.700058102607727051e-01,9.900066852569580078e-01
9.507920742034912109e-01,9.771103262901306152e-01
9.649531245231628418e-01,9.799976348876953125e-01
9.663388729095458984e-01,9.984679818153381348e-01
9.496598243713378906e-01,9.800124764442443848e-01
1.000090956687927246e+00,9.869467616081237793e-01
9.528552293777465820e-01,9.950118660926818848e-01
9.759665727615356445e-01,9.939181804656982422e-01
9.793224334716796875e-01,9.979571700096130371e-01
9.787378311157226562e-01,9.969217777252197266e-01
9.749640226364135742e-01,9.958618879318237305e-01
9.629944562911987305e-01,9.882941246032714844e-01
9.618078470230102539e-01,9.899206161499023438e-01
9.560822248458862305e-01,9.767830967903137207e-01
9.498703479766845703e-01,9.898904561996459961e-01
9.631831645965576172e-01,9.920759201049804688e-01
9.709339141845703125e-01,9.988693594932556152e-01
9.498789310455322266e-01,9.868974685668945312e-01
9.840753078460693359e-01,9.969638586044311523e-01
9.941182136535644531e-01,9.798666834831237793e-01
9.689161777496337891e-01,9.868122339248657227e-01
9.687874317169189453e-01,9.909854531288146973e-01
9.700503349304199219e-01,9.758014678955078125e-01
9.830461740493774414e-01,9.999316930770874023e-01
9.641951322555541992e-01,9.751924276351928711e-01
9.670104980468750000e-01,9.849058389663696289e-01
9.679895639419555664e-01,9.958161711692810059e-01
9.862772822380065918e-01,9.809654951095581055e-01
9.933123588562011719e-01,9.939178824424743652e-01
9.512109756469726562e-01,9.986375570297241211e-01
9.811106920242309570e-01,9.751307964324951172e-01
9.648431539535522461e-01,9.989748001098632812e-01
9.809421300888061523e-01,9.749301671981811523e-01
9.952188730239868164e-01,9.899740815162658691e-01
9.707123041152954102e-01,9.825077056884765625e-01
9.655708074569702148e-01,9.919556975364685059e-01
9.606594443321228027e-01,9.964585304260253906e-01
9.891529679298400879e-01,9.839559197425842285e-01
9.571435451507568359e-01,9.983966350555419922e-01
9.545196294784545898e-01,9.819394350051879883e-01
9.512512087821960449e-01,9.919387698173522949e-01
9.776501059532165527e-01,9.873937368392944336e-01
9.561946392059326172e-01,9.827114939689636230e-01
9.591256976127624512e-01,9.887521862983703613e-01
9.961537122726440430e-01,9.890454411506652832e-01
9.840767383575439453e-01,9.919989109039306641e-01
9.542694091796875000e-01,9.807686209678649902e-01
9.800881147384643555e-01,9.759609699249267578e-01
9.710516929626464844e-01,9.839076995849609375e-01
9.660302996635437012e-01,9.938516616821289062e-01
9.622310996055603027e-01,9.930030107498168945e-01
9.789990186691284180e-01,9.839767217636108398e-01
9.881185293197631836e-01,9.889032244682312012e-01
9.702231287956237793e-01,9.839010238647460938e-01
9.549134969711303711e-01,9.879005551338195801e-01
9.668183326721191406e-01,9.960555434226989746e-01
9.600824117660522461e-01,9.959771633148193359e-01
9.962662458419799805e-01,9.879445433616638184e-01
9.580420851707458496e-01,9.780924320220947266e-01
9.919577240943908691e-01,9.811972975730895996e-01
9.982649087905883789e-01,9.849830865859985352e-01
9.750102758407592773e-01,9.950275421142578125e-01
9.818556904792785645e-01,9.889537096023559570e-01
9.541799426078796387e-01,9.976776242256164551e-01
9.559227824211120605e-01,9.931212067604064941e-01
9.631035327911376953e-01,9.889945387840270996e-01
9.801173210144042969e-01,9.839248061180114746e-01
9.671643376350402832e-01,9.949232339859008789e-01
9.679250717163085938e-01,9.829688072204589844e-01
9.587905406951904297e-01,9.879696965217590332e-01
9.500558376312255859e-01,9.939720630645751953e-01
9.580084681510925293e-01,9.779939055442810059e-01
9.943851232528686523e-01,9.751271605491638184e-01
9.638277292251586914e-01,9.888951182365417480e-01
9.560632109642028809e-01,9.888436794281005859e-01
9.589241743087768555e-01,9.950345754623413086e-01
9.549286961555480957e-01,9.959914684295654297e-01
9.679552912712097168e-01,9.906330704689025879e-01
9.718881249427795410e-01,9.869439601898193359e-01
9.879522323608398438e-01,9.792276620864868164e-01
9.940626621246337891e-01,9.849726557731628418e-01
9.516124129295349121e-01,9.980607032775878906e-01
9.903879761695861816e-01,9.839735031127929688e-01
9.651184082031250000e-01,9.921362996101379395e-01
9.569291472434997559e-01,9.771000742912292480e-01
9.515305757522583008e-01,9.789560437202453613e-01
9.497089385986328125e-01,9.930550456047058105e-01
9.924156069755554199e-01,9.808644056320190430e-01
9.920995235443115234e-01,9.878696799278259277e-01
9.809418916702270508e-01,9.870170354843139648e-01
9.578369855880737305e-01,9.790897965431213379e-01
9.809890389442443848e-01,9.760135412216186523e-01
9.996060132980346680e-01,9.778688549995422363e-01
9.992490410804748535e-01,9.929524660110473633e-01
9.810507297515869141e-01,9.859403371810913086e-01
9.539967775344848633e-01,9.929530024528503418e-01
9.908143281936645508e-01,9.763048887252807617e-01
9.719600081443786621e-01,9.926593303680419922e-01
9.995942115783691406e-01,9.860135316848754883e-01
9.739283323287963867e-01,9.900622367858886719e-01
9.501375555992126465e-01,9.909058809280395508e-01
9.902442097663879395e-01,9.890742897987365723e-01
9.735980033874511719e-01,9.815570116043090820e-01
9.994570612907409668e-01,9.799398183822631836e-01
9.650646448135375977e-01,9.790508747100830078e-01
9.647955894470214844e-01,9.979594349861145020e-01
9.691283702850341797e-01,9.849495887756347656e-01
9.881970882415771484e-01,9.759771823883056641e-01
9.580870866775512695e-01,9.878956675529479980e-01
9.940060377120971680e-01,9.968279600143432617e-01
9.710816144943237305e-01,9.999238252639770508e-01
9.661417007446289062e-01,9.818603992462158203e-01
9.942096471786499023e-01,9.840467572212219238e-01
9.640811681747436523e-01,9.940881133079528809e-01
9.686450958251953125e-01,9.910175800323486328e-01
9.810425639152526855e-01,9.849053621292114258e-01
9.500939249992370605e-01,9.969151020050048828e-01
9.780488610267639160e-01,9.890208244323730469e-01
9.609758853912353516e-01,9.939541816711425781e-01
9.567935466766357422e-01,9.979698657989501953e-01
9.991809129714965820e-01,9.877856969833374023e-01
9.627960324287414551e-01,9.971274733543395996e-01
9.905014634132385254e-01,9.891419410705566406e-01
9.630613327026367188e-01,9.819267988204956055e-01
9.749966859817504883e-01,9.840075373649597168e-01
9.738515019416809082e-01,9.959707260131835938e-01
9.734821915626525879e-01,9.766574501991271973e-01
9.678292274475097656e-01,9.849936962127685547e-01
9.629837870597839355e-01,9.869619607925415039e-01
9.769650101661682129e-01,9.986861944198608398e-01
9.942153692245483398e-01,9.818764328956604004e-01
9.923598766326904297e-01,9.808550477027893066e-01
9.659552574157714844e-01,9.840500950813293457e-01
9.944235086441040039e-01,9.850305318832397461e-01
9.700556993484497070e-01,9.849113821983337402e-01
9.840880632400512695e-01,9.790169596672058105e-01
9.677296876907348633e-01,9.816394448280334473e-01
9.870145320892333984e-01,9.948129653930664062e-01
9.964998960494995117e-01,9.982201457023620605e-01
9.510580897331237793e-01,9.791868925094604492e-01
9.778910875320434570e-01,9.990548491477966309e-01
9.811602234840393066e-01,9.918495416641235352e-01
9.630379676818847656e-01,9.979166984558105469e-01
9.861152172088623047e-01,9.869055151939392090e-01
9.971021413803100586e-01,9.977293014526367188e-01
9.510123729705810547e-01,9.804832339286804199e-01
9.629848003387451172e-01,9.781511425971984863e-01
9.860128760337829590e-01,9.992588758468627930e-01
9.860270619392395020e-01,9.790580272674560547e-01
9.513193964958190918e-01,9.790953993797302246e-01
9.689514040946960449e-01,9.879657030105590820e-01
9.940538406372070312e-01,9.929415583610534668e-01
9.779725074768066406e-01,9.912519454956054688e-01
9.678963422775268555e-01,9.858772158622741699e-01
9.630701541900634766e-01,9.900287985801696777e-01
9.553177356719970703e-01,9.765055179595947266e-01
9.852083325386047363e-01,9.839490056037902832e-01
9.899739027023315430e-01,9.819060564041137695e-01
9.690860509872436523e-01,9.870308041572570801e-01
9.831296205520629883e-01,9.848877787590026855e-01
9.760009646415710449e-01,9.979569315910339355e-01
9.994242191314697266e-01,9.832938909530639648e-01
9.992647171020507812e-01,9.859282374382019043e-01
9.540176987648010254e-01,9.958447813987731934e-01
9.759123325347900391e-01,9.919544458389282227e-01
9.880617260932922363e-01,9.938330054283142090e-01
9.971920847892761230e-01,9.938904643058776855e-01
9.809722304344177246e-01,9.929869174957275391e-01
9.873934388160705566e-01,9.804537296295166016e-01
9.880970716476440430e-01,9.838898181915283203e-01
9.729831218719482422e-01,9.899712204933166504e-01
9.944539070129394531e-01,9.835264682769775391e-01
9.880805015563964844e-01,9.820204377174377441e-01
9.660747051239013672e-01,9.790505170822143555e-01
9.902902841567993164e-01,9.879937767982482910e-01
9.852563142776489258e-01,9.920461177825927734e-01
9.590727090835571289e-01,9.810695648193359375e-01
9.621700644493103027e-01,9.969938397407531738e-01
9.540487527847290039e-01,9.929004311561584473e-01
9.871050119400024414e-01,9.929569959640502930e-01
9.524039030075073242e-01,9.986011981964111328e-01
9.709386825561523438e-01,9.790761470794677734e-01
9.845373034477233887e-01,9.876993894577026367e-01
9.678959846496582031e-01,9.918562173843383789e-01
9.612635374069213867e-01,9.959688186645507812e-01
9.658178091049194336e-01,9.950575232505798340e-01
9.882304668426513672e-01,9.996860027313232422e-01
9.999998807907104492e-01,9.767507910728454590e-01
9.831196665763854980e-01,9.809032678604125977e-01
9.520014524459838867e-01,9.918743968009948730e-01
9.600185751914978027e-01,9.869450926780700684e-01
9.661219716072082520e-01,9.828740358352661133e-01
9.951311349868774414e-01,9.941459894180297852e-01
9.651476740837097168e-01,9.995813369750976562e-01
9.591351151466369629e-01,9.820571541786193848e-01
9.780308604240417480e-01,9.899527430534362793e-01
9.639642834663391113e-01,9.790397882461547852e-01
9.871472120285034180e-01,9.760918617248535156e-01
9.811151027679443359e-01,9.939160943031311035e-01
9.609844684600830078e-01,9.979062080383300781e-01
9.548750519752502441e-01,9.770875573158264160e-01
9.572266340255737305e-01,9.789595603942871094e-01
9.657577276229858398e-01,9.970848560333251953e-01
9.820776581764221191e-01,9.889164566993713379e-01
9.682199954986572266e-01,9.998068213462829590e-01
9.739878177642822266e-01,9.860357046127319336e-01
9.933741092681884766e-01,9.795425534248352051e-01
9.602547883987426758e-01,9.778014421463012695e-01
9.711711406707763672e-01,9.799871444702148438e-01
9.590848684310913086e-01,9.869630336761474609e-01
9.840121865272521973e-01,9.960734248161315918e-01
9.640320539474487305e-01,9.799411892890930176e-01
9.871864318847656250e-01,9.988683462142944336e-01
9.651315808296203613e-01,9.832415580749511719e-01
9.991750717163085938e-01,9.960217475891113281e-01
9.999042153358459473e-01,9.769818782806396484e-01
9.649449586868286133e-01,9.869685173034667969e-01
9.760030508041381836e-01,9.889248013496398926e-01
9.601594209671020508e-01,9.890224933624267578e-01
9.851490855216979980e-01,9.839769601821899414e-01
9.933909177780151367e-01,9.779618382453918457e-01
9.750384688377380371e-01,9.878958463668823242e-01
9.648702144622802734e-01,9.919378161430358887e-01
9.719412326812744141e-01,9.759243130683898926e-01
9.821969270706176758e-01,9.859576225280761719e-01
9.788007736206054688e-01,9.958152770996093750e-01
9.641352891921997070e-01,9.910057783126831055e-01
9.852482676506042480e-01,9.759435057640075684e-01
9.600440859794616699e-01,9.821124076843261719e-01
9.630150198936462402e-01,9.928742647171020508e-01
9.720938205718994141e-01,9.990296959877014160e-01
9.965091347694396973e-01,9.980255961418151855e-01
9.780707359313964844e-01,9.790328741073608398e-01
9.619634151458740234e-01,9.840198159217834473e-01
9.942368865013122559e-01,9.899259805679321289e-01
9.961942434310913086e-01,9.990117549896240234e-01
9.648716449737548828e-01,9.889333248138427734e-01
9.869450926780700684e-01,9.915385246276855469e-01
9.918624162673950195e-01,9.962846040725708008e-01
9.990570545196533203e-01,9.850680232048034668e-01
9.948801994323730469e-01,9.919046163558959961e-01
1.000184655189514160e+00,9.879721403121948242e-01
9.731070399284362793e-01,9.819298982620239258e-01
9.799615740776062012e-01,9.898915290832519531e-01
9.832643270492553711e-01,9.910404682159423828e-01
9.610807299613952637e-01,9.929114580154418945e-01
9.711332321166992188e-01,9.790283441543579102e-01
9.768896698951721191e-01,9.919891357421875000e-01
9.829469919204711914e-01,9.928014278411865234e-01
9.515534639358520508e-01,9.770604968070983887e-01
9.541268348693847656e-01,9.956184625625610352e-01
9.740325212478637695e-01,9.769904017448425293e-01
9.942391514778137207e-01,9.939217567443847656e-01
9.999913573265075684e-01,9.829480648040771484e-01
9.871129393577575684e-01,9.957358837127685547e-01
9.930920004844665527e-01,9.970688819885253906e-01
9.780997037887573242e-01,9.785641431808471680e-01
9.964466094970703125e-01,9.799199104309082031e-01
9.820340275764465332e-01,9.820162057876586914e-01
9.901968240737915039e-01,9.961093664169311523e-01
9.720656871795654297e-01,9.849452376365661621e-01
9.972137212753295898e-01,9.771523475646972656e-01
9.610619544982910156e-01,9.979594945907592773e-01
9.984835386276245117e-01,9.954056143760681152e-01
9.570247530937194824e-01,9.809334278106689453e-01
9.739230871200561523e-01,9.819443821907043457e-01
9.587535262107849121e-01,9.961159825325012207e-01
9.751836657524108887e-01,9.838702678680419922e-01
9.831291437149047852e-01,9.790275692939758301e-01
9.637053608894348145e-01,9.790588617324829102e-01
9.700873494148254395e-01,9.859434962272644043e-01
9.850513935089111328e-01,9.919773936271667480e-01
9.901213049888610840e-01,9.977926611900329590e-01
9.822945594787597656e-01,9.875390529632568359e-01
9.501187205314636230e-01,9.977604746818542480e-01
9.781503677368164062e-01,9.919801354408264160e-01
9.921288490295410156e-01,9.750793576240539551e-01
9.962610602378845215e-01,9.887115955352783203e-01
9.639505147933959961e-01,9.980121254920959473e-01
9.788486957550048828e-01,9.991126656532287598e-01
9.711803197860717773e-01,9.948489665985107422e-01
9.779722690582275391e-01,9.799998402595520020e-01
9.659276008605957031e-01,9.768791794776916504e-01
9.769993424415588379e-01,9.850172996520996094e-01
9.999413490295410156e-01,9.850046038627624512e-01
9.502793550491333008e-01,9.772239923477172852e-01
9.825148582458496094e-01,9.941835403442382812e-01
9.991888403892517090e-01,9.869879484176635742e-01
9.968347549438476562e-01,9.979289770126342773e-01
9.934579730033874512e-01,9.980072975158691406e-01
9.780635833740234375e-01,9.890253543853759766e-01
9.910801053047180176e-01,9.989947080612182617e-01
9.889919161796569824e-01,9.858696460723876953e-01
9.990056753158569336e-01,9.797509908676147461e-01
9.921530485153198242e-01,9.804583191871643066e-01
9.539005756378173828e-01,9.930011034011840820e-01
9.636924862861633301e-01,9.753725528717041016e-01
9.720380902290344238e-01,9.957392811775207520e-01
9.959458112716674805e-01,9.799380302429199219e-01
9.850840568542480469e-01,9.957698583602905273e-01
9.872301816940307617e-01,9.769924879074096680e-01
9.990245103836059570e-01,9.995094537734985352e-01
9.591220617294311523e-01,9.859388470649719238e-01
9.690306782722473145e-01,9.859757423400878906e-01
9.681138396263122559e-01,9.964816570281982422e-01
9.810530543327331543e-01,9.899092912673950195e-01
9.651772975921630859e-01,9.979095458984375000e-01
9.541627168655395508e-01,9.789457321166992188e-01
9.689154624938964844e-01,9.889630079269409180e-01
9.763026833534240723e-01,9.962149858474731445e-01
9.529136419296264648e-01,9.760414958000183105e-01
9.762665033340454102e-01,9.818514585494995117e-01
9.999927282333374023e-01,9.810472130775451660e-01
9.609721899032592773e-01,9.999029636383056641e-01
9.602987170219421387e-01,9.994979500770568848e-01
9.671111702919006348e-01,9.799281358718872070e-01
9.760376214981079102e-01,9.868550300598144531e-01
9.850615262985229492e-01,9.781259894371032715e-01
9.950585365295410156e-01,9.751009941101074219e-01
9.669561386108398438e-01,9.839910268783569336e-01
9.609731435775756836e-01,9.990875124931335449e-01
9.590637683868408203e-01,9.868891239166259766e-01
9.739060401916503906e-01,9.969832897186279297e-01
9.658498167991638184e-01,9.879430532455444336e-01
9.865782856941223145e-01,9.997299313545227051e-01
9.941533803939819336e-01,9.780663251876831055e-01
9.629881978034973145e-01,9.950214624404907227e-01
9.680082798004150391e-01,9.748697280883789062e-01
9.662155508995056152e-01,9.938349127769470215e-01
9.879519939422607422e-01,9.780699610710144043e-01
9.549789428710937500e-01,9.997460842132568359e-01
9.820550084114074707e-01,9.976748228073120117e-01
9.711631536483764648e-01,9.818679094314575195e-01
9.629478454589843750e-01,9.978739023208618164e-01
9.931770563125610352e-01,1.000050425529479980e+00
9.609287977218627930e-01,9.840635657310485840e-01
9.588621258735656738e-01,9.799746274948120117e-01
9.858467578887939453e-01,9.916219115257263184e-01
9.840528368949890137e-01,9.889014959335327148e-01
9.521207809448242188e-01,9.967607855796813965e-01
9.881106615066528320e-01,9.969839453697204590e-01
9.791778922080993652e-01,9.992246627807617188e-01
9.963450431823730469e-01,9.879425764083862305e-01
9.660489559173583984e-01,9.849932789802551270e-01
9.569504261016845703e-01,9.940046668052673340e-01
9.918440580368041992e-01,9.859382510185241699e-01
1.000135660171508789e+00,9.789054393768310547e-01
9.583740234375000000e-01,9.999051094055175781e-01
9.940958619117736816e-01,9.978997111320495605e-01
9.778473377227783203e-01,9.919677972793579102e-01
9.568443894386291504e-01,9.781233072280883789e-01
9.678149223327636719e-01,9.753155708312988281e-01
9.866712093353271484e-01,9.786238670349121094e-01
9.567762613296508789e-01,9.918739199638366699e-01
9.861328601837158203e-01,9.990458488464355469e-01
9.860493540763854980e-01,9.879070520401000977e-01
9.723380804061889648e-01,9.789670109748840332e-01
9.561805725097656250e-01,9.809257984161376953e-01
9.975475668907165527e-01,9.970334768295288086e-01
9.630168080329895020e-01,9.937706589698791504e-01
9.961613416671752930e-01,9.919332265853881836e-01
9.800990819931030273e-01,9.909896254539489746e-01
9.809112548828125000e-01,9.939928650856018066e-01
9.568165540695190430e-01,9.870230555534362793e-01
9.660646319389343262e-01,9.997489452362060547e-01
9.848187565803527832e-01,9.924008846282958984e-01
9.570668339729309082e-01,9.887633323669433594e-01
9.579197764396667480e-01,9.908649921417236328e-01
9.579946994781494141e-01,9.889131784439086914e-01
9.659084677696228027e-01,9.909083843231201172e-01
9.630324244499206543e-01,9.960172176361083984e-01
9.678848981857299805e-01,9.979510307312011719e-01
9.861031174659729004e-01,9.930069446563720703e-01
9.590345621109008789e-01,9.909269809722900391e-01
9.670054912567138672e-01,9.848966598510742188e-01
9.729979038238525391e-01,9.960038661956787109e-01
9.978704452514648438e-01,9.866488575935363770e-01
9.717516899108886719e-01,9.982674717903137207e-01
9.852964878082275391e-01,1.000025153160095215e+00
9.753618836402893066e-01,9.755129814147949219e-01
9.830494523048400879e-01,9.979832172393798828e-01
9.911039471626281738e-01,9.829264283180236816e-01
9.559987783432006836e-01,9.870891571044921875e-01
9.910565018653869629e-01,9.928686618804931641e-01
9.556091427803039551e-01,9.977232217788696289e-01
9.740810990333557129e-01,9.809464812278747559e-01
9.609228372573852539e-01,9.760209321975708008e-01
9.991929531097412109e-01,9.949567317962646484e-01
9.739218950271606445e-01,9.749587774276733398e-01
9.920457601547241211e-01,9.761799573898315430e-01
9.921566843986511230e-01,9.751842617988586426e-01
9.743618369102478027e-01,9.998910427093505859e-01
9.800139665603637695e-01,9.859642982482910156e-01
9.739677906036376953e-01,9.989705681800842285e-01
9.700881838798522949e-01,9.977985024452209473e-01
9.750324487686157227e-01,9.808734655380249023e-01
9.521665573120117188e-01,9.806507825851440430e-01
9.842525720596313477e-01,9.839413166046142578e-01
9.649265408515930176e-01,9.849790334701538086e-01
9.511651992797851562e-01,9.752501845359802246e-01
9.659503102302551270e-01,9.800635576248168945e-01
9.770801067352294922e-01,9.755176901817321777e-01
9.800224900245666504e-01,9.828363656997680664e-01
9.579087495803833008e-01,9.829665422439575195e-01
9.770609140396118164e-01,9.790536761283874512e-01
9.760932922363281250e-01,9.751224517822265625e-01
9.958959817886352539e-01,9.820057749748229980e-01
9.587942361831665039e-01,9.877593517303466797e-01
9.729667305946350098e-01,9.957060813903808594e-01
9.689376354217529297e-01,9.829106330871582031e-01
9.739164113998413086e-01,9.939997196197509766e-01
9.973262548446655273e-01,9.783843755722045898e-01
9.738122224807739258e-01,9.879173040390014648e-01
9.608725905418395996e-01,9.800229072570800781e-01
9.699361324310302734e-01,9.799404144287109375e-01
9.831525087356567383e-01,9.850172996520996094e-01
9.999948740005493164e-01,9.890135526657104492e-01
9.964979290962219238e-01,9.865561127662658691e-01
9.937171339988708496e-01,9.869165420532226562e-01
9.600388407707214355e-01,9.849803447723388672e-01
9.751173853874206543e-01,9.967768788337707520e-01
9.771271944046020508e-01,9.781189560890197754e-01
9.630635976791381836e-01,9.878662824630737305e-01
9.574979543685913086e-01,9.948270320892333984e-01
9.913232326507568359e-01,9.829065799713134766e-01
9.802194833755493164e-01,9.899226427078247070e-01
9.705258011817932129e-01,9.935774803161621094e-01
9.911624789237976074e-01,9.780227541923522949e-01
9.788193702697753906e-01,9.999021887779235840e-01
9.891360998153686523e-01,9.960985183715820312e-01
9.708665609359741211e-01,9.780197143554687500e-01
9.749763011932373047e-01,9.959425926208496094e-01
9.971339106559753418e-01,9.798283576965332031e-01
9.790201187133789062e-01,9.888877272605895996e-01
9.730666279792785645e-01,9.978762269020080566e-01
9.801253080368041992e-01,9.967089891433715820e-01
9.548993110656738281e-01,9.808697104454040527e-01
9.891743659973144531e-01,9.838218688964843750e-01
9.789448976516723633e-01,9.810409545898437500e-01
9.853530526161193848e-01,9.809460043907165527e-01
9.780522584915161133e-01,9.750577211380004883e-01
9.499512910842895508e-01,9.919888377189636230e-01
9.559396505355834961e-01,9.950821399688720703e-01
9.999041557312011719e-01,9.790457487106323242e-01
9.980906248092651367e-01,9.839384555816650391e-01
9.981743097305297852e-01,9.808945655822753906e-01
9.971534013748168945e-01,9.889786839485168457e-01
9.784461259841918945e-01,9.901380538940429688e-01
9.972099661827087402e-01,9.910241961479187012e-01
9.942067861557006836e-01,9.897902011871337891e-01
9.808001518249511719e-01,9.997490644454956055e-01
9.974548220634460449e-01,9.799888730049133301e-01
9.561169743537902832e-01,9.909141659736633301e-01
9.621206521987915039e-01,9.768490195274353027e-01
9.504739642143249512e-01,9.970904588699340820e-01
9.741415977478027344e-01,9.939665198326110840e-01
9.911802411079406738e-01,9.909306764602661133e-01
9.560223817825317383e-01,9.949678182601928711e-01
9.820063114166259766e-01,9.928028583526611328e-01
9.611281752586364746e-01,9.968262910842895508e-01
9.951720237731933594e-01,9.939324855804443359e-01
9.741407632827758789e-01,9.820122718811035156e-01
9.658620953559875488e-01,9.989038705825805664e-01
9.701449871063232422e-01,9.799535274505615234e-01
9.547711610794067383e-01,9.820734262466430664e-01
9.621218442916870117e-01,9.897834658622741699e-01
9.870562553405761719e-01,9.819490909576416016e-01
9.891263246536254883e-01,9.869551062583923340e-01
9.561609029769897461e-01,9.849258661270141602e-01
9.769734144210815430e-01,9.909814000129699707e-01
9.812012910842895508e-01,9.859753847122192383e-01
9.831269979476928711e-01,9.858888387680053711e-01
9.820903539657592773e-01,9.809634089469909668e-01
9.831445217132568359e-01,9.960036277770996094e-01
9.934266805648803711e-01,9.908493757247924805e-01
9.719682931900024414e-01,9.787592887878417969e-01
9.738771319389343262e-01,9.780871868133544922e-01
9.974060058593750000e-01,9.981068372726440430e-01
9.719169735908508301e-01,9.849764704704284668e-01
9.588824510574340820e-01,9.771386384963989258e-01
9.578236937522888184e-01,9.989856481552124023e-01
9.727789163589477539e-01,9.790059924125671387e-01
9.502118825912475586e-01,9.948501586914062500e-01
9.823029041290283203e-01,9.984487295150756836e-01
9.652094244956970215e-01,9.909626245498657227e-01
9.638296961784362793e-01,9.909368157386779785e-01
9.891814589500427246e-01,9.789402484893798828e-01
9.549715518951416016e-01,9.980165362358093262e-01
9.893354177474975586e-01,9.981225132942199707e-01
9.857339262962341309e-01,9.945923686027526855e-01
9.812328219413757324e-01,9.939487576484680176e-01
9.710013866424560547e-01,9.877800941467285156e-01
9.697905778884887695e-01,9.983423352241516113e-01
9.630343317985534668e-01,9.889475107192993164e-01
9.902836084365844727e-01,9.931349158287048340e-01
9.861328005790710449e-01,9.771291017532348633e-01
9.999718666076660156e-01,9.870933890342712402e-01
9.922077059745788574e-01,9.971122741699218750e-01
9.590458869934082031e-01,9.890027046203613281e-01
9.841352701187133789e-01,9.868223071098327637e-01
9.679180979728698730e-01,9.770336151123046875e-01
9.872165322303771973e-01,9.978826045989990234e-01
9.990329146385192871e-01,9.879375696182250977e-01
9.499541521072387695e-01,9.771577119827270508e-01
9.638935923576354980e-01,9.839215874671936035e-01
9.540413618087768555e-01,9.908422231674194336e-01
9.871559739112854004e-01,9.829385280609130859e-01
9.962686300277709961e-01,9.916345477104187012e-01
9.621382355690002441e-01,9.781600236892700195e-01
9.822133779525756836e-01,9.799985885620117188e-01
9.801780581474304199e-01,9.976199865341186523e-01
9.971344470977783203e-01,9.872524738311767578e-01
9.669576883316040039e-01,9.941138029098510742e-01
9.524285793304443359e-01,9.997221827507019043e-01
9.964159727096557617e-01,9.951781034469604492e-01
9.771745800971984863e-01,9.770655632019042969e-01
9.550805687904357910e-01,9.808951616287231445e-01
9.580749273300170898e-01,9.890892505645751953e-01
9.509158134460449219e-01,9.793612957000732422e-01
9.750424623489379883e-01,9.830179214477539062e-01
9.617403149604797363e-01,9.906074404716491699e-01
9.648081064224243164e-01,9.884910583496093750e-01
9.657793045043945312e-01,9.928350448608398438e-01
9.702847003936767578e-01,9.848531484603881836e-01
9.737751483917236328e-01,9.999589323997497559e-01
9.992209672927856445e-01,9.859675765037536621e-01
9.669677019119262695e-01,9.899238944053649902e-01
9.540648460388183594e-01,9.969539642333984375e-01
9.609044790267944336e-01,9.958585500717163086e-01
9.839595556259155273e-01,9.996135234832763672e-01
9.899985194206237793e-01,9.878690838813781738e-01
9.822285175323486328e-01,9.938995242118835449e-01
9.870669841766357422e-01,9.998704195022583008e-01
9.600201845169067383e-01,9.909198284149169922e-01
9.993667006492614746e-01,9.840016365051269531e-01
9.829740524291992188e-01,9.768999814987182617e-01
9.660004973411560059e-01,9.959427118301391602e-01
9.600511789321899414e-01,9.790468215942382812e-01
9.841339588165283203e-01,9.809820652008056641e-01
9.795200824737548828e-01,9.817591905593872070e-01
9.502238035202026367e-01,9.870085716247558594e-01
9.562645554542541504e-01,9.993567466735839844e-01
9.629342555999755859e-01,9.829683899879455566e-01
9.681041240692138672e-01,9.803836345672607422e-01
9.976119995117187500e-01,9.758598804473876953e-01
9.621464014053344727e-01,9.758765101432800293e-01
9.881336688995361328e-01,9.988225698471069336e-01
9.902899861335754395e-01,9.992710351943969727e-01
9.961869716644287109e-01,9.817887544631958008e-01
9.701597094535827637e-01,9.769889712333679199e-01
9.660871624946594238e-01,9.809695482254028320e-01
9.750401377677917480e-01,9.988932609558105469e-01
9.650783538818359375e-01,9.770553708076477051e-01
9.666941165924072266e-01,9.840251803398132324e-01
9.782236218452453613e-01,9.847827553749084473e-01
9.944711923599243164e-01,9.759537577629089355e-01
9.581103324890136719e-01,9.829148650169372559e-01
9.941606521606445312e-01,9.869114160537719727e-01
9.943883419036865234e-01,9.941025972366333008e-01
9.923740625381469727e-01,9.879654645919799805e-01
9.809914827346801758e-01,9.760702252388000488e-01
9.892584085464477539e-01,9.970621466636657715e-01
9.827696084976196289e-01,9.976159930229187012e-01
9.800223708152770996e-01,9.909909367561340332e-01
9.790977239608764648e-01,9.940763115882873535e-01
9.749923944473266602e-01,9.759970307350158691e-01
9.694519639015197754e-01,9.832741618156433105e-01
9.531264901161193848e-01,9.955739378929138184e-01
9.518191814422607422e-01,9.840221405029296875e-01
9.998502731323242188e-01,9.879321455955505371e-01
9.548998475074768066e-01,9.787878990173339844e-01
9.821320772171020508e-01,9.958188533782958984e-01
9.891279935836791992e-01,9.869124293327331543e-01
9.766714572906494141e-01,9.990307092666625977e-01
9.629873037338256836e-01,9.928985238075256348e-01
9.649161696434020996e-01,9.880138635635375977e-01
9.568327665328979492e-01,9.821402430534362793e-01
9.860901236534118652e-01,9.781448841094970703e-01
9.539072513580322266e-01,9.970844388008117676e-01
9.630694389343261719e-01,9.879736900329589844e-01
9.759715795516967773e-01,9.879494905471801758e-01
9.649597406387329102e-01,9.990518093109130859e-01
9.609282016754150391e-01,9.840677976608276367e-01
9.552028179168701172e-01,9.899223446846008301e-01
9.601885676383972168e-01,9.998586773872375488e-01
9.620845317840576172e-01,9.770466089248657227e-01
9.982651472091674805e-01,9.951063394546508789e-01
9.585974216461181641e-01,9.788094758987426758e-01
1.000173568725585938e+00,9.950618147850036621e-01
9.659787416458129883e-01,9.847388267517089844e-01
9.990936517715454102e-01,9.859406352043151855e-01
9.894487857818603516e-01,9.789693355560302734e-01
9.911847114562988281e-01,9.977585673332214355e-01
9.709854125976562500e-01,9.853619337081909180e-01
9.780209064483642578e-01,9.828917980194091797e-01
9.560343623161315918e-01,9.988844394683837891e-01
9.900622367858886719e-01,9.967865943908691406e-01
9.999182224273681641e-01,9.751942753791809082e-01
9.508709907531738281e-01,9.879201650619506836e-01
9.499725699424743652e-01,9.899161458015441895e-01
9.862883687019348145e-01,9.819098711013793945e-01
9.506950378417968750e-01,9.909147620201110840e-01
9.942981004714965820e-01,9.759342074394226074e-01
9.700558185577392578e-01,9.938923716545104980e-01
9.969421625137329102e-01,9.839118123054504395e-01
9.558923840522766113e-01,9.780268073081970215e-01
9.538409113883972168e-01,9.754983186721801758e-01
9.732762575149536133e-01,9.868960380554199219e-01
9.710476994514465332e-01,9.748375415802001953e-01
9.861044287681579590e-01,9.888468980789184570e-01
9.578229188919067383e-01,9.810519218444824219e-01
9.598727822303771973e-01,9.759805798530578613e-01
9.628893733024597168e-01,9.960861802101135254e-01
9.986375570297241211e-01,9.754006862640380859e-01
9.660652875900268555e-01,9.811092615127563477e-01
9.580900073051452637e-01,9.818617105484008789e-01
9.949886798858642578e-01,9.839478731155395508e-01
9.668343067169189453e-01,9.940254092216491699e-01
9.598201513290405273e-01,9.829915761947631836e-01
9.941791892051696777e-01,9.801658391952514648e-01
9.762161970138549805e-01,9.810776710510253906e-01
9.531522989273071289e-01,9.838748574256896973e-01
9.790048003196716309e-01,9.750070571899414062e-01
9.840959310531616211e-01,9.827960729598999023e-01
9.852435588836669922e-01,9.877834320068359375e-01
9.979926943778991699e-01,9.812927246093750000e-01
9.740200638771057129e-01,9.799807667732238770e-01
9.590750932693481445e-01,9.819915890693664551e-01
9.588897228240966797e-01,9.816894531250000000e-01
9.780446887016296387e-01,9.829636216163635254e-01
9.671228528022766113e-01,9.779490232467651367e-01
9.680473804473876953e-01,9.888641834259033203e-01
9.529190659523010254e-01,9.980623722076416016e-01
9.758991003036499023e-01,9.948610663414001465e-01
9.587263464927673340e-01,9.969950318336486816e-01
9.779563546180725098e-01,9.790251255035400391e-01
9.689698815345764160e-01,9.758894443511962891e-01
9.821567535400390625e-01,9.871212244033813477e-01
9.890106320381164551e-01,9.813047647476196289e-01
9.968847036361694336e-01,9.887774586677551270e-01
9.692639112472534180e-01,9.968290328979492188e-01
9.761955738067626953e-01,9.889436960220336914e-01
9.510277509689331055e-01,9.976289868354797363e-01
9.641011953353881836e-01,9.898758530616760254e-01
9.942255020141601562e-01,9.889425635337829590e-01
9.892846941947937012e-01,9.789493083953857422e-01
9.898910522460937500e-01,9.757036566734313965e-01
9.740311503410339355e-01,9.889328479766845703e-01
9.536994695663452148e-01,9.879298210144042969e-01
9.642040133476257324e-01,9.949783682823181152e-01
9.532864689826965332e-01,9.997833967208862305e-01
9.770404100418090820e-01,9.909317493438720703e-01
9.869827032089233398e-01,9.866980910301208496e-01
9.572562575340270996e-01,9.959632754325866699e-01
9.889429807662963867e-01,9.879449009895324707e-01
9.992822408676147461e-01,9.910213351249694824e-01
9.581274986267089844e-01,9.898587465286254883e-01
9.528301954269409180e-01,9.980852603912353516e-01
9.820632338523864746e-01,9.879395365715026855e-01
9.943907260894775391e-01,9.991000890731811523e-01
9.893372058868408203e-01,9.839310646057128906e-01
9.610569477081298828e-01,9.780639410018920898e-01
9.710713624954223633e-01,9.759511947631835938e-01
9.780997037887573242e-01,9.760435819625854492e-01
9.912332296371459961e-01,9.889556169509887695e-01
9.499315023422241211e-01,9.751622080802917480e-01
9.830400347709655762e-01,9.869886040687561035e-01
9.780386686325073242e-01,9.780036211013793945e-01
9.638982415199279785e-01,9.839493036270141602e-01
9.939452409744262695e-01,9.910096526145935059e-01
9.559670090675354004e-01,9.996469020843505859e-01
9.541277885437011719e-01,9.968234300613403320e-01
9.510325193405151367e-01,9.879634976387023926e-01
9.580538272857666016e-01,9.971722364425659180e-01
9.632326364517211914e-01,9.848266243934631348e-01
9.720656871795654297e-01,9.759278297424316406e-01
9.789823293685913086e-01,9.969024062156677246e-01
9.630932807922363281e-01,9.970470666885375977e-01
9.589105248451232910e-01,9.898111820220947266e-01
9.560054540634155273e-01,9.820678830146789551e-01
9.932799339294433594e-01,9.940961003303527832e-01
9.632800221443176270e-01,9.985123872756958008e-01
9.669293761253356934e-01,9.790424108505249023e-01
9.952111244201660156e-01,9.751349687576293945e-01
9.861955642700195312e-01,9.898796081542968750e-01
9.641308784484863281e-01,9.986271858215332031e-01
9.610685110092163086e-01,9.839314818382263184e-01
9.933849573135375977e-01,9.758423566818237305e-01
9.540835022926330566e-01,9.959912300109863281e-01
9.568480253219604492e-01,9.949246048927307129e-01
9.807425141334533691e-01,9.979826807975769043e-01
9.901433587074279785e-01,9.767022728919982910e-01
9.892344474792480469e-01,9.991549253463745117e-01
9.913577437400817871e-01,9.919111728668212891e-01
9.801176786422729492e-01,9.788457751274108887e-01
9.679769873619079590e-01,9.859391450881958008e-01
9.690415859222412109e-01,9.989454746246337891e-01
9.728478789329528809e-01,9.849618673324584961e-01
9.999306797981262207e-01,9.785292148590087891e-01
9.956502914428710938e-01,9.770379066467285156e-01
9.572732448577880859e-01,9.988468885421752930e-01
9.588033556938171387e-01,9.940795898437500000e-01
9.940551519393920898e-01,9.828726649284362793e-01
9.669590592384338379e-01,9.779567122459411621e-01
9.769673347473144531e-01,9.839443564414978027e-01
9.997949004173278809e-01,9.899137616157531738e-01
9.971742630004882812e-01,9.810149669647216797e-01
9.508709907531738281e-01,9.908759593963623047e-01
9.563024044036865234e-01,9.986113309860229492e-01
9.963176846504211426e-01,9.798515439033508301e-01
9.971176385879516602e-01,9.880021810531616211e-01
9.821397066116333008e-01,9.999548792839050293e-01
9.890827536582946777e-01,9.809870123863220215e-01
9.999741911888122559e-01,9.960086941719055176e-01
9.569246768951416016e-01,9.970121383666992188e-01
9.599711298942565918e-01,9.920328855514526367e-01
9.500258564949035645e-01,9.969341754913330078e-01
9.901497960090637207e-01,9.999160766601562500e-01
9.659795761108398438e-01,9.878902435302734375e-01
9.708687067031860352e-01,9.899208545684814453e-01
9.750388860702514648e-01,9.790099263191223145e-01
9.611949920654296875e-01,9.889565110206604004e-01
9.831294417381286621e-01,9.970191717147827148e-01
9.509848356246948242e-01,9.850183725357055664e-01
9.663378000259399414e-01,9.818503856658935547e-01
9.532918930053710938e-01,9.993923902511596680e-01
9.569007754325866699e-01,9.899238944053649902e-01
9.900829792022705078e-01,9.800515174865722656e-01
9.860818386077880859e-01,9.948548078536987305e-01
9.960222840309143066e-01,9.905961751937866211e-01
9.539536833763122559e-01,9.800384044647216797e-01
9.731004238128662109e-01,9.809370636940002441e-01
9.921067357063293457e-01,9.877922534942626953e-01
9.784008264541625977e-01,9.975318312644958496e-01
9.931238889694213867e-01,9.887909889221191406e-01
9.740437269210815430e-01,9.959001541137695312e-01
9.941244125366210938e-01,9.888610839843750000e-01
9.961090087890625000e-01,9.759541749954223633e-01
9.780592322349548340e-01,9.769134521484375000e-01
9.628980159759521484e-01,9.757735729217529297e-01
9.940421581268310547e-01,9.751881361007690430e-01
9.850028753280639648e-01,9.939434528350830078e-01
9.691588878631591797e-01,9.928926825523376465e-01
9.641681909561157227e-01,9.793902635574340820e-01
9.881589412689208984e-01,9.961495995521545410e-01
9.759021401405334473e-01,9.927107691764831543e-01
9.747604131698608398e-01,9.971577525138854980e-01
9.641527533531188965e-01,9.780756831169128418e-01
9.889540672302246094e-01,9.938906431198120117e-01
9.975107312202453613e-01,9.961164593696594238e-01
9.852342009544372559e-01,9.768592119216918945e-01
9.650483131408691406e-01,9.877178668975830078e-01
9.954165816307067871e-01,9.790242910385131836e-01
9.551002979278564453e-01,9.949462413787841797e-01
9.709777235984802246e-01,9.840821027755737305e-01
9.890534281730651855e-01,9.920055270195007324e-01
9.743649959564208984e-01,9.984506964683532715e-01
9.980776906013488770e-01,9.858665466308593750e-01
9.735839962959289551e-01,9.811248183250427246e-01
9.631907939910888672e-01,9.819368124008178711e-01
9.504830837249755859e-01,9.948998093605041504e-01
9.950164556503295898e-01,9.780345559120178223e-01
9.529325366020202637e-01,9.922470450401306152e-01
9.923038482666015625e-01,1.000008583068847656e+00
9.700008630752563477e-01,9.998271465301513672e-01
9.930247068405151367e-01,9.878324270248413086e-01
9.572973251342773438e-01,9.933337569236755371e-01
9.971156120300292969e-01,9.791138172149658203e-01
9.731450080871582031e-01,9.858850836753845215e-01
9.923020005226135254e-01,9.869148731231689453e-01
9.580693840980529785e-01,9.849836826324462891e-01
9.920923709869384766e-01,9.869159460067749023e-01
9.908316135406494141e-01,9.900338649749755859e-01
9.701908826828002930e-01,9.760640859603881836e-01
9.710062742233276367e-01,9.827287197113037109e-01
9.688658714294433594e-01,9.970052838325500488e-01
9.538969993591308594e-01,9.989575147628784180e-01
9.890674948692321777e-01,9.888373017311096191e-01
9.551489353179931641e-01,9.920330643653869629e-01
9.899764657020568848e-01,9.790574908256530762e-01
9.701478481292724609e-01,9.869053363800048828e-01
9.788474440574645996e-01,9.756106138229370117e-01
9.739290475845336914e-01,9.960775375366210938e-01
1.000137329101562500e+00,9.829370975494384766e-01
9.556801319122314453e-01,9.802114963531494141e-01
9.731347560882568359e-01,9.780142307281494141e-01
9.850943088531494141e-01,9.898523688316345215e-01
9.610965251922607422e-01,9.994925856590270996e-01
9.820151329040527344e-01,9.891085624694824219e-01
9.950541257858276367e-01,9.898902177810668945e-01
9.829637408256530762e-01,9.850230216979980469e-01
9.679380059242248535e-01,9.928076863288879395e-01
9.883960485458374023e-01,9.780004024505615234e-01
9.901149868965148926e-01,9.919625520706176758e-01
9.781218767166137695e-01,9.929883480072021484e-01
9.650393724441528320e-01,9.996997117996215820e-01
9.592728018760681152e-01,9.919250607490539551e-01
9.808195829391479492e-01,9.939953088760375977e-01
9.676100611686706543e-01,9.785050749778747559e-01
9.598322510719299316e-01,9.804546833038330078e-01
9.548100233078002930e-01,9.760653376579284668e-01
9.579970836639404297e-01,9.898347854614257812e-01
9.497421979904174805e-01,9.959681630134582520e-01
9.873160123825073242e-01,9.869657754898071289e-01
9.730892181396484375e-01,9.898644685745239258e-01
9.526937007904052734e-01,9.820438623428344727e-01
9.561285376548767090e-01,9.828792214393615723e-01
9.570637345314025879e-01,9.972953200340270996e-01
9.650912880897521973e-01,9.998849630355834961e-01
9.842306375503540039e-01,9.779028296470642090e-01
9.508385062217712402e-01,9.946920871734619141e-01
9.981338381767272949e-01,9.910100698471069336e-01
9.931483864784240723e-01,9.890066981315612793e-01
9.762151241302490234e-01,9.996385574340820312e-01
9.780162572860717773e-01,9.779763221740722656e-01
9.559227228164672852e-01,9.790354967117309570e-01
9.512046575546264648e-01,9.867730140686035156e-01
9.809589385986328125e-01,9.978846311569213867e-01
9.529045820236206055e-01,9.769964814186096191e-01
9.689056873321533203e-01,9.889642000198364258e-01
9.651937484741210938e-01,9.750749468803405762e-01
9.955111145973205566e-01,9.829310774803161621e-01
9.912053346633911133e-01,9.789683222770690918e-01
9.802731275558471680e-01,9.900789856910705566e-01
9.830002188682556152e-01,9.889591932296752930e-01
9.551235437393188477e-01,9.938424825668334961e-01
9.520461559295654297e-01,9.960330128669738770e-01
9.559803605079650879e-01,9.840350151062011719e-01
9.930380582809448242e-01,9.858605861663818359e-01
9.719641208648681641e-01,9.749731421470642090e-01
9.980671405792236328e-01,9.971792101860046387e-01
9.599409699440002441e-01,9.949957728385925293e-01
9.982390999794006348e-01,9.950515627861022949e-01
9.933288097381591797e-01,9.790049791336059570e-01
9.722472429275512695e-01,9.998295307159423828e-01
9.631948471069335938e-01,9.919997453689575195e-01
9.739939570426940918e-01,9.859206676483154297e-01
9.881356954574584961e-01,9.979716539382934570e-01
9.959443807601928711e-01,9.839557409286499023e-01
9.910072684288024902e-01,9.989655613899230957e-01
9.851113557815551758e-01,9.820861816406250000e-01
9.910900592803955078e-01,9.751732349395751953e-01
9.496352672576904297e-01,9.788745641708374023e-01
9.971071481704711914e-01,9.830583333969116211e-01
9.790174961090087891e-01,9.780403375625610352e-01
9.891508817672729492e-01,9.810800552368164062e-01
9.912985563278198242e-01,9.908704757690429688e-01
9.609142541885375977e-01,9.910410642623901367e-01
9.964888095855712891e-01,9.961017370223999023e-01
9.934226870536804199e-01,9.930235147476196289e-01
9.992366433143615723e-01,9.909273386001586914e-01
9.806482791900634766e-01,9.898762702941894531e-01
9.991195201873779297e-01,9.765147566795349121e-01
9.981876611709594727e-01,9.890295267105102539e-01
9.799036979675292969e-01,9.981695413589477539e-01
9.712238907814025879e-01,9.917179942131042480e-01
9.830477237701416016e-01,9.918971061706542969e-01
9.729367494583129883e-01,9.759927988052368164e-01
9.933170676231384277e-01,9.901123642921447754e-01
9.832000732421875000e-01,9.819230437278747559e-01
9.970439076423645020e-01,9.900201559066772461e-01
9.670321941375732422e-01,9.869818687438964844e-01
9.578783512115478516e-01,9.849792718887329102e-01
9.950349926948547363e-01,9.948654174804687500e-01
9.942820072174072266e-01,9.971197843551635742e-01
9.981803297996520996e-01,9.979151487350463867e-01
9.789580702781677246e-01,9.980030059814453125e-01
9.513588547706604004e-01,9.965425133705139160e-01
9.972198605537414551e-01,9.810461401939392090e-01
9.982103705406188965e-01,9.859434366226196289e-01
9.931489229202270508e-01,9.929066300392150879e-01
9.759907126426696777e-01,9.809578061103820801e-01
9.736699461936950684e-01,9.801511764526367188e-01
9.879783391952514648e-01,9.898905754089355469e-01
9.690455198287963867e-01,9.909583330154418945e-01
9.610384106636047363e-01,9.838252663612365723e-01
9.499625563621520996e-01,9.899519681930541992e-01
9.610679149627685547e-01,9.770246744155883789e-01
9.779181480407714844e-01,9.908720254898071289e-01
9.547032117843627930e-01,9.976448416709899902e-01
9.651588797569274902e-01,9.930001497268676758e-01
9.997043609619140625e-01,9.867591857910156250e-01
9.771806001663208008e-01,9.788798093795776367e-01
9.972608685493469238e-01,9.938577413558959961e-01
9.698552489280700684e-01,9.810599684715270996e-01
9.538939595222473145e-01,9.969748258590698242e-01
9.810214638710021973e-01,9.880176782608032227e-01
9.569714665412902832e-01,9.910675287246704102e-01
9.901795983314514160e-01,9.999638795852661133e-01
9.690325856208801270e-01,9.969939589500427246e-01
9.820622205734252930e-01,9.827910661697387695e-01
9.507658481597900391e-01,9.995248317718505859e-01
9.759446382522583008e-01,9.780234694480895996e-01
9.841346740722656250e-01,9.988766908645629883e-01
9.540624618530273438e-01,9.760341048240661621e-01
9.770669341087341309e-01,9.799979329109191895e-01
9.691838026046752930e-01,9.949961900711059570e-01
9.811115860939025879e-01,9.859148263931274414e-01
9.749253392219543457e-01,9.829454421997070312e-01
9.748154878616333008e-01,9.956128597259521484e-01
9.512451291084289551e-01,9.979995489120483398e-01
9.782372117042541504e-01,9.858675003051757812e-01
9.871662855148315430e-01,9.940446019172668457e-01
9.878860116004943848e-01,9.916669130325317383e-01
9.660280346870422363e-01,9.839012026786804199e-01
9.973189830780029297e-01,9.981482625007629395e-01
9.760128259658813477e-01,9.810079336166381836e-01
9.959796667098999023e-01,9.770454764366149902e-01
9.772435426712036133e-01,9.770513176918029785e-01
9.577715396881103516e-01,9.840607643127441406e-01
9.504514336585998535e-01,9.918702840805053711e-01
9.901608228683471680e-01,9.919934868812561035e-01
9.690130949020385742e-01,9.890112876892089844e-01
9.534560441970825195e-01,9.930692911148071289e-01
9.747543334960937500e-01,9.968270063400268555e-01
9.963042140007019043e-01,9.919846653938293457e-01
9.878677725791931152e-01,9.999836683273315430e-01
9.830809831619262695e-01,1.000012874603271484e+00
9.569682478904724121e-01,9.781723022460937500e-01
9.777284264564514160e-01,9.981364607810974121e-01
9.919267892837524414e-01,9.928813576698303223e-01
9.772188663482666016e-01,9.848636388778686523e-01
9.982448816299438477e-01,9.940191507339477539e-01
9.589346051216125488e-01,9.990237951278686523e-01
9.800350666046142578e-01,9.829621911048889160e-01
9.930784702301025391e-01,9.939323663711547852e-01
9.900889396667480469e-01,9.791340231895446777e-01
9.769601821899414062e-01,9.888675212860107422e-01
9.568315744400024414e-01,9.830452203750610352e-01
9.888128042221069336e-01,9.796986579895019531e-01
9.851378202438354492e-01,9.959843158721923828e-01
9.660829305648803711e-01,9.840269684791564941e-01
9.761128425598144531e-01,9.978652000427246094e-01
9.637010693550109863e-01,9.825152158737182617e-01
9.980618953704833984e-01,9.878991246223449707e-01
9.890681505203247070e-01,9.800681471824645996e-01
9.522235989570617676e-01,9.879271984100341797e-01
9.985319375991821289e-01,9.886988997459411621e-01
9.622191190719604492e-01,9.949559569358825684e-01
9.973224401473999023e-01,9.819235205650329590e-01
9.903925657272338867e-01,9.838908910751342773e-01
9.949649572372436523e-01,9.799092411994934082e-01
9.508526921272277832e-01,9.779971241950988770e-01
9.901168346405029297e-01,9.820311069488525391e-01
9.790798425674438477e-01,9.749702811241149902e-01
9.931988716125488281e-01,9.838682413101196289e-01
9.660162925720214844e-01,9.879896640777587891e-01
9.756751060485839844e-01,9.954272508621215820e-01
9.993075728416442871e-01,9.999336600303649902e-01
9.649649262428283691e-01,9.969636201858520508e-01
9.861296415328979492e-01,9.759025573730468750e-01
9.560865759849548340e-01,9.879064559936523438e-01
9.961693286895751953e-01,9.977692961692810059e-01
9.525777697563171387e-01,9.991053342819213867e-01
9.901112318038940430e-01,9.779870510101318359e-01
9.808810353279113770e-01,9.829974770545959473e-01
9.682356715202331543e-01,9.908057451248168945e-01
9.517593383789062500e-01,9.970240592956542969e-01
9.649419784545898438e-01,9.848837852478027344e-01
9.707612991333007812e-01,9.960111379623413086e-01
9.954133033752441406e-01,9.980922937393188477e-01
9.721113443374633789e-01,9.856420755386352539e-01
9.799159765243530273e-01,9.928230643272399902e-01
9.611506462097167969e-01,9.760206937789916992e-01
9.750442504882812500e-01,9.809058904647827148e-01
9.770725965499877930e-01,9.959050416946411133e-01
9.798890948295593262e-01,9.869192242622375488e-01
9.590337276458740234e-01,9.970405697822570801e-01
9.871222376823425293e-01,9.910291433334350586e-01
9.652066230773925781e-01,9.953546524047851562e-01
9.519526362419128418e-01,9.990782141685485840e-01
9.522904753684997559e-01,9.907460212707519531e-01
9.799755811691284180e-01,9.910341501235961914e-01
9.902182817459106445e-01,9.830069541931152344e-01
9.629148840904235840e-01,9.920288920402526855e-01
9.781100749969482422e-01,9.828976392745971680e-01
9.669624567031860352e-01,9.918915629386901855e-01
9.579902291297912598e-01,9.770131111145019531e-01
9.506884813308715820e-01,9.799738526344299316e-01
9.506959915161132812e-01,9.771649837493896484e-01
9.985698461532592773e-01,9.760395288467407227e-01
9.711236357688903809e-01,9.779298305511474609e-01
9.620672464370727539e-01,9.760394096374511719e-01
9.650979638099670410e-01,9.760723710060119629e-01
9.993155002593994141e-01,9.809679388999938965e-01
9.720253944396972656e-01,9.828514456748962402e-01
9.590590000152587891e-01,9.938809871673583984e-01
9.750814437866210938e-01,9.979148507118225098e-01
9.841127991676330566e-01,9.876990318298339844e-01
9.687007069587707520e-01,9.980198144912719727e-01
9.707999229431152344e-01,9.839869737625122070e-01
9.779134988784790039e-01,9.918904304504394531e-01
9.972047209739685059e-01,9.889720082283020020e-01
9.873591065406799316e-01,9.770187139511108398e-01
9.730172753334045410e-01,9.780091047286987305e-01
9.521741271018981934e-01,9.751955866813659668e-01
9.600815176963806152e-01,9.976875782012939453e-01
9.842212796211242676e-01,9.888801574707031250e-01
9.506165981292724609e-01,9.757691025733947754e-01
9.770060777664184570e-01,9.849616885185241699e-01
9.963330030441284180e-01,9.929935932159423828e-01
9.956162571907043457e-01,9.855042099952697754e-01
9.731407165527343750e-01,9.929854273796081543e-01
9.598166346549987793e-01,9.840064048767089844e-01
9.779172539710998535e-01,9.960053563117980957e-01
9.994383454322814941e-01,9.770160913467407227e-01
9.590106010437011719e-01,9.928966164588928223e-01
9.891012310981750488e-01,9.829540848731994629e-01
9.563885927200317383e-01,9.939638972282409668e-01
9.810604453086853027e-01,9.759305715560913086e-01
9.667140245437622070e-01,9.994590282440185547e-01
9.750298261642456055e-01,9.779114723205566406e-01
9.902495741844177246e-01,9.980444908142089844e-01
9.982242584228515625e-01,9.840658903121948242e-01
9.801410436630249023e-01,9.939770698547363281e-01
9.658902883529663086e-01,9.879357814788818359e-01
9.982724785804748535e-01,9.753216505050659180e-01
9.792920351028442383e-01,9.785573482513427734e-01
9.819653034210205078e-01,9.810892343521118164e-01
9.528976678848266602e-01,9.830682277679443359e-01
9.570816159248352051e-01,9.869633316993713379e-01
9.769439101219177246e-01,9.971034526824951172e-01
9.739049673080444336e-01,9.919319152832031250e-01
9.591513276100158691e-01,9.990090727806091309e-01
9.710944890975952148e-01,9.900432825088500977e-01
9.951516389846801758e-01,9.989749789237976074e-01
9.571278095245361328e-01,9.839470982551574707e-01
9.519569873809814453e-01,9.899162054061889648e-01
9.688984155654907227e-01,9.988119006156921387e-01
9.729906320571899414e-01,9.780517220497131348e-01
9.840896725654602051e-01,9.910047650337219238e-01
9.841396212577819824e-01,9.989860653877258301e-01
9.860692024230957031e-01,9.870207309722900391e-01
9.660246968269348145e-01,9.750451445579528809e-01
9.500631093978881836e-01,9.849999547004699707e-01
9.785485267639160156e-01,9.962723255157470703e-01
9.630229473114013672e-01,9.849013090133666992e-01
9.560508728027343750e-01,9.888900518417358398e-01
9.650285840034484863e-01,9.900860786437988281e-01
9.559368491172790527e-01,9.869665503501892090e-01
9.971686005592346191e-01,9.919072389602661133e-01
9.690736532211303711e-01,9.939261078834533691e-01
9.781192541122436523e-01,9.759427905082702637e-01
9.581208825111389160e-01,9.990091323852539062e-01
9.801200628280639648e-01,9.828752279281616211e-01
9.759249091148376465e-01,9.840430021286010742e-01
9.820078611373901367e-01,9.780427217483520508e-01
9.515895247459411621e-01,9.860846996307373047e-01
9.962023496627807617e-01,9.800055027008056641e-01
9.630655050277709961e-01,9.769405126571655273e-01
9.518965482711791992e-01,9.889465570449829102e-01
9.777268171310424805e-01,9.835734963417053223e-01
9.980509877204895020e-01,9.760769009590148926e-01
9.830036759376525879e-01,9.915794134140014648e-01
9.811767339706420898e-01,9.850060939788818359e-01
9.758102297782897949e-01,9.991279840469360352e-01
9.972662329673767090e-01,9.989655017852783203e-01
9.982682466506958008e-01,9.779884815216064453e-01
9.754143953323364258e-01,9.894967675209045410e-01
9.860792160034179688e-01,9.899855256080627441e-01
9.580426216125488281e-01,9.818938970565795898e-01
9.843246340751647949e-01,9.907850027084350586e-01
9.570416808128356934e-01,9.869090318679809570e-01
9.650694131851196289e-01,9.918563365936279297e-01
9.923586845397949219e-01,9.754435420036315918e-01
9.599452614784240723e-01,9.770584106445312500e-01
9.680374860763549805e-01,9.798651337623596191e-01
9.730461835861206055e-01,9.799918532371520996e-01
9.759099483489990234e-01,9.970225095748901367e-01
9.900936484336853027e-01,9.800609946250915527e-01
9.980926513671875000e-01,9.810487031936645508e-01
9.899752140045166016e-01,9.751941561698913574e-01
9.931178689002990723e-01,9.898798465728759766e-01
9.917324781417846680e-01,9.820204973220825195e-01
9.730737209320068359e-01,9.979606270790100098e-01
9.549167156219482422e-01,9.749707579612731934e-01
9.830737113952636719e-01,9.967637062072753906e-01
9.910771846771240234e-01,9.760805368423461914e-01
9.971581697463989258e-01,9.918804168701171875e-01
9.910759925842285156e-01,9.816676378250122070e-01
9.992125630378723145e-01,9.899381399154663086e-01
9.532577395439147949e-01,9.940742850303649902e-01
9.592441320419311523e-01,9.959616065025329590e-01
9.973552227020263672e-01,9.856095910072326660e-01
9.610730409622192383e-01,9.820958375930786133e-01
9.715341329574584961e-01,9.965057373046875000e-01
9.878200888633728027e-01,9.898923635482788086e-01
9.991387128829956055e-01,9.905763864517211914e-01
9.517849087715148926e-01,9.869145750999450684e-01
9.499806165695190430e-01,9.970632195472717285e-01
9.829789400100708008e-01,9.939756989479064941e-01
9.580262899398803711e-01,9.899100065231323242e-01
9.527353048324584961e-01,9.970614910125732422e-01
9.519701004028320312e-01,9.930925369262695312e-01
9.863603711128234863e-01,9.794052839279174805e-01
9.922782182693481445e-01,9.880221486091613770e-01
9.581856727600097656e-01,9.859876036643981934e-01
9.503149986267089844e-01,9.934218525886535645e-01
9.710979461669921875e-01,9.839286804199218750e-01
9.699283838272094727e-01,9.780827164649963379e-01
9.881249666213989258e-01,9.939478039741516113e-01
9.558855295181274414e-01,9.774113893508911133e-01
9.784061908721923828e-01,9.834213256835937500e-01
9.959824085235595703e-01,9.889873862266540527e-01
9.821600914001464844e-01,9.989171028137207031e-01
9.830005764961242676e-01,9.759982824325561523e-01
9.681257605552673340e-01,9.818825721740722656e-01
9.820883274078369141e-01,9.790042042732238770e-01
9.995323419570922852e-01,9.813760519027709961e-01
9.638843536376953125e-01,9.867339134216308594e-01
9.996643066406250000e-01,9.979627728462219238e-01
9.911552667617797852e-01,9.859138727188110352e-01
9.970798492431640625e-01,9.779729247093200684e-01
9.809756875038146973e-01,9.984756112098693848e-01
9.639416933059692383e-01,9.810064435005187988e-01
9.769687652587890625e-01,9.838957190513610840e-01
9.881208539009094238e-01,9.750338792800903320e-01
9.580909609794616699e-01,9.989161491394042969e-01
9.919286966323852539e-01,9.957727193832397461e-01
9.840378165245056152e-01,9.791131019592285156e-01
9.710211753845214844e-01,9.858380556106567383e-01
9.873037338256835938e-01,9.829209446907043457e-01
9.558484554290771484e-01,9.796147942543029785e-01
9.789948463439941406e-01,9.868551492691040039e-01
9.607673883438110352e-01,9.785230159759521484e-01
9.578287601470947266e-01,9.776713252067565918e-01
9.838851690292358398e-01,9.999465346336364746e-01
9.658420085906982422e-01,9.940088987350463867e-01
9.611592888832092285e-01,9.949749708175659180e-01
9.769074916839599609e-01,9.829968810081481934e-01
9.939672946929931641e-01,9.790567159652709961e-01
9.571571350097656250e-01,9.992616176605224609e-01
9.849693775177001953e-01,9.898736476898193359e-01
9.980813264846801758e-01,9.791103601455688477e-01
9.740394353866577148e-01,9.751609563827514648e-01
9.878877997398376465e-01,9.896995425224304199e-01
9.639776945114135742e-01,9.959907531738281250e-01
9.851609468460083008e-01,9.829022288322448730e-01
9.591461420059204102e-01,9.818342924118041992e-01
9.973094463348388672e-01,9.759260416030883789e-01
9.961190819740295410e-01,9.948441982269287109e-01
9.860360026359558105e-01,9.929981827735900879e-01
9.579818248748779297e-01,9.899964928627014160e-01
9.991186857223510742e-01,9.976700544357299805e-01
9.547653794288635254e-01,9.870334267616271973e-01
9.985917806625366211e-01,9.988790750503540039e-01
9.541761875152587891e-01,9.838166236877441406e-01
9.870548844337463379e-01,9.762246012687683105e-01
9.620795845985412598e-01,9.748090505599975586e-01
9.930635094642639160e-01,9.999915361404418945e-01
9.568017125129699707e-01,9.758633375167846680e-01
9.984522461891174316e-01,9.751884937286376953e-01
9.542006254196166992e-01,9.993284344673156738e-01
9.756709337234497070e-01,9.935777783393859863e-01
9.729398488998413086e-01,9.839455485343933105e-01
9.944191575050354004e-01,9.877813458442687988e-01
9.530309438705444336e-01,9.930610656738281250e-01
9.711731076240539551e-01,9.939152002334594727e-01
9.730111956596374512e-01,9.800379276275634766e-01
9.520778656005859375e-01,9.829275608062744141e-01
9.875858426094055176e-01,9.972357749938964844e-01
1.000133991241455078e+00,9.789690375328063965e-01
9.766364097595214844e-01,9.783554077148437500e-01
9.973617196083068848e-01,9.898424148559570312e-01
9.640463590621948242e-01,9.869441986083984375e-01
9.911321401596069336e-01,9.751400947570800781e-01
9.997349381446838379e-01,9.909305572509765625e-01
9.660869836807250977e-01,9.976530075073242188e-01
9.782522320747375488e-01,9.854382872581481934e-01
9.786282777786254883e-01,9.803352952003479004e-01
9.922509193420410156e-01,9.810566902160644531e-01
9.649795889854431152e-01,9.828736782073974609e-01
9.912919402122497559e-01,9.798892736434936523e-01
9.599900245666503906e-01,9.987767934799194336e-01
9.708764553070068359e-01,9.879301190376281738e-01
9.536412954330444336e-01,9.907823801040649414e-01
9.752055406570434570e-01,9.789626002311706543e-01
9.709773659706115723e-01,9.799724817276000977e-01
9.580557346343994141e-01,9.909333586692810059e-01
9.947517514228820801e-01,9.949523806571960449e-01
9.829709529876708984e-01,9.948914647102355957e-01
9.943855404853820801e-01,9.869452118873596191e-01
9.811410903930664062e-01,9.818667173385620117e-01
9.507667422294616699e-01,9.990946054458618164e-01
9.536481499671936035e-01,9.831875562667846680e-01
9.579585790634155273e-01,9.809734225273132324e-01
9.931654930114746094e-01,9.919005036354064941e-01
9.718577265739440918e-01,9.859461188316345215e-01
9.592696428298950195e-01,9.831706881523132324e-01
9.520680308341979980e-01,9.995422363281250000e-01
9.541195631027221680e-01,9.947969913482666016e-01
9.810521602630615234e-01,9.879631996154785156e-01
9.940459728240966797e-01,9.840731620788574219e-01
9.710129499435424805e-01,9.959436655044555664e-01
9.831917881965637207e-01,9.950311183929443359e-01
9.568918943405151367e-01,9.899617433547973633e-01
9.972434043884277344e-01,9.860249161720275879e-01
9.609839916229248047e-01,9.811569452285766602e-01
9.820826649665832520e-01,9.809185266494750977e-01
9.821624755859375000e-01,9.869192838668823242e-01
9.640270471572875977e-01,9.979273676872253418e-01
9.541675448417663574e-01,9.859752655029296875e-01
9.914647340774536133e-01,9.933383464813232422e-01
9.871373772621154785e-01,9.838492870330810547e-01
9.610184431076049805e-01,9.829342961311340332e-01
9.614827632904052734e-01,9.938691258430480957e-01
9.601767063140869141e-01,9.982207417488098145e-01
9.710071086883544922e-01,9.990392923355102539e-01
9.591206312179565430e-01,9.799461960792541504e-01
9.882715344429016113e-01,9.990066289901733398e-01
9.772388935089111328e-01,9.891992211341857910e-01
9.660814404487609863e-01,9.987787008285522461e-01
9.558463096618652344e-01,9.771013259887695312e-01
9.911152720451354980e-01,9.970588088035583496e-01
9.598877429962158203e-01,9.953075647354125977e-01
9.841257333755493164e-01,9.828769564628601074e-01
9.933998584747314453e-01,1.000003457069396973e+00
9.999226927757263184e-01,9.830333590507507324e-01
9.512311220169067383e-01,9.978328943252563477e-01
9.925866127014160156e-01,9.804719090461730957e-01
9.748677015304565430e-01,9.908782243728637695e-01
9.903988242149353027e-01,1.000009775161743164e+00
9.654445052146911621e-01,9.990742206573486328e-01
9.806998968124389648e-01,9.856368303298950195e-01
9.860273599624633789e-01,9.889892935752868652e-01
9.759695529937744141e-01,9.960377216339111328e-01
9.954221248626708984e-01,9.889016151428222656e-01
9.809917807579040527e-01,9.789864420890808105e-01
9.759989976882934570e-01,9.929410815238952637e-01
9.749364852905273438e-01,9.830071926116943359e-01
9.599668979644775391e-01,9.879281520843505859e-01
9.498503804206848145e-01,9.768627882003784180e-01
9.577316045761108398e-01,9.960201382637023926e-01
9.567738771438598633e-01,9.760507345199584961e-01
9.881093502044677734e-01,9.750243425369262695e-01
9.869900345802307129e-01,9.799268245697021484e-01
9.551638364791870117e-01,9.966619014739990234e-01
9.568473696708679199e-01,9.840506315231323242e-01
9.658139348030090332e-01,9.760278463363647461e-01
9.862828254699707031e-01,9.999988079071044922e-01
9.670896530151367188e-01,9.967867732048034668e-01
9.667728543281555176e-01,9.859384298324584961e-01
9.861958026885986328e-01,9.799597859382629395e-01
9.782934188842773438e-01,9.771654605865478516e-01
9.690061211585998535e-01,9.868407249450683594e-01
9.648241400718688965e-01,9.776488542556762695e-01
9.787521362304687500e-01,9.984117150306701660e-01
9.983140230178833008e-01,9.819383621215820312e-01
9.984508752822875977e-01,9.909451007843017578e-01
9.868896603584289551e-01,9.887838363647460938e-01
9.519897699356079102e-01,9.938880205154418945e-01
9.767547845840454102e-01,9.823361635208129883e-01
9.821380376815795898e-01,9.790145158767700195e-01
9.990248084068298340e-01,9.859064817428588867e-01
9.800182580947875977e-01,9.910945892333984375e-01
9.900538325309753418e-01,9.929963946342468262e-01
9.820834398269653320e-01,9.979949593544006348e-01
9.972831606864929199e-01,9.991840720176696777e-01
9.698522686958312988e-01,9.959610700607299805e-01
9.931098222732543945e-01,9.950779676437377930e-01
9.719796180725097656e-01,9.960262775421142578e-01
9.800623655319213867e-01,9.758101701736450195e-01
9.586126804351806641e-01,9.804564714431762695e-01
9.516546726226806641e-01,9.985055923461914062e-01
9.600723385810852051e-01,9.879117012023925781e-01
9.805603623390197754e-01,9.870902299880981445e-01
9.758546948432922363e-01,9.951059818267822266e-01
9.711482524871826172e-01,9.781181216239929199e-01
9.749834537506103516e-01,9.848682880401611328e-01
9.691431522369384766e-01,9.898791313171386719e-01
9.739683866500854492e-01,9.929812550544738770e-01
9.823250770568847656e-01,9.838623404502868652e-01
9.930877089500427246e-01,9.849054217338562012e-01
9.519858360290527344e-01,9.800025820732116699e-01
9.870320558547973633e-01,9.810025691986083984e-01
9.952897429466247559e-01,9.879557490348815918e-01
9.668355584144592285e-01,9.749525785446166992e-01
9.981716871261596680e-01,9.938316345214843750e-01
9.529322385787963867e-01,9.830759167671203613e-01
9.911502599716186523e-01,9.980042576789855957e-01
9.721775650978088379e-01,9.981665611267089844e-01
9.750821590423583984e-01,9.890096783638000488e-01
9.868923425674438477e-01,9.949406385421752930e-01
9.660261869430541992e-01,9.748872518539428711e-01
9.589413404464721680e-01,9.850820302963256836e-01
9.862470626831054688e-01,9.900430440902709961e-01
1.000042200088500977e+00,9.848914742469787598e-01
9.677225947380065918e-01,9.827347397804260254e-01
9.856356382369995117e-01,9.900446534156799316e-01
9.788818359375000000e-01,9.959499239921569824e-01
9.572950601577758789e-01,9.965264797210693359e-01
9.888849854469299316e-01,9.779085516929626465e-01
9.992611408233642578e-01,9.830002784729003906e-01
9.599477052688598633e-01,9.797183275222778320e-01
9.860216379165649414e-01,9.883363246917724609e-01
9.658327102661132812e-01,9.850108027458190918e-01
9.548273682594299316e-01,9.829183816909790039e-01
9.815687537193298340e-01,9.760116338729858398e-01
9.768769741058349609e-01,9.959406852722167969e-01
9.729376435279846191e-01,9.809561967849731445e-01
9.973171353340148926e-01,9.777923226356506348e-01
9.876705408096313477e-01,9.825026988983154297e-01
9.989544749259948730e-01,9.890208244323730469e-01
9.730877280235290527e-01,9.889814853668212891e-01
9.721798896789550781e-01,9.949483871459960938e-01
9.689418673515319824e-01,9.839993715286254883e-01
9.507066011428833008e-01,9.889953136444091797e-01
1.000003814697265625e+00,9.980031251907348633e-01
9.499992728233337402e-01,9.909510612487792969e-01
9.569392204284667969e-01,9.779508709907531738e-01
9.945591688156127930e-01,9.764829874038696289e-01
9.816234111785888672e-01,9.933165907859802246e-01
9.861199259757995605e-01,9.939643740653991699e-01
9.830508232116699219e-01,9.818704128265380859e-01
9.639367461204528809e-01,9.947836399078369141e-01
9.629528522491455078e-01,9.999059438705444336e-01
9.711046218872070312e-01,9.770113229751586914e-01
9.890546202659606934e-01,9.849293828010559082e-01
9.761379957199096680e-01,9.909287095069885254e-01
9.954186081886291504e-01,9.852069020271301270e-01
9.911969900131225586e-01,9.839453697204589844e-01
9.881970286369323730e-01,9.919465184211730957e-01
9.661421179771423340e-01,9.950127601623535156e-01
9.943765997886657715e-01,9.780729413032531738e-01
9.840849637985229492e-01,9.879770874977111816e-01
9.498676061630249023e-01,9.830114841461181641e-01
9.800985455513000488e-01,9.819455146789550781e-01
9.589049220085144043e-01,9.900049567222595215e-01
9.920454025268554688e-01,9.760230779647827148e-01
9.999163746833801270e-01,9.928375482559204102e-01
9.920181632041931152e-01,9.800512194633483887e-01
9.810222387313842773e-01,9.958508014678955078e-01
9.879963994026184082e-01,9.840048551559448242e-01
9.592870473861694336e-01,9.939945936203002930e-01
9.840165376663208008e-01,9.928684830665588379e-01
9.661086797714233398e-01,9.921121597290039062e-01
9.912971854209899902e-01,9.770648479461669922e-01
9.799973964691162109e-01,9.919098615646362305e-01
9.891818761825561523e-01,9.950495958328247070e-01
9.982098340988159180e-01,9.800071120262145996e-01
9.650145769119262695e-01,9.879541397094726562e-01
9.930766224861145020e-01,9.990928173065185547e-01
9.761384129524230957e-01,9.948810338973999023e-01
9.861701726913452148e-01,9.961443543434143066e-01
9.508156776428222656e-01,9.920054674148559570e-01
9.628551006317138672e-01,9.910265803337097168e-01
9.505831003189086914e-01,9.765802025794982910e-01
9.670830965042114258e-01,9.989400506019592285e-01
9.610686302185058594e-01,9.848915934562683105e-01
9.761460423469543457e-01,9.828348755836486816e-01
9.650801420211791992e-01,9.986814856529235840e-01
9.810076355934143066e-01,9.899033308029174805e-01
9.699727892875671387e-01,9.920365810394287109e-01
9.518570899963378906e-01,9.879594445228576660e-01
9.989680647850036621e-01,9.978270530700683594e-01
9.870201349258422852e-01,9.829788804054260254e-01
9.740513563156127930e-01,9.979093074798583984e-01
9.840732812881469727e-01,9.749928116798400879e-01
9.750985503196716309e-01,9.786355495452880859e-01
9.599467515945434570e-01,9.759996533393859863e-01
9.748893976211547852e-01,9.948999881744384766e-01
9.697448611259460449e-01,9.879435300827026367e-01
9.943003654479980469e-01,9.759701490402221680e-01
9.691679477691650391e-01,9.909509420394897461e-01
9.861456751823425293e-01,9.998362064361572266e-01
9.502665400505065918e-01,9.930551648139953613e-01
9.971009492874145508e-01,9.800730943679809570e-01
9.982367157936096191e-01,9.770658612251281738e-01
9.998272061347961426e-01,9.973063468933105469e-01
9.809179306030273438e-01,9.885122179985046387e-01
9.994521141052246094e-01,9.950457811355590820e-01
9.771020412445068359e-01,9.788593649864196777e-01
9.882415533065795898e-01,9.970129728317260742e-01
9.730042219161987305e-01,9.919865727424621582e-01
9.749759435653686523e-01,9.919514656066894531e-01
9.843548536300659180e-01,9.792819023132324219e-01
9.820311665534973145e-01,9.908922910690307617e-01
9.791876077651977539e-01,9.750552177429199219e-01
9.834223985671997070e-01,9.792436361312866211e-01
9.700031280517578125e-01,9.917998909950256348e-01
9.590247869491577148e-01,9.948896169662475586e-01
9.770326018333435059e-01,9.998999834060668945e-01
9.828801155090332031e-01,9.939033389091491699e-01
9.691895246505737305e-01,9.780706763267517090e-01
9.650891423225402832e-01,9.967453479766845703e-01
9.760320186614990234e-01,9.809469580650329590e-01
9.559379220008850098e-01,9.906516075134277344e-01
9.579962491989135742e-01,9.938315153121948242e-01
9.531800746917724609e-01,9.819360971450805664e-01
9.739841222763061523e-01,9.829617142677307129e-01
9.829166531562805176e-01,9.908744692802429199e-01
9.821531772613525391e-01,9.892507195472717285e-01
9.641782045364379883e-01,9.769983887672424316e-01
9.691303968429565430e-01,9.818947315216064453e-01
9.962302446365356445e-01,9.810267686843872070e-01
9.911634922027587891e-01,9.800015091896057129e-01
9.639809131622314453e-01,9.760574102401733398e-01
9.882655739784240723e-01,9.880464076995849609e-01
9.552890062332153320e-01,9.992920160293579102e-01
9.547289609909057617e-01,9.980134367942810059e-01
9.790210723876953125e-01,9.898709058761596680e-01
9.740294218063354492e-01,9.809105396270751953e-01
9.568189382553100586e-01,9.757080674171447754e-01
9.990987777709960938e-01,9.990590810775756836e-01
9.791148900985717773e-01,9.878252744674682617e-01
9.858301877975463867e-01,9.928814172744750977e-01
9.770152568817138672e-01,9.839117527008056641e-01
9.881646633148193359e-01,9.950745701789855957e-01
9.542616009712219238e-01,9.770210981369018555e-01
9.729280471801757812e-01,9.820092916488647461e-01
9.711324572563171387e-01,9.929099678993225098e-01
9.859750270843505859e-01,9.986990690231323242e-01
9.722381830215454102e-01,9.784499406814575195e-01
9.516985416412353516e-01,9.990500211715698242e-01
9.954584240913391113e-01,9.779397249221801758e-01
9.767171144485473633e-01,9.976989030838012695e-01
9.997003674507141113e-01,9.761393666267395020e-01
9.772863984107971191e-01,9.927753210067749023e-01
9.800498485565185547e-01,9.888710379600524902e-01
9.923561215400695801e-01,9.980729222297668457e-01
9.781482815742492676e-01,9.810158014297485352e-01
9.930769205093383789e-01,9.908989667892456055e-01
9.681596755981445312e-01,9.898979663848876953e-01
9.581180810928344727e-01,9.760567545890808105e-01
9.940968155860900879e-01,9.751662611961364746e-01
9.600711464881896973e-01,9.919333457946777344e-01
9.749277830123901367e-01,9.849694967269897461e-01
9.621251225471496582e-01,1.000025510787963867e+00
9.740816354751586914e-01,9.918264150619506836e-01
9.530515670776367188e-01,9.900655150413513184e-01
9.873180985450744629e-01,9.828960895538330078e-01
9.840760231018066406e-01,9.758971929550170898e-01
9.934481978416442871e-01,9.799410104751586914e-01
9.810230731964111328e-01,9.838516712188720703e-01
9.978381395339965820e-01,9.913375377655029297e-01
9.924256801605224609e-01,9.798146486282348633e-01
9.793840646743774414e-01,9.873865842819213867e-01
9.621136188507080078e-01,9.919787645339965820e-01
9.602278470993041992e-01,9.964178800582885742e-01
9.740146994590759277e-01,9.920915365219116211e-01
9.536375999450683594e-01,9.869316816329956055e-01
9.799827933311462402e-01,9.770178794860839844e-01
9.580987691879272461e-01,9.840039014816284180e-01
9.597570300102233887e-01,9.960051178932189941e-01
9.861990213394165039e-01,9.749482870101928711e-01
9.709630012512207031e-01,9.750058650970458984e-01
9.888535141944885254e-01,9.966585636138916016e-01
9.749596118927001953e-01,9.800029397010803223e-01
9.851263165473937988e-01,9.848833084106445312e-01
9.681132435798645020e-01,9.799306392669677734e-01
9.930657148361206055e-01,9.920000433921813965e-01
9.739506244659423828e-01,9.789927601814270020e-01
9.760754108428955078e-01,9.759095311164855957e-01
9.748253226280212402e-01,9.810051321983337402e-01
9.811258912086486816e-01,9.880651235580444336e-01
9.620034098625183105e-01,9.928122162818908691e-01
9.954708218574523926e-01,9.789224863052368164e-01
9.970086812973022461e-01,9.849937558174133301e-01
9.780182838439941406e-01,9.929509162902832031e-01
9.831361770629882812e-01,9.879132509231567383e-01
9.853159189224243164e-01,9.828390479087829590e-01
9.940631389617919922e-01,9.929255247116088867e-01
9.629079103469848633e-01,9.849867224693298340e-01
9.852308630943298340e-01,9.895498752593994141e-01
9.998672008514404297e-01,9.910285472869873047e-01
9.571784138679504395e-01,9.947628974914550781e-01
9.729849100112915039e-01,9.929183125495910645e-01
9.868229031562805176e-01,9.884886145591735840e-01
9.522463083267211914e-01,9.848570823669433594e-01
9.940125942230224609e-01,9.980950951576232910e-01
9.862179756164550781e-01,9.759458303451538086e-01
9.731422066688537598e-01,9.799389839172363281e-01
9.678344726562500000e-01,9.992938637733459473e-01
9.861620068550109863e-01,9.941294193267822266e-01
9.561480879783630371e-01,9.790136218070983887e-01
9.862490892410278320e-01,9.779108166694641113e-01
9.677942991256713867e-01,9.959982633590698242e-01
9.979603886604309082e-01,9.898419380187988281e-01
9.569532275199890137e-01,9.802103042602539062e-01
1.000009536743164062e+00,9.829167127609252930e-01
9.952430725097656250e-01,9.958743453025817871e-01
9.750476479530334473e-01,9.867939949035644531e-01
9.601371884346008301e-01,9.920018315315246582e-01
9.910974502563476562e-01,9.980124235153198242e-01
9.508863687515258789e-01,9.860261678695678711e-01
9.598953723907470703e-01,9.819720983505249023e-01
9.922462701797485352e-01,9.887435436248779297e-01
9.739882349967956543e-01,9.928007125854492188e-01
9.688831567764282227e-01,9.889994263648986816e-01
9.651343226432800293e-01,9.977332949638366699e-01
9.608299136161804199e-01,9.980255365371704102e-01
9.911796450614929199e-01,9.878987669944763184e-01
9.536433219909667969e-01,9.829715490341186523e-01
9.720929861068725586e-01,9.889770150184631348e-01
9.701192378997802734e-01,9.977406263351440430e-01
9.802335500717163086e-01,9.859637022018432617e-01
9.771088361740112305e-01,9.999382495880126953e-01
9.670628309249877930e-01,9.809501171112060547e-01
9.498536586761474609e-01,9.909963607788085938e-01
9.507170319557189941e-01,9.800679683685302734e-01
9.989672303199768066e-01,9.800233840942382812e-01
9.861161708831787109e-01,9.888319969177246094e-01
9.920476675033569336e-01,9.960053563117980957e-01
9.912219047546386719e-01,9.899035096168518066e-01
9.780174493789672852e-01,9.989585876464843750e-01
9.680238366127014160e-01,9.999036192893981934e-01
9.809881448745727539e-01,9.960420131683349609e-01
9.511562585830688477e-01,9.748270511627197266e-01
9.982399940490722656e-01,9.981631040573120117e-01
9.800484180450439453e-01,9.858558177947998047e-01
9.922220706939697266e-01,9.889162778854370117e-01
9.629530906677246094e-01,9.789979457855224609e-01
9.521939754486083984e-01,9.929857254028320312e-01
9.785517454147338867e-01,9.770995378494262695e-01
9.605064988136291504e-01,9.920400381088256836e-01
9.611511230468750000e-01,9.849243760108947754e-01
9.929168224334716797e-01,9.809805154800415039e-01
9.933978319168090820e-01,9.888747334480285645e-01
9.919813871383666992e-01,9.980506896972656250e-01
9.930757880210876465e-01,9.780327081680297852e-01
9.671938419342041016e-01,9.996603727340698242e-01
9.913821220397949219e-01,9.849234819412231445e-01
9.659664630889892578e-01,9.889042377471923828e-01
9.900790452957153320e-01,9.814456701278686523e-01
9.628822207450866699e-01,9.766570925712585449e-01
9.924324750900268555e-01,9.769651889801025391e-01
1.000316977500915527e+00,9.762684702873229980e-01
9.949587583541870117e-01,9.939430952072143555e-01
9.810528755187988281e-01,9.939593076705932617e-01
9.931565523147583008e-01,9.959089756011962891e-01
9.933738112449645996e-01,9.789715409278869629e-01
9.959713220596313477e-01,9.978898763656616211e-01
9.570068717002868652e-01,9.849395751953125000e-01
9.810550212860107422e-01,9.897872209548950195e-01
9.680745601654052734e-01,9.789620041847229004e-01
9.979865550994873047e-01,9.791015386581420898e-01
9.596238732337951660e-01,9.895012378692626953e-01
9.997272491455078125e-01,9.981000423431396484e-01
9.648459553718566895e-01,9.970099925994873047e-01
9.950921535491943359e-01,9.938814043998718262e-01
9.572089910507202148e-01,9.929090738296508789e-01
9.528510570526123047e-01,9.750924706459045410e-01
1.000130176544189453e+00,9.859540462493896484e-01
9.720239043235778809e-01,9.791570901870727539e-01
9.732350707054138184e-01,9.838582277297973633e-01
9.503856897354125977e-01,9.826481938362121582e-01
9.830862879753112793e-01,9.878942966461181641e-01
9.710106849670410156e-01,9.948122501373291016e-01
9.778849482536315918e-01,9.980173110961914062e-01
9.904090166091918945e-01,9.769988656044006348e-01
9.542167186737060547e-01,9.957869052886962891e-01
9.549332857131958008e-01,9.819360971450805664e-01
9.920599460601806641e-01,9.750252366065979004e-01
9.598332047462463379e-01,9.760150909423828125e-01
9.780708551406860352e-01,9.799687862396240234e-01
9.779883623123168945e-01,9.999756217002868652e-01
9.911360740661621094e-01,9.939038157463073730e-01
9.682540297508239746e-01,9.909582138061523438e-01
9.552672505378723145e-01,9.939652085304260254e-01
1.000055909156799316e+00,9.991458654403686523e-01
9.941684007644653320e-01,9.810484647750854492e-01
9.980828762054443359e-01,9.960009455680847168e-01
9.861612915992736816e-01,9.979187846183776855e-01
9.779369831085205078e-01,9.861613512039184570e-01
9.541853070259094238e-01,9.929400682449340820e-01
9.889792203903198242e-01,9.781076908111572266e-01
9.872280955314636230e-01,9.950996041297912598e-01
9.915425777435302734e-01,9.914336204528808594e-01
9.808478951454162598e-01,9.829908013343811035e-01
9.821838736534118652e-01,9.888797402381896973e-01
9.537285566329956055e-01,9.801321029663085938e-01
9.620065689086914062e-01,9.790595173835754395e-01
9.871965646743774414e-01,9.960572719573974609e-01
9.513424634933471680e-01,9.927150011062622070e-01
9.550019502639770508e-01,9.830989837646484375e-01
9.631243944168090820e-01,9.899729490280151367e-01
9.516098499298095703e-01,9.759643077850341797e-01
9.912153482437133789e-01,9.950097799301147461e-01
9.911893010139465332e-01,9.810442924499511719e-01
9.619393348693847656e-01,9.996803998947143555e-01
9.711223840713500977e-01,9.849180579185485840e-01
9.942226409912109375e-01,9.878553152084350586e-01
9.790040850639343262e-01,9.979230165481567383e-01
9.629998207092285156e-01,9.998213052749633789e-01
9.793999195098876953e-01,9.981186389923095703e-01
9.652169942855834961e-01,9.940445423126220703e-01
9.780184626579284668e-01,9.877981543540954590e-01
9.791063070297241211e-01,9.770264625549316406e-01
9.991645812988281250e-01,9.909126758575439453e-01
9.551757574081420898e-01,9.909323453903198242e-01
9.631655216217041016e-01,9.950175285339355469e-01
9.536108374595642090e-01,9.897036552429199219e-01
9.715495109558105469e-01,9.910819530487060547e-01
9.931420683860778809e-01,9.759233593940734863e-01
9.739162325859069824e-01,9.899271726608276367e-01
9.962710738182067871e-01,9.899528026580810547e-01
9.692115783691406250e-01,9.928855895996093750e-01
9.631311893463134766e-01,9.806318283081054688e-01
9.987537264823913574e-01,9.769582748413085938e-01
9.790084958076477051e-01,9.839848279953002930e-01
9.547575712203979492e-01,9.889092445373535156e-01
9.811753034591674805e-01,9.779976606369018555e-01
9.759856462478637695e-01,9.969490766525268555e-01
9.727863073348999023e-01,9.868635535240173340e-01
9.721970558166503906e-01,9.898771047592163086e-01
9.911518096923828125e-01,9.751197099685668945e-01
9.569829702377319336e-01,9.918800592422485352e-01
9.908740520477294922e-01,9.823833703994750977e-01
9.720227122306823730e-01,9.811478257179260254e-01
9.851461648941040039e-01,9.790324568748474121e-01
9.710056781768798828e-01,9.888825416564941406e-01
9.769585132598876953e-01,9.879839420318603516e-01
9.860336780548095703e-01,9.978975653648376465e-01
9.839531183242797852e-01,9.909642934799194336e-01
9.598737359046936035e-01,9.773222208023071289e-01
9.971825480461120605e-01,9.960156083106994629e-01
9.652321338653564453e-01,9.910966157913208008e-01
9.801465868949890137e-01,9.780281186103820801e-01
9.549964666366577148e-01,9.869635105133056641e-01
9.965434074401855469e-01,9.875060319900512695e-01
9.681751728057861328e-01,9.997211694717407227e-01
9.588844776153564453e-01,9.780182838439941406e-01
9.792112112045288086e-01,9.749537706375122070e-01
9.991967678070068359e-01,9.928760528564453125e-01
9.929776191711425781e-01,9.833336472511291504e-01
9.952278137207031250e-01,9.919378161430358887e-01
9.781544208526611328e-01,9.860193729400634766e-01
9.933130145072937012e-01,9.921792149543762207e-01
9.859299659729003906e-01,9.898968338966369629e-01
9.800156950950622559e-01,9.889314770698547363e-01
9.543796181678771973e-01,9.776144623756408691e-01
9.748786091804504395e-01,9.931386709213256836e-01
9.699757099151611328e-01,9.969678521156311035e-01
9.498882889747619629e-01,9.899505972862243652e-01
9.961909651756286621e-01,9.759184718132019043e-01
9.882330298423767090e-01,9.758006334304809570e-01
9.790089130401611328e-01,9.910520911216735840e-01
9.771100282669067383e-01,9.985834956169128418e-01
9.718169569969177246e-01,9.850101470947265625e-01
9.680016636848449707e-01,9.990249872207641602e-01
9.922741651535034180e-01,9.899113774299621582e-01
9.506818056106567383e-01,9.941784143447875977e-01
9.851694107055664062e-01,9.770537614822387695e-01
9.890669584274291992e-01,9.820585250854492188e-01
9.921371340751647949e-01,9.908510446548461914e-01
9.934226870536804199e-01,9.989542961120605469e-01
9.895403385162353516e-01,9.769348502159118652e-01
9.851516485214233398e-01,9.789019823074340820e-01
9.681503772735595703e-01,9.948703646659851074e-01
9.718789458274841309e-01,9.858891963958740234e-01
9.502236843109130859e-01,9.758912324905395508e-01
9.701397418975830078e-01,9.829399585723876953e-01
9.549269080162048340e-01,9.751468300819396973e-01
9.624721407890319824e-01,9.814683794975280762e-01
9.760751724243164062e-01,9.914178252220153809e-01
9.763212203979492188e-01,9.910160303115844727e-01
9.894560575485229492e-01,9.849790930747985840e-01
9.625309705734252930e-01,9.947975277900695801e-01
9.889838695526123047e-01,9.781271219253540039e-01
9.800208806991577148e-01,9.850233793258666992e-01
9.790583848953247070e-01,9.986766576766967773e-01
9.934319853782653809e-01,9.899514913558959961e-01
9.880735278129577637e-01,9.780974984169006348e-01
9.561240673065185547e-01,9.784342050552368164e-01
9.983859062194824219e-01,9.920252561569213867e-01
9.619416594505310059e-01,9.819510579109191895e-01
9.881266355514526367e-01,9.991953372955322266e-01
9.965386390686035156e-01,9.838529229164123535e-01
9.942992925643920898e-01,9.959865212440490723e-01
9.799746870994567871e-01,9.978905320167541504e-01
9.652692079544067383e-01,9.989101290702819824e-01
9.612750411033630371e-01,9.976822137832641602e-01
9.913134574890136719e-01,9.991158246994018555e-01
9.507527351379394531e-01,9.990215897560119629e-01
9.880701303482055664e-01,9.878451824188232422e-01
9.841318726539611816e-01,9.996747970581054688e-01
9.550468921661376953e-01,9.957641959190368652e-01
9.649108052253723145e-01,9.968819618225097656e-01
1.000049352645874023e+00,9.810230135917663574e-01
9.553071260452270508e-01,9.990320205688476562e-01
9.881632924079895020e-01,9.908161163330078125e-01
9.540975093841552734e-01,9.816484451293945312e-01
9.830877780914306641e-01,9.789642095565795898e-01
9.649159908294677734e-01,9.790155291557312012e-01
9.670460224151611328e-01,9.897476434707641602e-01
9.928712844848632812e-01,9.762551188468933105e-01
9.571697711944580078e-01,9.778170585632324219e-01
9.629892110824584961e-01,9.889436960220336914e-01
9.899880886077880859e-01,9.938825964927673340e-01
9.972566366195678711e-01,9.978190660476684570e-01
9.520463943481445312e-01,9.767459630966186523e-01
9.631145596504211426e-01,9.948221445083618164e-01
9.660611152648925781e-01,9.839227795600891113e-01
9.944276809692382812e-01,9.769974946975708008e-01
9.721746444702148438e-01,9.809580445289611816e-01
9.837691187858581543e-01,9.903932213783264160e-01
9.740487933158874512e-01,9.840015769004821777e-01
9.992522001266479492e-01,9.786623716354370117e-01
9.841353297233581543e-01,9.938818216323852539e-01
9.531061649322509766e-01,9.749422669410705566e-01
9.710496664047241211e-01,9.959891438484191895e-01
9.948672652244567871e-01,9.830303788185119629e-01
9.640318751335144043e-01,9.759432673454284668e-01
9.840663671493530273e-01,9.929453730583190918e-01
9.901704788208007812e-01,9.919339418411254883e-01
9.989885687828063965e-01,9.769055843353271484e-01
9.952464103698730469e-01,9.988927245140075684e-01
9.699062705039978027e-01,9.997842907905578613e-01
9.680249094963073730e-01,9.999769926071166992e-01
9.537866115570068359e-01,9.800151586532592773e-01
9.999226331710815430e-01,9.939032793045043945e-01
9.962764382362365723e-01,9.789870977401733398e-01
9.821648001670837402e-01,9.993459582328796387e-01
9.762422442436218262e-01,9.939862489700317383e-01
9.760885238647460938e-01,9.749533534049987793e-01
9.713152647018432617e-01,9.847642183303833008e-01
9.550850391387939453e-01,9.778275489807128906e-01
9.913210868835449219e-01,9.869163036346435547e-01
9.956476688385009766e-01,9.800077676773071289e-01
9.823383092880249023e-01,9.779605865478515625e-01
9.790546894073486328e-01,9.770049452781677246e-01
9.893131256103515625e-01,9.829342365264892578e-01
9.852332472801208496e-01,9.889312982559204102e-01
9.900493025779724121e-01,9.958208799362182617e-01
9.799809455871582031e-01,9.919676780700683594e-01
9.688835740089416504e-01,9.771010279655456543e-01
9.529331326484680176e-01,9.959385991096496582e-01
9.580947160720825195e-01,9.849306344985961914e-01
9.739379882812500000e-01,9.899917840957641602e-01
9.770330786705017090e-01,9.978198409080505371e-01
9.759379029273986816e-01,9.980987906455993652e-01
9.820829629898071289e-01,9.859806895256042480e-01
9.882799386978149414e-01,9.989461898803710938e-01
9.636966586112976074e-01,9.985752105712890625e-01
9.777773618698120117e-01,9.765170812606811523e-01
9.779518246650695801e-01,9.839538335800170898e-01
9.810894131660461426e-01,9.849715828895568848e-01
9.959099888801574707e-01,9.935190677642822266e-01
9.903814792633056641e-01,9.789191484451293945e-01
9.809530973434448242e-01,9.992159008979797363e-01
9.961881637573242188e-01,9.992395043373107910e-01
9.939247965812683105e-01,9.800058603286743164e-01
9.548159241676330566e-01,9.819886684417724609e-01
9.589765667915344238e-01,9.950923919677734375e-01
9.610459208488464355e-01,9.928518533706665039e-01
9.860572814941406250e-01,9.789783954620361328e-01
9.689096212387084961e-01,9.899517297744750977e-01
9.894633293151855469e-01,9.859055280685424805e-01
9.548002481460571289e-01,9.810491204261779785e-01
9.892442822456359863e-01,9.828754663467407227e-01
9.789503216743469238e-01,9.959255456924438477e-01
9.718713164329528809e-01,9.780147075653076172e-01
9.676828980445861816e-01,9.836828112602233887e-01
9.536430835723876953e-01,9.880026578903198242e-01
9.759497046470642090e-01,9.939146637916564941e-01
9.508914947509765625e-01,9.800128340721130371e-01
9.893791675567626953e-01,9.863740205764770508e-01
9.902845621109008789e-01,9.909079670906066895e-01
9.538211226463317871e-01,9.781240224838256836e-01
9.661375880241394043e-01,9.979125857353210449e-01
9.579197168350219727e-01,9.819765090942382812e-01
9.929192066192626953e-01,9.770576953887939453e-01
9.549145102500915527e-01,9.859821796417236328e-01
9.519957304000854492e-01,9.908394217491149902e-01
9.972015619277954102e-01,9.940425157546997070e-01
9.567623138427734375e-01,9.860550165176391602e-01
9.546464085578918457e-01,9.991717338562011719e-01
9.590523242950439453e-01,9.849972724914550781e-01
9.913434386253356934e-01,9.940649271011352539e-01
9.921166300773620605e-01,9.766474962234497070e-01
9.651957750320434570e-01,9.809857010841369629e-01
9.761321544647216797e-01,9.780343770980834961e-01
9.998055100440979004e-01,9.958593249320983887e-01
9.748125672340393066e-01,9.969651699066162109e-01
9.628087282180786133e-01,9.898138046264648438e-01
9.628906250000000000e-01,9.910150170326232910e-01
9.902053475379943848e-01,9.898555874824523926e-01
9.759199619293212891e-01,9.760098457336425781e-01
9.798123836517333984e-01,9.759641289710998535e-01
9.518833160400390625e-01,9.858685731887817383e-01
9.779669642448425293e-01,9.860387444496154785e-01
9.801119565963745117e-01,9.848645329475402832e-01
9.942932724952697754e-01,9.968284964561462402e-01
9.760339856147766113e-01,9.960365295410156250e-01
9.901330471038818359e-01,9.869307875633239746e-01
9.954099655151367188e-01,9.950499534606933594e-01
9.750913381576538086e-01,9.799901247024536133e-01
9.744105339050292969e-01,9.870992302894592285e-01
9.508427977561950684e-01,9.781196117401123047e-01
9.518960714340209961e-01,9.919044375419616699e-01
9.630843997001647949e-01,9.789263010025024414e-01
9.640467762947082520e-01,9.956233501434326172e-01
9.770251512527465820e-01,9.868057370185852051e-01
9.972547888755798340e-01,9.869822859764099121e-01
9.799846410751342773e-01,9.789932966232299805e-01
9.993138909339904785e-01,9.899385571479797363e-01
9.730864763259887695e-01,9.917258024215698242e-01
9.675577282905578613e-01,9.902619719505310059e-01
9.961099624633789062e-01,9.859353303909301758e-01
9.591478109359741211e-01,9.751496911048889160e-01
9.850209355354309082e-01,9.780327081680297852e-01
9.631630182266235352e-01,9.940336942672729492e-01
9.660484790802001953e-01,9.820218086242675781e-01
9.852012395858764648e-01,9.888429641723632812e-01
9.930773973464965820e-01,9.939168095588684082e-01
9.590629339218139648e-01,9.935904145240783691e-01
9.691135883331298828e-01,9.917099475860595703e-01
9.498078227043151855e-01,9.757841825485229492e-01
9.970530271530151367e-01,9.752199649810791016e-01
9.558097720146179199e-01,9.878532886505126953e-01
9.600559473037719727e-01,9.770258069038391113e-01
9.690000414848327637e-01,9.969326853752136230e-01
9.505146741867065430e-01,9.900029897689819336e-01
9.934693574905395508e-01,9.848757982254028320e-01
9.769492149353027344e-01,9.919958710670471191e-01
9.518713355064392090e-01,9.809491634368896484e-01
9.892325401306152344e-01,9.749687910079956055e-01
9.793708324432373047e-01,9.873000979423522949e-01
9.647495746612548828e-01,9.836350083351135254e-01
9.831665754318237305e-01,9.949691295623779297e-01
9.619382619857788086e-01,9.910018444061279297e-01
9.517832398414611816e-01,9.809979200363159180e-01
9.649436473846435547e-01,9.970346689224243164e-01
9.699215292930603027e-01,9.799292087554931641e-01
9.904373288154602051e-01,9.859760403633117676e-01
9.552044868469238281e-01,9.987490773200988770e-01
9.920575022697448730e-01,9.919016957283020020e-01
9.912441968917846680e-01,9.789649844169616699e-01
9.740868210792541504e-01,9.759475588798522949e-01
9.901191592216491699e-01,9.859172105789184570e-01
9.781314134597778320e-01,9.758478999137878418e-01
9.701808691024780273e-01,9.771988391876220703e-01
9.571630954742431641e-01,9.829648733139038086e-01
9.994379878044128418e-01,9.940681457519531250e-01
9.538233280181884766e-01,9.764386415481567383e-01
9.780558347702026367e-01,9.878894090652465820e-01
9.640292525291442871e-01,9.939906001091003418e-01
9.901577234268188477e-01,9.992691278457641602e-01
9.855744838714599609e-01,9.934458732604980469e-01
9.586671590805053711e-01,9.970495700836181641e-01
9.991144537925720215e-01,9.922694563865661621e-01
9.498647451400756836e-01,9.919784069061279297e-01
9.790077805519104004e-01,9.991512298583984375e-01
9.881509542465209961e-01,9.969309568405151367e-01
9.512662887573242188e-01,9.881982207298278809e-01
9.750925898551940918e-01,9.999436140060424805e-01
9.761509895324707031e-01,9.909307360649108887e-01
9.880815744400024414e-01,9.810116291046142578e-01
9.999796748161315918e-01,9.968655109405517578e-01
9.621317386627197266e-01,9.868377447128295898e-01
9.860063791275024414e-01,9.830092787742614746e-01
9.678503274917602539e-01,9.960528612136840820e-01
9.514933824539184570e-01,9.960138797760009766e-01
9.801492691040039062e-01,9.788901209831237793e-01
9.651870727539062500e-01,9.920413494110107422e-01
9.840548038482666016e-01,9.770318269729614258e-01
9.510242938995361328e-01,9.834944009780883789e-01
9.701019525527954102e-01,9.870060086250305176e-01
9.601075053215026855e-01,9.760730862617492676e-01
9.577918052673339844e-01,9.805018305778503418e-01
9.973218441009521484e-01,9.899901151657104492e-01
9.640582799911499023e-01,9.909611940383911133e-01
9.882591962814331055e-01,9.799288511276245117e-01
9.651033878326416016e-01,9.888789653778076172e-01
9.549809098243713379e-01,9.849829077720642090e-01
9.560068845748901367e-01,9.920409917831420898e-01
9.801430106163024902e-01,9.918343424797058105e-01
9.668190479278564453e-01,9.889374971389770508e-01
9.833005070686340332e-01,9.908962845802307129e-01
9.701603651046752930e-01,9.986588358879089355e-01
9.812275171279907227e-01,9.789968132972717285e-01
9.519738554954528809e-01,9.796447753906250000e-01
9.529328942298889160e-01,9.960158467292785645e-01
9.860999584197998047e-01,9.938557147979736328e-01
9.497858285903930664e-01,9.769614338874816895e-01
9.532241821289062500e-01,9.957501292228698730e-01
9.504418373107910156e-01,9.982783198356628418e-01
9.510512351989746094e-01,9.987623095512390137e-01
9.595386981964111328e-01,9.843835830688476562e-01
9.858832359313964844e-01,9.765835404396057129e-01
9.891854524612426758e-01,9.940371513366699219e-01
9.640367627143859863e-01,9.868862628936767578e-01
9.918929934501647949e-01,9.828941822052001953e-01
9.659895300865173340e-01,9.929983615875244141e-01
9.726842641830444336e-01,9.749842286109924316e-01
9.882959127426147461e-01,9.760859012603759766e-01
9.518164396286010742e-01,9.839693307876586914e-01
9.911804795265197754e-01,9.784741997718811035e-01
9.630250930786132812e-01,9.860132932662963867e-01
9.790016412734985352e-01,9.889370203018188477e-01
9.578871726989746094e-01,9.950001239776611328e-01
9.580352306365966797e-01,9.799402952194213867e-01
9.516805410385131836e-01,9.930005073547363281e-01
9.751189947128295898e-01,9.997769594192504883e-01
9.862428903579711914e-01,9.838935136795043945e-01
9.969978928565979004e-01,9.809874892234802246e-01
9.992311000823974609e-01,9.838313460350036621e-01
9.861812591552734375e-01,9.960973262786865234e-01
9.933840036392211914e-01,9.950799942016601562e-01
9.501283168792724609e-01,9.860630035400390625e-01
9.621683359146118164e-01,9.996440410614013672e-01
9.570093154907226562e-01,9.818832874298095703e-01
9.501560926437377930e-01,9.840918779373168945e-01
9.789463877677917480e-01,9.999967217445373535e-01
9.629707932472229004e-01,9.888708591461181641e-01
9.532360434532165527e-01,9.977435469627380371e-01
9.830992221832275391e-01,9.870555400848388672e-01
9.789705872535705566e-01,9.957489967346191406e-01
9.578641057014465332e-01,9.830899834632873535e-01
9.771040081977844238e-01,9.799185991287231445e-01
9.504291415214538574e-01,9.764660596847534180e-01
9.840877056121826172e-01,9.829585552215576172e-01
9.751049876213073730e-01,9.957836270332336426e-01
9.890398979187011719e-01,9.752224683761596680e-01
9.956973195075988770e-01,9.984002113342285156e-01
9.612055420875549316e-01,9.909134507179260254e-01
9.870890974998474121e-01,9.879266023635864258e-01
9.998126029968261719e-01,9.752467870712280273e-01
9.630138278007507324e-01,9.829577207565307617e-01
9.987971782684326172e-01,9.823701381683349609e-01
9.912806153297424316e-01,9.940505027770996094e-01
9.659894704818725586e-01,9.775547385215759277e-01
9.500247240066528320e-01,9.978958368301391602e-01
9.526181221008300781e-01,9.829249978065490723e-01
9.638495445251464844e-01,9.989362955093383789e-01
9.983056783676147461e-01,9.869892597198486328e-01
9.577763080596923828e-01,9.937448501586914062e-01
9.880161285400390625e-01,9.780681133270263672e-01
9.731086492538452148e-01,9.788190126419067383e-01
9.758816957473754883e-01,9.821212887763977051e-01
9.912195801734924316e-01,9.930831193923950195e-01
9.849385023117065430e-01,9.929246902465820312e-01
9.941900968551635742e-01,9.849616289138793945e-01
9.861059784889221191e-01,9.789812564849853516e-01
9.661978483200073242e-01,9.952739477157592773e-01
9.662255644798278809e-01,9.790132045745849609e-01
9.857810139656066895e-01,9.931192398071289062e-01
9.519764780998229980e-01,9.869782924652099609e-01
9.998146891593933105e-01,9.879475831985473633e-01
9.996262788772583008e-01,9.976544380187988281e-01
9.502150416374206543e-01,9.868399500846862793e-01
9.780266284942626953e-01,9.849228858947753906e-01
9.962482452392578125e-01,9.751850962638854980e-01
9.995079040527343750e-01,9.940947294235229492e-01
9.992531538009643555e-01,9.951055645942687988e-01
9.951555132865905762e-01,9.910161495208740234e-01
9.870318770408630371e-01,9.805289506912231445e-01
9.571038484573364258e-01,9.878667593002319336e-01
9.579676985740661621e-01,9.749249219894409180e-01
9.633066654205322266e-01,9.949586987495422363e-01
9.514128565788269043e-01,9.808567762374877930e-01
9.828848242759704590e-01,9.750212430953979492e-01
9.620813727378845215e-01,9.900950789451599121e-01
9.686627984046936035e-01,9.776418805122375488e-01
9.740816950798034668e-01,9.790426492691040039e-01
9.871927499771118164e-01,9.996554255485534668e-01
9.751055836677551270e-01,9.979359507560729980e-01
9.537144899368286133e-01,9.770714044570922852e-01
9.770705699920654297e-01,9.771338105201721191e-01
9.649723768234252930e-01,9.879605770111083984e-01
9.539119005203247070e-01,9.869845509529113770e-01
9.869953989982604980e-01,9.879923462867736816e-01
9.872316718101501465e-01,9.799261093139648438e-01
9.640290737152099609e-01,9.858569502830505371e-01
9.649348855018615723e-01,9.929256439208984375e-01
9.739546775817871094e-01,9.919053912162780762e-01
9.960690736770629883e-01,9.759798049926757812e-01
9.781211018562316895e-01,9.769439697265625000e-01
9.720399379730224609e-01,9.780564904212951660e-01
9.559549093246459961e-01,9.969670772552490234e-01
9.650275707244873047e-01,9.859838485717773438e-01
9.989135265350341797e-01,9.939346313476562500e-01
9.779816865921020508e-01,9.839200377464294434e-01
9.996738433837890625e-01,9.998158216476440430e-01
9.921521544456481934e-01,9.940620660781860352e-01
9.528168439865112305e-01,9.840219020843505859e-01
9.884591102600097656e-01,9.849307537078857422e-01
9.629744291305541992e-01,9.759584665298461914e-01
9.920953512191772461e-01,9.992194771766662598e-01
9.581167101860046387e-01,9.867495298385620117e-01
9.649807810783386230e-01,9.840148687362670898e-01
9.530581235885620117e-01,9.996570944786071777e-01
9.811276793479919434e-01,9.928439259529113770e-01
9.737588763236999512e-01,9.757131338119506836e-01
9.569356441497802734e-01,9.789809584617614746e-01
9.668787121772766113e-01,9.970102310180664062e-01
9.770162105560302734e-01,9.889155626296997070e-01
9.670031070709228516e-01,9.899818897247314453e-01
9.539040327072143555e-01,9.800820946693420410e-01
9.620443582534790039e-01,9.839391112327575684e-01
9.659582376480102539e-01,9.780591726303100586e-01
9.740718007087707520e-01,9.790291786193847656e-01
9.630315303802490234e-01,9.800940752029418945e-01
9.628955125808715820e-01,9.870036840438842773e-01
9.568242430686950684e-01,9.950662851333618164e-01
9.988540410995483398e-01,9.760862588882446289e-01
9.528440237045288086e-01,9.930466413497924805e-01
9.619585275650024414e-01,9.786676764488220215e-01
9.882011413574218750e-01,9.949668645858764648e-01
9.640457034111022949e-01,9.819423556327819824e-01
9.501606822013854980e-01,9.790053367614746094e-01
9.769563674926757812e-01,9.991213083267211914e-01
9.973664283752441406e-01,9.918178915977478027e-01
9.873157739639282227e-01,9.800184965133666992e-01
9.641484618186950684e-01,9.828818440437316895e-01
9.910983443260192871e-01,9.800472855567932129e-01
9.827356338500976562e-01,9.847742319107055664e-01
9.880177974700927734e-01,9.968010187149047852e-01
9.851160645484924316e-01,9.779961109161376953e-01
9.970918297767639160e-01,9.765526652336120605e-01
9.600915908813476562e-01,9.840211272239685059e-01
9.708359837532043457e-01,9.890511035919189453e-01
9.716485142707824707e-01,9.966523647308349609e-01
9.883026480674743652e-01,9.808225631713867188e-01
9.699348211288452148e-01,9.888779520988464355e-01
9.860267639160156250e-01,9.800511002540588379e-01
9.519793391227722168e-01,9.991033673286437988e-01
9.700985550880432129e-01,9.879709482192993164e-01
9.809604883193969727e-01,9.950258731842041016e-01
9.599660634994506836e-01,9.760146737098693848e-01
9.771180152893066406e-01,9.779307246208190918e-01
9.689193367958068848e-01,9.878845214843750000e-01
9.853649139404296875e-01,9.769726991653442383e-01
9.609532356262207031e-01,9.938961267471313477e-01
9.880544543266296387e-01,9.949055910110473633e-01
9.840314388275146484e-01,9.880244731903076172e-01
9.881014823913574219e-01,9.988113045692443848e-01
9.537287950515747070e-01,9.860445261001586914e-01
9.819028377532958984e-01,9.750471115112304688e-01
9.549001455307006836e-01,9.849112629890441895e-01
9.973610043525695801e-01,9.805958867073059082e-01
9.800462722778320312e-01,9.790270328521728516e-01
9.509007930755615234e-01,9.790469408035278320e-01
9.711444973945617676e-01,9.928216934204101562e-01
9.930738210678100586e-01,9.978626966476440430e-01
9.902712702751159668e-01,9.828838706016540527e-01
9.600236415863037109e-01,9.790742397308349609e-01
9.517356157302856445e-01,9.858654737472534180e-01
9.558650255203247070e-01,9.779430031776428223e-01
9.899913668632507324e-01,9.829642772674560547e-01
9.718667268753051758e-01,9.969410896301269531e-01
9.732723832130432129e-01,9.819890260696411133e-01
9.539884328842163086e-01,9.819526672363281250e-01
9.689617156982421875e-01,9.850279092788696289e-01
9.943923950195312500e-01,9.991404414176940918e-01
9.580435752868652344e-01,9.960743784904479980e-01
9.543500542640686035e-01,9.969779849052429199e-01
9.919445514678955078e-01,9.810569286346435547e-01
9.719718694686889648e-01,9.959521889686584473e-01
9.929808378219604492e-01,9.869400262832641602e-01
9.507388472557067871e-01,9.810917377471923828e-01
9.913839101791381836e-01,9.908602237701416016e-01
9.931335449218750000e-01,9.899429082870483398e-01
9.869706630706787109e-01,9.878777861595153809e-01
9.594286680221557617e-01,9.809206724166870117e-01
9.670825004577636719e-01,9.769001007080078125e-01
9.972177147865295410e-01,9.999736547470092773e-01
9.649597406387329102e-01,9.998341202735900879e-01
9.970605373382568359e-01,9.751143455505371094e-01
9.612208604812622070e-01,9.908791184425354004e-01
9.962593913078308105e-01,9.981553554534912109e-01
9.720523357391357422e-01,9.748587608337402344e-01
9.622383713722229004e-01,9.756464362144470215e-01
9.881138205528259277e-01,9.879340529441833496e-01
9.519948959350585938e-01,9.840415716171264648e-01
9.952456951141357422e-01,9.868300557136535645e-01
9.700256586074829102e-01,9.870535135269165039e-01
9.600858092308044434e-01,9.889643192291259766e-01
9.651396274566650391e-01,9.999872446060180664e-01
9.680407643318176270e-01,9.829260110855102539e-01
9.921392202377319336e-01,9.828462004661560059e-01
9.609612822532653809e-01,9.779702425003051758e-01
9.511017799377441406e-01,9.890158176422119141e-01
9.787338972091674805e-01,9.900501966476440430e-01
9.570209980010986328e-01,9.819273352622985840e-01
9.590452909469604492e-01,9.781715273857116699e-01
9.630220532417297363e-01,9.958328008651733398e-01
9.599518775939941406e-01,9.789772629737854004e-01
9.810992479324340820e-01,9.810240864753723145e-01
9.678575396537780762e-01,9.857181310653686523e-01
9.902063012123107910e-01,9.878276586532592773e-01
9.551175832748413086e-01,9.898657798767089844e-01
9.982701539993286133e-01,9.761652350425720215e-01
9.659581184387207031e-01,9.949948787689208984e-01
9.762305021286010742e-01,9.852452874183654785e-01
9.559633731842041016e-01,9.949592351913452148e-01
9.973136186599731445e-01,9.968806505203247070e-01
9.591211676597595215e-01,9.807577133178710938e-01
9.600977301597595215e-01,9.807053804397583008e-01
9.511566162109375000e-01,9.838660955429077148e-01
9.902002215385437012e-01,9.920805096626281738e-01
9.719635248184204102e-01,9.839161634445190430e-01
9.708423614501953125e-01,9.921810030937194824e-01
9.669531583786010742e-01,9.810404181480407715e-01
9.881242513656616211e-01,9.848762154579162598e-01
9.618419408798217773e-01,9.980022907257080078e-01
9.921093583106994629e-01,9.828882813453674316e-01
9.851360917091369629e-01,9.788644909858703613e-01
9.881489276885986328e-01,9.979305267333984375e-01
9.720529317855834961e-01,9.910187125205993652e-01
9.662202596664428711e-01,9.999808073043823242e-01
9.719275236129760742e-01,9.989660382270812988e-01
9.672012329101562500e-01,9.920043945312500000e-01
9.541890621185302734e-01,9.789958596229553223e-01
9.810090661048889160e-01,9.784891605377197266e-01
9.892637729644775391e-01,9.800239801406860352e-01
9.540675878524780273e-01,9.764302968978881836e-01
9.910505414009094238e-01,9.759756326675415039e-01
9.909980893135070801e-01,9.920002222061157227e-01
9.900442957878112793e-01,9.948092699050903320e-01
9.970276951789855957e-01,9.858851432800292969e-01
9.710718393325805664e-01,9.858911037445068359e-01
9.984757900238037109e-01,9.892898797988891602e-01
9.891793727874755859e-01,9.799239039421081543e-01
9.820051193237304688e-01,9.749679565429687500e-01
9.572561979293823242e-01,9.747880697250366211e-01
9.550557136535644531e-01,9.879417419433593750e-01
9.551353454589843750e-01,9.980419278144836426e-01
9.579681158065795898e-01,9.810707569122314453e-01
9.689353704452514648e-01,9.997915029525756836e-01
9.929894208908081055e-01,9.918822050094604492e-01
9.530352354049682617e-01,9.960889220237731934e-01
9.810720086097717285e-01,9.780196547508239746e-01
9.700202941894531250e-01,9.959473013877868652e-01
9.829151630401611328e-01,9.950059652328491211e-01
9.853147268295288086e-01,9.751155376434326172e-01
1.000137925148010254e+00,9.770478010177612305e-01
9.940003156661987305e-01,9.749916791915893555e-01
9.880489110946655273e-01,9.909709692001342773e-01
9.598518013954162598e-01,9.891666173934936523e-01
9.820283651351928711e-01,9.929676055908203125e-01
9.931848645210266113e-01,9.789835810661315918e-01
9.912235140800476074e-01,9.959696531295776367e-01
9.578852057456970215e-01,9.790552258491516113e-01
9.605658054351806641e-01,9.926691055297851562e-01
9.525867700576782227e-01,9.770500063896179199e-01
9.799666404724121094e-01,9.958962202072143555e-01
9.851666688919067383e-01,9.807630777359008789e-01
9.568491578102111816e-01,9.920508861541748047e-01
9.661820530891418457e-01,9.859942793846130371e-01
9.769636392593383789e-01,9.839668273925781250e-01
9.548901319503784180e-01,9.766637086868286133e-01
9.589569568634033203e-01,9.918347001075744629e-01
9.528105258941650391e-01,9.879432320594787598e-01
9.811726808547973633e-01,9.769054651260375977e-01
9.554851651191711426e-01,9.989244937896728516e-01
9.641640186309814453e-01,9.801071286201477051e-01
9.881266355514526367e-01,9.949124455451965332e-01
9.730640649795532227e-01,9.799409508705139160e-01
9.830602407455444336e-01,9.860172867774963379e-01
9.740929603576660156e-01,9.828753471374511719e-01
9.830558300018310547e-01,9.920678734779357910e-01
9.568828344345092773e-01,9.998753070831298828e-01
9.848392009735107422e-01,9.759706854820251465e-01
9.810773134231567383e-01,9.999221563339233398e-01
9.910289049148559570e-01,9.810107946395874023e-01
9.528942108154296875e-01,9.859848022460937500e-01
9.701829552650451660e-01,9.878916144371032715e-01
9.942387342453002930e-01,9.999712705612182617e-01
9.940516948699951172e-01,9.751632213592529297e-01
9.958876967430114746e-01,9.909864068031311035e-01
9.998567104339599609e-01,9.937774538993835449e-01
9.892097711563110352e-01,9.779361486434936523e-01
9.819179177284240723e-01,9.770738482475280762e-01
9.841916561126708984e-01,9.861128926277160645e-01
9.689652919769287109e-01,9.799380302429199219e-01
9.608558416366577148e-01,9.810048341751098633e-01
9.953275322914123535e-01,9.839006662368774414e-01
9.881004095077514648e-01,9.751815795898437500e-01
9.857110381126403809e-01,9.968225955963134766e-01
9.830999374389648438e-01,9.870312809944152832e-01
9.678560495376586914e-01,9.939717054367065430e-01
9.503573179244995117e-01,9.907785654067993164e-01
9.769363403320312500e-01,9.908671379089355469e-01
9.580767154693603516e-01,9.918783307075500488e-01
1.000005006790161133e+00,9.858276247978210449e-01
9.540564417839050293e-01,9.996503591537475586e-01
9.579856991767883301e-01,9.939236044883728027e-01
9.660207033157348633e-01,9.759828448295593262e-01
9.677899479866027832e-01,9.988927841186523438e-01
9.639651179313659668e-01,9.917988181114196777e-01
9.854075908660888672e-01,9.755889177322387695e-01
9.943693876266479492e-01,9.909166097640991211e-01
9.803186058998107910e-01,9.799777269363403320e-01
9.678903818130493164e-01,9.909149408340454102e-01
9.899539947509765625e-01,9.849250912666320801e-01
9.570602178573608398e-01,9.888820648193359375e-01
9.653558731079101562e-01,9.753731489181518555e-01
9.509912133216857910e-01,9.786520004272460938e-01
9.862137436866760254e-01,9.759227633476257324e-01
9.580105543136596680e-01,9.919635057449340820e-01
9.877709746360778809e-01,9.869042634963989258e-01
9.993321299552917480e-01,9.819430708885192871e-01
9.660298824310302734e-01,9.818892478942871094e-01
9.922925233840942383e-01,9.930270910263061523e-01
9.681400656700134277e-01,9.888257980346679688e-01
9.515036344528198242e-01,9.831138253211975098e-01
9.629770517349243164e-01,9.967450499534606934e-01
9.881705641746520996e-01,9.789025187492370605e-01
9.861534833908081055e-01,9.829847812652587891e-01
9.889592528343200684e-01,9.957266449928283691e-01
1.000144004821777344e+00,9.890566468238830566e-01
9.821288585662841797e-01,9.829601049423217773e-01
9.531033039093017578e-01,9.990055561065673828e-01
9.961620569229125977e-01,9.861086010932922363e-01
9.779683351516723633e-01,9.839683771133422852e-01
9.820162057876586914e-01,9.968691468238830566e-01
9.852646589279174805e-01,9.790006875991821289e-01
9.800682067871093750e-01,9.860094189643859863e-01
9.679961204528808594e-01,9.819391369819641113e-01
9.618811011314392090e-01,9.940373897552490234e-01
9.499168395996093750e-01,9.889279603958129883e-01
9.839303493499755859e-01,9.771705269813537598e-01
9.610403776168823242e-01,9.849492311477661133e-01
9.802865982055664062e-01,9.880390167236328125e-01
9.632192254066467285e-01,9.949169158935546875e-01
9.901688098907470703e-01,9.758340120315551758e-01
9.821089506149291992e-01,9.967914819717407227e-01
9.726365804672241211e-01,9.753668308258056641e-01
9.521223902702331543e-01,9.910017848014831543e-01
9.998160004615783691e-01,9.868939518928527832e-01
9.559447765350341797e-01,9.809347391128540039e-01
9.689707159996032715e-01,9.800128340721130371e-01
9.633389711380004883e-01,9.764220714569091797e-01
9.894914627075195312e-01,9.761108756065368652e-01
9.600423574447631836e-01,9.831715822219848633e-01
9.707365632057189941e-01,9.934073686599731445e-01
9.643405079841613770e-01,9.766957759857177734e-01
9.779546856880187988e-01,9.949319362640380859e-01
9.558175802230834961e-01,9.849351048469543457e-01
9.882684946060180664e-01,9.892228841781616211e-01
9.551835060119628906e-01,9.874554872512817383e-01
9.961855411529541016e-01,9.858760237693786621e-01
9.680770039558410645e-01,9.768723249435424805e-01
9.820720553398132324e-01,9.973062276840209961e-01
9.871591329574584961e-01,9.926437139511108398e-01
9.679896235466003418e-01,9.989976882934570312e-01
9.509263038635253906e-01,9.919674396514892578e-01
1.000019192695617676e+00,9.820311069488525391e-01
9.799411892890930176e-01,9.859867095947265625e-01
9.747412204742431641e-01,9.820315837860107422e-01
9.861043691635131836e-01,9.929869174957275391e-01
9.700123071670532227e-01,9.889194965362548828e-01
9.970466494560241699e-01,9.849687814712524414e-01
9.851551651954650879e-01,9.798944592475891113e-01
9.841031432151794434e-01,9.840865731239318848e-01
9.990399479866027832e-01,9.969206452369689941e-01
9.669884443283081055e-01,9.760628938674926758e-01
9.986250996589660645e-01,9.930020570755004883e-01
9.778861999511718750e-01,9.810056090354919434e-01
9.714781045913696289e-01,9.936864972114562988e-01
1.000050425529479980e+00,9.790484905242919922e-01
9.798417687416076660e-01,9.855212569236755371e-01
9.599678516387939453e-01,9.840832352638244629e-01
9.729962348937988281e-01,9.989306926727294922e-01
9.567309021949768066e-01,9.869288206100463867e-01
9.951976537704467773e-01,9.988902807235717773e-01
9.992613792419433594e-01,9.890117049217224121e-01
9.506621360778808594e-01,9.859628081321716309e-01
9.854011535644531250e-01,9.990357756614685059e-01
9.545861482620239258e-01,9.947496056556701660e-01
9.981870651245117188e-01,9.920774102210998535e-01
9.841597080230712891e-01,9.770180583000183105e-01
9.649257063865661621e-01,9.889645576477050781e-01
9.505266547203063965e-01,9.850090146064758301e-01
9.956808090209960938e-01,9.766745567321777344e-01
9.619559645652770996e-01,9.957906007766723633e-01
9.790298342704772949e-01,9.940752387046813965e-01
9.669601917266845703e-01,9.868556261062622070e-01
9.922828674316406250e-01,9.757077097892761230e-01
9.584906697273254395e-01,9.986526966094970703e-01
9.780243635177612305e-01,9.869706034660339355e-01
9.790015220642089844e-01,9.988248348236083984e-01
9.670873284339904785e-01,9.990503191947937012e-01
9.649751782417297363e-01,9.788725972175598145e-01
9.912260770797729492e-01,9.810633659362792969e-01
9.851909875869750977e-01,9.939788579940795898e-01
9.664416313171386719e-01,9.993054866790771484e-01
9.973422884941101074e-01,9.869810938835144043e-01
9.951033592224121094e-01,9.880044460296630859e-01
9.759668707847595215e-01,9.859640598297119141e-01
9.566345214843750000e-01,9.749071598052978516e-01
9.891782999038696289e-01,9.751053452491760254e-01
9.500482678413391113e-01,9.810996651649475098e-01
9.550364613533020020e-01,9.820615053176879883e-01
9.740121960639953613e-01,9.908488392829895020e-01
9.708962440490722656e-01,9.990370869636535645e-01
9.600682854652404785e-01,9.749494791030883789e-01
9.590924978256225586e-01,9.759961366653442383e-01
9.559831023216247559e-01,9.880037307739257812e-01
9.819988608360290527e-01,9.890060424804687500e-01
9.507244229316711426e-01,9.924498200416564941e-01
9.518024921417236328e-01,9.759458303451538086e-01
9.763221740722656250e-01,9.787625074386596680e-01
9.820423126220703125e-01,9.949133396148681641e-01
9.801210165023803711e-01,9.839639663696289062e-01
9.570146799087524414e-01,9.879291057586669922e-01
9.882857799530029297e-01,9.799973964691162109e-01
9.819752573966979980e-01,9.999521970748901367e-01
9.921113848686218262e-01,9.909785389900207520e-01
9.960168600082397461e-01,9.809451103210449219e-01
9.813445806503295898e-01,9.992281198501586914e-01
9.760406017303466797e-01,9.889285564422607422e-01
9.701095223426818848e-01,9.939059019088745117e-01
9.611682891845703125e-01,9.899457097053527832e-01
9.779633879661560059e-01,9.978743791580200195e-01
9.668775200843811035e-01,9.942352175712585449e-01
9.552486538887023926e-01,9.934143424034118652e-01
9.973618984222412109e-01,9.999678134918212891e-01
9.851343631744384766e-01,9.947304725646972656e-01
9.892015457153320312e-01,9.969595670700073242e-01
9.971293210983276367e-01,9.970576167106628418e-01
9.990125298500061035e-01,9.868439435958862305e-01
9.929360747337341309e-01,9.948075413703918457e-01
9.961505532264709473e-01,9.869440793991088867e-01
9.660198688507080078e-01,9.860148429870605469e-01
9.850051403045654297e-01,9.909290075302124023e-01
9.671219587326049805e-01,9.908851981163024902e-01
9.953539967536926270e-01,9.920187592506408691e-01
9.695130586624145508e-01,9.866058826446533203e-01
9.619957208633422852e-01,9.809468388557434082e-01
9.544942975044250488e-01,9.986618161201477051e-01
9.751160144805908203e-01,9.853240847587585449e-01
9.631121754646301270e-01,9.770979881286621094e-01
9.959154129028320312e-01,9.781011343002319336e-01
9.651572704315185547e-01,9.880088567733764648e-01
9.998452663421630859e-01,9.999570846557617188e-01
9.954012632369995117e-01,9.899321794509887695e-01
9.620887637138366699e-01,9.988549947738647461e-01
9.619925022125244141e-01,9.919122457504272461e-01
9.919699430465698242e-01,9.828916192054748535e-01
9.860670566558837891e-01,9.989073872566223145e-01
9.760662913322448730e-01,9.800735712051391602e-01
9.871281385421752930e-01,9.898924827575683594e-01
9.680772423744201660e-01,9.799672961235046387e-01
9.516839981079101562e-01,9.939999580383300781e-01
9.989435672760009766e-01,9.812132120132446289e-01
9.579500555992126465e-01,9.969154000282287598e-01
9.509359598159790039e-01,9.860029816627502441e-01
9.842024445533752441e-01,9.839205741882324219e-01
9.562329649925231934e-01,9.989875555038452148e-01
9.800209999084472656e-01,9.879363775253295898e-01
9.737157225608825684e-01,9.948703646659851074e-01
9.801356196403503418e-01,9.929984211921691895e-01
9.972312450408935547e-01,9.889277219772338867e-01
9.851087331771850586e-01,9.791337251663208008e-01
9.730631113052368164e-01,9.848918914794921875e-01
9.930027723312377930e-01,9.991847276687622070e-01
9.941674470901489258e-01,9.817765951156616211e-01
9.970213770866394043e-01,9.790310859680175781e-01
9.502217769622802734e-01,9.829159975051879883e-01
9.998817443847656250e-01,9.859675765037536621e-01
9.932081699371337891e-01,9.967834949493408203e-01
9.861000180244445801e-01,9.979500770568847656e-01
9.975746273994445801e-01,9.759252667427062988e-01
9.580668210983276367e-01,9.939096570014953613e-01
9.601085186004638672e-01,9.970654249191284180e-01
9.546734094619750977e-01,9.890235066413879395e-01
9.748077988624572754e-01,9.778390526771545410e-01
9.809525609016418457e-01,9.869886636734008789e-01
9.551005363464355469e-01,9.888559579849243164e-01
9.861273765563964844e-01,9.751253128051757812e-01
9.961575865745544434e-01,9.830077290534973145e-01
9.609812498092651367e-01,9.770635366439819336e-01
9.601791501045227051e-01,9.996312260627746582e-01
9.627500176429748535e-01,9.907226562500000000e-01
9.607943296432495117e-01,9.960721731185913086e-01
9.699558019638061523e-01,9.909132719039916992e-01
9.680204391479492188e-01,9.758493900299072266e-01
9.991578459739685059e-01,9.798959493637084961e-01
9.586873650550842285e-01,9.757907390594482422e-01
9.608179330825805664e-01,9.859613180160522461e-01
9.552295804023742676e-01,9.983690977096557617e-01
9.954773187637329102e-01,9.877999424934387207e-01
9.989737272262573242e-01,9.810010194778442383e-01
9.800240993499755859e-01,9.818859696388244629e-01
9.550409317016601562e-01,9.870705604553222656e-01
9.529415369033813477e-01,9.859910607337951660e-01
9.561061859130859375e-01,9.907786846160888672e-01
9.980478286743164062e-01,9.839669466018676758e-01
9.690533876419067383e-01,9.879531264305114746e-01
9.985733032226562500e-01,9.823235869407653809e-01
9.702138304710388184e-01,9.917924404144287109e-01
9.651749134063720703e-01,9.838997125625610352e-01
9.747166037559509277e-01,9.949641227722167969e-01
9.789764285087585449e-01,9.819737076759338379e-01
9.930809736251831055e-01,9.800330996513366699e-01
9.871610999107360840e-01,9.799633622169494629e-01
9.667825102806091309e-01,9.962856769561767578e-01
9.550248384475708008e-01,9.899780154228210449e-01
9.880182147026062012e-01,9.978138804435729980e-01
9.639657735824584961e-01,9.940149188041687012e-01
9.648262262344360352e-01,9.950004816055297852e-01
9.679656624794006348e-01,9.780231714248657227e-01
9.591816663742065430e-01,9.849296808242797852e-01
9.883173704147338867e-01,9.828411340713500977e-01
9.680284857749938965e-01,9.979364275932312012e-01
9.758279919624328613e-01,9.819898009300231934e-01
9.538934230804443359e-01,9.751800894737243652e-01
9.526824951171875000e-01,9.880383014678955078e-01
9.709824919700622559e-01,9.852154254913330078e-01
9.778877496719360352e-01,9.810027480125427246e-01
9.850265979766845703e-01,9.929239153861999512e-01
9.738366603851318359e-01,9.749856591224670410e-01
9.690885543823242188e-01,9.860088825225830078e-01
9.600336551666259766e-01,9.975471496582031250e-01
9.900389909744262695e-01,9.898265004158020020e-01
9.719091653823852539e-01,9.810043573379516602e-01
9.978945255279541016e-01,9.877417087554931641e-01
9.950143098831176758e-01,9.980939626693725586e-01
9.630429744720458984e-01,9.759709239006042480e-01
9.650896191596984863e-01,9.930251836776733398e-01
9.827321171760559082e-01,9.805166125297546387e-01
9.794107675552368164e-01,9.965937733650207520e-01
9.781308770179748535e-01,9.927797317504882812e-01
9.640668630599975586e-01,9.770935773849487305e-01
9.639463424682617188e-01,9.779463410377502441e-01
9.798588752746582031e-01,9.970648288726806641e-01
9.860519170761108398e-01,9.849337339401245117e-01
9.749009013175964355e-01,9.859486818313598633e-01
9.526351690292358398e-01,9.888871908187866211e-01
9.639807939529418945e-01,9.950433969497680664e-01
9.969138503074645996e-01,9.889250397682189941e-01
9.821332097053527832e-01,9.919747710227966309e-01
9.504181742668151855e-01,9.815924763679504395e-01
9.639542102813720703e-01,9.939315319061279297e-01
9.760193824768066406e-01,9.989408254623413086e-01
9.933302402496337891e-01,9.781054854393005371e-01
9.558702707290649414e-01,9.831651449203491211e-01
9.700130224227905273e-01,9.959902763366699219e-01
9.838747978210449219e-01,9.839026927947998047e-01
9.640006422996520996e-01,9.809527397155761719e-01
9.749220013618469238e-01,9.929522275924682617e-01
9.710423946380615234e-01,9.759575724601745605e-01
9.891906380653381348e-01,9.759340286254882812e-01
9.738117456436157227e-01,9.945706725120544434e-01
9.942959547042846680e-01,9.808803796768188477e-01
9.999473094940185547e-01,9.778618216514587402e-01
9.710181951522827148e-01,9.929531216621398926e-01
9.779124855995178223e-01,9.849140644073486328e-01
9.727807044982910156e-01,9.865950942039489746e-01
9.530017375946044922e-01,9.820152521133422852e-01
9.578771591186523438e-01,9.959422349929809570e-01
9.982042908668518066e-01,9.859817028045654297e-01
9.810270667076110840e-01,9.809500575065612793e-01
9.861701726913452148e-01,9.799044132232666016e-01
9.999489784240722656e-01,9.920998215675354004e-01
9.689037799835205078e-01,9.830557107925415039e-01
9.940719604492187500e-01,1.000042915344238281e+00
9.610790610313415527e-01,9.897205829620361328e-01
9.584682583808898926e-01,9.979841709136962891e-01
9.882901310920715332e-01,9.770672321319580078e-01
9.537892341613769531e-01,9.760217666625976562e-01
9.840356111526489258e-01,9.859942197799682617e-01
9.599483609199523926e-01,9.898697137832641602e-01
9.940351247787475586e-01,9.919224977493286133e-01
9.891598820686340332e-01,9.806742668151855469e-01
9.567255973815917969e-01,9.879570007324218750e-01
9.922114014625549316e-01,9.921161532402038574e-01
9.680022597312927246e-01,9.979544878005981445e-01
9.780960083007812500e-01,9.908952713012695312e-01
9.921781420707702637e-01,9.839886426925659180e-01
9.720314741134643555e-01,9.780368208885192871e-01
9.857892990112304688e-01,9.866186976432800293e-01
9.650949835777282715e-01,9.960090517997741699e-01
9.681348204612731934e-01,9.779878854751586914e-01
9.519798159599304199e-01,9.989105463027954102e-01
9.641584753990173340e-01,9.920189380645751953e-01
9.709068536758422852e-01,9.780317544937133789e-01
9.540277719497680664e-01,9.779862165451049805e-01
9.982885122299194336e-01,9.839258193969726562e-01
9.942184686660766602e-01,9.850139617919921875e-01
9.610515832901000977e-01,9.898633956909179688e-01
9.697885513305664062e-01,9.829665422439575195e-01
9.981679916381835938e-01,9.920192956924438477e-01
9.770956039428710938e-01,9.748863577842712402e-01
9.750721454620361328e-01,9.879044294357299805e-01
9.651473164558410645e-01,9.809370636940002441e-01
9.718990325927734375e-01,9.910066127777099609e-01
9.578393101692199707e-01,9.879475235939025879e-01
9.550079107284545898e-01,9.780628681182861328e-01
9.709273576736450195e-01,9.809252023696899414e-01
9.991596937179565430e-01,9.900267124176025391e-01
9.779829978942871094e-01,9.999155998229980469e-01
9.642855525016784668e-01,9.841605424880981445e-01
9.767628908157348633e-01,9.936890602111816406e-01
9.860116243362426758e-01,9.949294328689575195e-01
9.998098015785217285e-01,9.968085289001464844e-01
9.840648770332336426e-01,9.869430661201477051e-01
9.856396913528442383e-01,9.917922019958496094e-01
9.841180443763732910e-01,9.759609103202819824e-01
9.972512722015380859e-01,9.859438538551330566e-01
9.556988477706909180e-01,9.990034103393554688e-01
9.518046379089355469e-01,9.821268320083618164e-01
9.871717095375061035e-01,9.869683980941772461e-01
9.843165278434753418e-01,9.759038090705871582e-01
9.682845473289489746e-01,9.769504070281982422e-01
9.770210981369018555e-01,9.900060296058654785e-01
9.640554189682006836e-01,9.997928738594055176e-01
9.850310087203979492e-01,9.968762397766113281e-01
9.901143312454223633e-01,9.929866790771484375e-01
9.800961017608642578e-01,9.850696325302124023e-01
9.611118435859680176e-01,9.887944459915161133e-01
9.702197909355163574e-01,9.870769381523132324e-01
9.770839214324951172e-01,9.958544969558715820e-01
9.686602354049682617e-01,9.986041784286499023e-01
9.670183658599853516e-01,9.790547490119934082e-01
9.562852382659912109e-01,9.987636804580688477e-01
9.981335401535034180e-01,9.761674404144287109e-01
9.616931080818176270e-01,9.817634820938110352e-01
9.620419144630432129e-01,9.989686608314514160e-01
9.898886084556579590e-01,9.787573814392089844e-01
9.570735692977905273e-01,9.751999378204345703e-01
9.638425111770629883e-01,9.899235367774963379e-01
9.642136096954345703e-01,9.968618750572204590e-01
9.983506798744201660e-01,9.931152462959289551e-01
9.570336341857910156e-01,9.918705224990844727e-01
9.660991430282592773e-01,9.800031781196594238e-01
9.641915559768676758e-01,9.848302602767944336e-01
9.802066683769226074e-01,9.938983917236328125e-01
9.995950460433959961e-01,9.789271354675292969e-01
9.708348512649536133e-01,9.959134459495544434e-01
9.749283194541931152e-01,9.941015243530273438e-01
9.873058795928955078e-01,9.899571537971496582e-01
9.972514510154724121e-01,9.839163422584533691e-01
9.500562548637390137e-01,9.892102479934692383e-01
9.747695326805114746e-01,9.867027997970581055e-01
9.659715890884399414e-01,9.888722896575927734e-01
9.690395593643188477e-01,9.749156236648559570e-01
9.801628589630126953e-01,9.887926578521728516e-01
9.650948047637939453e-01,9.770363569259643555e-01
9.529608488082885742e-01,9.879276156425476074e-01
9.923338890075683594e-01,9.750344157218933105e-01
9.831511974334716797e-01,9.819135069847106934e-01
9.540621042251586914e-01,9.799882769584655762e-01
9.830259084701538086e-01,9.809870719909667969e-01
9.943748712539672852e-01,9.839358925819396973e-01
9.984042048454284668e-01,9.970358610153198242e-01
9.600273370742797852e-01,9.858435988426208496e-01
9.860507249832153320e-01,9.888592958450317383e-01
9.954169392585754395e-01,9.760336875915527344e-01
9.508181810379028320e-01,9.870057106018066406e-01
9.526925086975097656e-01,9.870245456695556641e-01
9.758475422859191895e-01,9.840066432952880859e-01
9.958718419075012207e-01,9.819636940956115723e-01
9.736115336418151855e-01,9.927123785018920898e-01
9.590755701065063477e-01,9.755648374557495117e-01
9.924665689468383789e-01,9.967530965805053711e-01
9.528697729110717773e-01,9.846045374870300293e-01
9.998970031738281250e-01,9.931343793869018555e-01
9.790171980857849121e-01,9.868147373199462891e-01
9.609043598175048828e-01,9.859120845794677734e-01
9.498471021652221680e-01,9.848486781120300293e-01
9.680409431457519531e-01,9.759863615036010742e-01
9.661689996719360352e-01,9.759633541107177734e-01
9.621387124061584473e-01,9.839413762092590332e-01
9.600438475608825684e-01,9.779888391494750977e-01
9.971324205398559570e-01,9.970279932022094727e-01
9.629844427108764648e-01,9.950231909751892090e-01
9.830412864685058594e-01,9.899170994758605957e-01
9.772098064422607422e-01,9.789792299270629883e-01
9.972253441810607910e-01,9.973453283309936523e-01
9.813966751098632812e-01,9.832686185836791992e-01
9.750324487686157227e-01,9.938964843750000000e-01
9.574255943298339844e-01,9.997826814651489258e-01
9.689468145370483398e-01,9.929483532905578613e-01
9.919714927673339844e-01,9.990463256835937500e-01
9.610130786895751953e-01,9.819698929786682129e-01
9.592382311820983887e-01,9.899540543556213379e-01
9.715203046798706055e-01,9.983932375907897949e-01
9.589284062385559082e-01,9.998928308486938477e-01
9.538768529891967773e-01,9.760383963584899902e-01
9.539368152618408203e-01,9.949918389320373535e-01
9.962880015373229980e-01,9.771059751510620117e-01
9.590822458267211914e-01,9.848784804344177246e-01
9.506504535675048828e-01,9.950244426727294922e-01
9.529128074645996094e-01,9.990534782409667969e-01
9.900373220443725586e-01,9.838727116584777832e-01
9.872597455978393555e-01,9.758586883544921875e-01
9.933071732521057129e-01,9.930840730667114258e-01
9.731768965721130371e-01,9.769577980041503906e-01
9.741479754447937012e-01,9.941855669021606445e-01
9.744530916213989258e-01,9.891071319580078125e-01
9.820786714553833008e-01,9.937813282012939453e-01
9.729207754135131836e-01,9.949594736099243164e-01
9.841121435165405273e-01,9.937125444412231445e-01
9.548364877700805664e-01,9.781084060668945312e-01
9.965652227401733398e-01,9.809774756431579590e-01
9.738956093788146973e-01,9.909405112266540527e-01
9.851543307304382324e-01,9.971551299095153809e-01
9.581245183944702148e-01,9.849981069564819336e-01
9.671068191528320312e-01,9.790172576904296875e-01
9.944461584091186523e-01,9.797906875610351562e-01
9.650100469589233398e-01,9.940598607063293457e-01
9.581055045127868652e-01,9.878540039062500000e-01
9.671223163604736328e-01,9.814653992652893066e-01
9.548103809356689453e-01,9.830597639083862305e-01
9.588198661804199219e-01,9.840809702873229980e-01
9.612957239151000977e-01,9.899606704711914062e-01
9.893825054168701172e-01,9.808691740036010742e-01
9.591329693794250488e-01,9.839190244674682617e-01
9.691849946975708008e-01,9.987462162971496582e-01
9.710042476654052734e-01,1.000016570091247559e+00
9.750848412513732910e-01,9.888756275177001953e-01
9.779841899871826172e-01,9.759262800216674805e-01
9.825327396392822266e-01,9.834135174751281738e-01
9.789986014366149902e-01,9.920188784599304199e-01
9.902343750000000000e-01,9.908418655395507812e-01
9.923518300056457520e-01,9.999681115150451660e-01
9.948502779006958008e-01,9.750155806541442871e-01
9.952246546745300293e-01,9.869419336318969727e-01
9.590096473693847656e-01,9.779162406921386719e-01
9.538791775703430176e-01,9.890174865722656250e-01
9.518693089485168457e-01,9.889569282531738281e-01
9.679543972015380859e-01,9.761520028114318848e-01
9.962323307991027832e-01,9.800078272819519043e-01
9.820991158485412598e-01,9.838652014732360840e-01
9.497879147529602051e-01,9.831044077873229980e-01
9.821326136589050293e-01,9.809427857398986816e-01
9.615282416343688965e-01,9.844329357147216797e-01
9.697288274765014648e-01,9.899764657020568848e-01
9.901181459426879883e-01,9.909965991973876953e-01
9.974358677864074707e-01,9.860968589782714844e-01
9.769470691680908203e-01,9.849904775619506836e-01
9.902808666229248047e-01,9.839713573455810547e-01
9.879618883132934570e-01,9.940000772476196289e-01
9.840354919433593750e-01,9.800477027893066406e-01
9.730622768402099609e-01,9.839109182357788086e-01
9.749697446823120117e-01,9.859772324562072754e-01
9.640107750892639160e-01,9.869984388351440430e-01
9.729586839675903320e-01,9.780395030975341797e-01
9.599399566650390625e-01,9.988713860511779785e-01
1.000029683113098145e+00,9.859577417373657227e-01
9.841676950454711914e-01,9.968713521957397461e-01
9.611265063285827637e-01,9.810044169425964355e-01
9.727171659469604492e-01,9.872571229934692383e-01
9.649251699447631836e-01,9.768811464309692383e-01
9.861522316932678223e-01,9.898809790611267090e-01
9.579077959060668945e-01,9.783301353454589844e-01
9.971709251403808594e-01,9.799112081527709961e-01
9.507875442504882812e-01,9.762808084487915039e-01
9.562311172485351562e-01,9.969755411148071289e-01
9.841337203979492188e-01,9.782984256744384766e-01
9.891644716262817383e-01,9.949078559875488281e-01
9.640561342239379883e-01,9.977743029594421387e-01
9.998602867126464844e-01,9.809252619743347168e-01
9.578806161880493164e-01,9.880176782608032227e-01
9.620696306228637695e-01,9.760321378707885742e-01
9.968565702438354492e-01,9.830363988876342773e-01
9.952250719070434570e-01,9.790568351745605469e-01
9.549704194068908691e-01,9.940836429595947266e-01
9.859107136726379395e-01,9.840096235275268555e-01
9.562934637069702148e-01,9.977326393127441406e-01
9.720108509063720703e-01,9.899007081985473633e-01
9.581503272056579590e-01,9.947623610496520996e-01
1.000227093696594238e+00,9.939153790473937988e-01
9.588645696640014648e-01,9.869788289070129395e-01
9.919575452804565430e-01,9.780755639076232910e-01
9.751495718955993652e-01,9.948452711105346680e-01
9.509126543998718262e-01,9.771560430526733398e-01
9.979919195175170898e-01,9.830095767974853516e-01
9.931676387786865234e-01,9.928674697875976562e-01
9.882001876831054688e-01,9.971312284469604492e-01
9.669539928436279297e-01,9.763416051864624023e-01
9.577400684356689453e-01,9.916684627532958984e-01
9.789370298385620117e-01,9.970817565917968750e-01
9.681097269058227539e-01,9.770922660827636719e-01
9.583067893981933594e-01,9.798496365547180176e-01
9.569259285926818848e-01,9.957495331764221191e-01
9.908368587493896484e-01,9.941890239715576172e-01
9.758051633834838867e-01,9.908797740936279297e-01
9.972069859504699707e-01,9.899380207061767578e-01
9.762442111968994141e-01,9.969857931137084961e-01
9.668040275573730469e-01,9.998832345008850098e-01
9.501918554306030273e-01,9.985371828079223633e-01
9.882042407989501953e-01,9.770369529724121094e-01
9.921346306800842285e-01,9.941186308860778809e-01
9.884265065193176270e-01,9.977500438690185547e-01
9.769971966743469238e-01,9.910301566123962402e-01
9.985960125923156738e-01,9.753980636596679688e-01
9.526415467262268066e-01,9.907950162887573242e-01
9.680001139640808105e-01,9.829596281051635742e-01
9.729236364364624023e-01,9.937744140625000000e-01
9.598071575164794922e-01,9.978953599929809570e-01
9.500182867050170898e-01,9.874871969223022461e-01
9.870495200157165527e-01,9.938610792160034180e-01
9.750920534133911133e-01,9.869092106819152832e-01
9.849954843521118164e-01,9.749251008033752441e-01
9.873107671737670898e-01,9.752086997032165527e-01
9.824008941650390625e-01,9.751162528991699219e-01
9.497585296630859375e-01,9.750363826751708984e-01
9.718676209449768066e-01,9.959501028060913086e-01
9.879484176635742188e-01,9.992244243621826172e-01
9.962234497070312500e-01,9.768944978713989258e-01
9.680009484291076660e-01,9.869000911712646484e-01
9.540406465530395508e-01,9.890223741531372070e-01
9.609897136688232422e-01,9.759652018547058105e-01
9.863415360450744629e-01,9.760591983795166016e-01
9.896293282508850098e-01,9.998519420623779297e-01
9.646308422088623047e-01,9.993252754211425781e-01
9.947710037231445312e-01,9.810700416564941406e-01
9.651420712471008301e-01,9.750316739082336426e-01
9.790369272232055664e-01,9.970105886459350586e-01
9.948673248291015625e-01,9.983125925064086914e-01
9.780794978141784668e-01,9.976500272750854492e-01
9.740533232688903809e-01,9.751393795013427734e-01
9.561806321144104004e-01,9.969618320465087891e-01
9.568645954132080078e-01,9.849390983581542969e-01
9.941857457160949707e-01,9.990953803062438965e-01
9.963161945343017578e-01,9.899363517761230469e-01
9.973884224891662598e-01,9.908929467201232910e-01
9.896616935729980469e-01,9.909121990203857422e-01
9.660131931304931641e-01,9.819644689559936523e-01
9.998170733451843262e-01,9.780561923980712891e-01
9.952282309532165527e-01,9.769894480705261230e-01
9.931464791297912598e-01,9.859251379966735840e-01
9.569712281227111816e-01,9.878678321838378906e-01
9.727548360824584961e-01,9.762125015258789062e-01
9.610504508018493652e-01,9.930944442749023438e-01
9.991937279701232910e-01,9.783885478973388672e-01
9.599379897117614746e-01,9.889196157455444336e-01
9.780062437057495117e-01,9.949210286140441895e-01
9.788141846656799316e-01,9.860320687294006348e-01
9.828940629959106445e-01,9.990552663803100586e-01
9.911496043205261230e-01,9.841058254241943359e-01
9.670717716217041016e-01,1.000024318695068359e+00
9.771453142166137695e-01,9.799529314041137695e-01
9.939099550247192383e-01,9.810304641723632812e-01
9.897825717926025391e-01,9.751188755035400391e-01
9.940137863159179688e-01,9.800372719764709473e-01
9.506568908691406250e-01,9.993427991867065430e-01
9.850769042968750000e-01,9.819209575653076172e-01
9.818441271781921387e-01,9.828703403472900391e-01
9.910596609115600586e-01,9.971028566360473633e-01
9.759457111358642578e-01,9.839788675308227539e-01
9.648944139480590820e-01,9.840294718742370605e-01
9.760764241218566895e-01,9.969974756240844727e-01
9.688939452171325684e-01,9.950590133666992188e-01
9.502229690551757812e-01,9.879679679870605469e-01
9.827119708061218262e-01,9.924030900001525879e-01
9.758473038673400879e-01,9.909376502037048340e-01
9.550281167030334473e-01,9.882847666740417480e-01
9.578753709793090820e-01,9.860329627990722656e-01
9.981123208999633789e-01,9.829514622688293457e-01
9.978904724121093750e-01,9.768603444099426270e-01
9.930783510208129883e-01,9.969136714935302734e-01
9.741977453231811523e-01,9.888703823089599609e-01
9.839972257614135742e-01,9.958444833755493164e-01
9.631175994873046875e-01,9.790693521499633789e-01
9.971627593040466309e-01,9.819962978363037109e-01
9.789192676544189453e-01,9.849303364753723145e-01
9.971287250518798828e-01,9.859375953674316406e-01
9.819176197052001953e-01,9.949156045913696289e-01
9.640568494796752930e-01,9.821160435676574707e-01
9.838111400604248047e-01,9.984164834022521973e-01
9.978092908859252930e-01,9.752700924873352051e-01
9.750468730926513672e-01,9.769966602325439453e-01
9.771223068237304688e-01,9.947529435157775879e-01
9.609451293945312500e-01,9.987185597419738770e-01
9.523171186447143555e-01,9.989178776741027832e-01
9.568836688995361328e-01,9.751392602920532227e-01
9.706985950469970703e-01,9.976119995117187500e-01
9.708265066146850586e-01,9.979021549224853516e-01
9.689767956733703613e-01,9.939695000648498535e-01
9.792374372482299805e-01,9.769608974456787109e-01
9.508088827133178711e-01,9.888827800750732422e-01
9.591139554977416992e-01,9.765089750289916992e-01
9.838642477989196777e-01,9.959679245948791504e-01
9.870999455451965332e-01,9.809830188751220703e-01
9.500655531883239746e-01,9.806271791458129883e-01
9.520681500434875488e-01,9.927691221237182617e-01
9.504283666610717773e-01,9.821911454200744629e-01
9.960832595825195312e-01,9.960726499557495117e-01
9.739044308662414551e-01,9.959241151809692383e-01
9.549345970153808594e-01,9.859877228736877441e-01
9.930502772331237793e-01,9.949805140495300293e-01
9.678704142570495605e-01,9.988858103752136230e-01
9.651296138763427734e-01,9.888702034950256348e-01
9.670602083206176758e-01,9.930304288864135742e-01
9.621253609657287598e-01,9.820816516876220703e-01
9.770724773406982422e-01,9.939246177673339844e-01
9.944114685058593750e-01,9.950486421585083008e-01
9.943394064903259277e-01,9.918391704559326172e-01
9.721593856811523438e-01,9.848996996879577637e-01
9.974065423011779785e-01,9.996869564056396484e-01
9.939925670623779297e-01,9.960942268371582031e-01
9.789820909500122070e-01,9.909458756446838379e-01
9.798072576522827148e-01,9.990650415420532227e-01
9.920145273208618164e-01,9.875268340110778809e-01
9.930620789527893066e-01,9.849095344543457031e-01
9.614155888557434082e-01,9.776322841644287109e-01
9.600949287414550781e-01,9.799714684486389160e-01
9.520151019096374512e-01,9.809576272964477539e-01
9.769755005836486816e-01,9.809626936912536621e-01
9.789715409278869629e-01,9.959232807159423828e-01
9.781635403633117676e-01,9.878773093223571777e-01
9.660617709159851074e-01,9.920508265495300293e-01
9.995883703231811523e-01,9.780215024948120117e-01
9.728341102600097656e-01,9.969531297683715820e-01
9.971735477447509766e-01,9.942687749862670898e-01
9.852624535560607910e-01,9.757396578788757324e-01
9.817500710487365723e-01,9.838896393775939941e-01
9.780624508857727051e-01,9.989652633666992188e-01
9.931163191795349121e-01,9.854824542999267578e-01
9.519711136817932129e-01,9.969693422317504883e-01
9.671407938003540039e-01,9.979854822158813477e-01
9.518054127693176270e-01,9.975287318229675293e-01
9.630979299545288086e-01,9.987618923187255859e-01
9.578517079353332520e-01,9.760324954986572266e-01
9.860860705375671387e-01,9.799509644508361816e-01
9.922912120819091797e-01,9.839817285537719727e-01
9.881705641746520996e-01,9.968767166137695312e-01
9.821935892105102539e-01,9.969176054000854492e-01
9.745099544525146484e-01,9.942132234573364258e-01
9.759994149208068848e-01,9.751137495040893555e-01
9.757153987884521484e-01,9.917662143707275391e-01
9.809386730194091797e-01,9.850579500198364258e-01
9.827196598052978516e-01,9.867944121360778809e-01
9.528303742408752441e-01,9.807995557785034180e-01
9.762313961982727051e-01,9.927833080291748047e-01
9.579355120658874512e-01,9.780250787734985352e-01
9.661452174186706543e-01,9.829264283180236816e-01
9.757816791534423828e-01,9.949719905853271484e-01
9.680930972099304199e-01,9.840307831764221191e-01
9.731085300445556641e-01,9.948509335517883301e-01
9.829954504966735840e-01,9.991211295127868652e-01
9.964216351509094238e-01,9.770647883415222168e-01
9.669042825698852539e-01,9.950256943702697754e-01
9.750312566757202148e-01,9.877952337265014648e-01
9.649361371994018555e-01,9.820663928985595703e-01
9.620082378387451172e-01,9.771164655685424805e-01
9.730195403099060059e-01,9.820258617401123047e-01
9.641253352165222168e-01,9.958409070968627930e-01
9.764715433120727539e-01,9.754354357719421387e-01
9.503620862960815430e-01,9.899410605430603027e-01
9.802949428558349609e-01,9.770148992538452148e-01
9.697089791297912598e-01,9.979576468467712402e-01
9.590785503387451172e-01,9.828794002532958984e-01
9.941657185554504395e-01,9.771019816398620605e-01
9.831672906875610352e-01,9.751959443092346191e-01
9.628133177757263184e-01,9.898378849029541016e-01
9.700071215629577637e-01,9.941176772117614746e-01
9.691562056541442871e-01,9.960200786590576172e-01
9.709195494651794434e-01,9.971845149993896484e-01
9.994027614593505859e-01,9.982289075851440430e-01
9.820410609245300293e-01,9.919613599777221680e-01
9.681710004806518555e-01,9.799633622169494629e-01
9.551304578781127930e-01,9.918590188026428223e-01
9.932322502136230469e-01,9.909918308258056641e-01
9.956036806106567383e-01,9.909161329269409180e-01
9.791744947433471680e-01,9.989171624183654785e-01
9.898092746734619141e-01,9.957197904586791992e-01
9.790749549865722656e-01,9.919829964637756348e-01
9.841197133064270020e-01,9.810362458229064941e-01
9.759393930435180664e-01,9.918436408042907715e-01
9.899408221244812012e-01,9.918081164360046387e-01
9.992934465408325195e-01,9.988332986831665039e-01
9.789597988128662109e-01,9.849677085876464844e-01
9.938857555389404297e-01,9.792606830596923828e-01
9.689927101135253906e-01,9.839147329330444336e-01
9.949634671211242676e-01,9.772001504898071289e-01
9.691610336303710938e-01,9.998741149902343750e-01
9.788738489151000977e-01,9.981368780136108398e-01
9.549852609634399414e-01,9.836567640304565430e-01
9.640510678291320801e-01,9.849395751953125000e-01
9.618327617645263672e-01,9.751725196838378906e-01
9.699841737747192383e-01,9.789270162582397461e-01
9.766674637794494629e-01,9.994933009147644043e-01
9.920830130577087402e-01,9.979650974273681641e-01
9.699555635452270508e-01,9.939029216766357422e-01
9.830579757690429688e-01,9.938484430313110352e-01
9.860478639602661133e-01,9.920540452003479004e-01
9.857383370399475098e-01,9.750794172286987305e-01
9.539276957511901855e-01,9.900741577148437500e-01
9.930218458175659180e-01,9.869309663772583008e-01
9.679383039474487305e-01,9.908932447433471680e-01
9.526546001434326172e-01,9.820943474769592285e-01
9.940153360366821289e-01,9.809653162956237793e-01
9.875719547271728516e-01,9.983711838722229004e-01
9.504984617233276367e-01,9.760433435440063477e-01
9.911050796508789062e-01,9.937977194786071777e-01
9.799993634223937988e-01,9.991411566734313965e-01
9.641446471214294434e-01,9.898163676261901855e-01
9.932128787040710449e-01,9.978923797607421875e-01
9.920431971549987793e-01,9.948947429656982422e-01
9.711377620697021484e-01,9.810075163841247559e-01
9.692054390907287598e-01,9.848424196243286133e-01
9.729230403900146484e-01,9.950983524322509766e-01
9.828330278396606445e-01,9.991466403007507324e-01
9.525316953659057617e-01,9.759973287582397461e-01
9.992586970329284668e-01,9.799566268920898438e-01
9.579231142997741699e-01,9.940453767776489258e-01
9.750697016716003418e-01,9.910100102424621582e-01
9.779112339019775391e-01,9.799407720565795898e-01
9.803077578544616699e-01,9.992504119873046875e-01
9.670630693435668945e-01,9.969477057456970215e-01
9.701089262962341309e-01,9.891113042831420898e-01
9.962345361709594727e-01,9.909124374389648438e-01
9.983183741569519043e-01,9.836013913154602051e-01
9.800059199333190918e-01,9.879693388938903809e-01
9.801175594329833984e-01,9.927982687950134277e-01
9.563060998916625977e-01,9.808251857757568359e-01
9.749348163604736328e-01,9.898526072502136230e-01
9.919799566268920898e-01,9.780825972557067871e-01
9.960440993309020996e-01,9.949187040328979492e-01
9.581649303436279297e-01,9.889468550682067871e-01
9.842979907989501953e-01,9.992274641990661621e-01
9.508540630340576172e-01,9.928827881813049316e-01
9.507474899291992188e-01,9.909618496894836426e-01
9.981576204299926758e-01,9.789834022521972656e-01
9.981119036674499512e-01,9.839517474174499512e-01
9.941918849945068359e-01,9.800131320953369141e-01
9.558597207069396973e-01,9.997929930686950684e-01
9.981229305267333984e-01,9.929280281066894531e-01
9.699534773826599121e-01,9.858496189117431641e-01
9.982289671897888184e-01,9.800631999969482422e-01
9.788325428962707520e-01,9.949987530708312988e-01
9.658896327018737793e-01,9.953771829605102539e-01
9.667775034904479980e-01,9.945114850997924805e-01
9.809609055519104004e-01,9.959256052970886230e-01
9.843318462371826172e-01,9.991948008537292480e-01
9.589974880218505859e-01,9.841057062149047852e-01
9.918930530548095703e-01,9.948307275772094727e-01
9.540448188781738281e-01,9.830272197723388672e-01
9.709115028381347656e-01,9.979636669158935547e-01
9.810951948165893555e-01,9.930247068405151367e-01
9.810481071472167969e-01,9.920471310615539551e-01
9.881564378738403320e-01,9.850108027458190918e-01
9.616224765777587891e-01,9.813002347946166992e-01
9.503844380378723145e-01,9.756402969360351562e-01
9.934442043304443359e-01,9.829593896865844727e-01
9.572845697402954102e-01,9.969139695167541504e-01
9.699977636337280273e-01,9.880135059356689453e-01
9.505426883697509766e-01,9.769439697265625000e-01
9.801295399665832520e-01,9.750750660896301270e-01
9.740148782730102539e-01,9.849983453750610352e-01
9.640284776687622070e-01,9.799573421478271484e-01
9.816244840621948242e-01,9.997851252555847168e-01
9.560211896896362305e-01,9.938827157020568848e-01
9.972754120826721191e-01,9.909456968307495117e-01
9.528666138648986816e-01,9.990116357803344727e-01
9.608532190322875977e-01,9.967960119247436523e-01
9.952408075332641602e-01,9.928764700889587402e-01
9.830629825592041016e-01,9.930028319358825684e-01
9.759443402290344238e-01,9.798990488052368164e-01
9.718814492225646973e-01,9.936125874519348145e-01
9.812925457954406738e-01,9.809139370918273926e-01
9.799563288688659668e-01,9.840484857559204102e-01
9.748639464378356934e-01,9.960233569145202637e-01
9.660988450050354004e-01,9.780045747756958008e-01
9.701170325279235840e-01,9.920014739036560059e-01
9.709962010383605957e-01,9.800199866294860840e-01
9.945744872093200684e-01,9.972168207168579102e-01
9.520440101623535156e-01,9.820131063461303711e-01
9.809482693672180176e-01,9.999043941497802734e-01
9.611341953277587891e-01,9.940187931060791016e-01
9.651333093643188477e-01,9.978826045989990234e-01
9.788819551467895508e-01,9.782212972640991211e-01
9.890737533569335938e-01,9.979703426361083984e-01
9.691132307052612305e-01,9.770011901855468750e-01
9.521083831787109375e-01,9.970168471336364746e-01
9.820953607559204102e-01,9.839723706245422363e-01
9.861050844192504883e-01,9.878851175308227539e-01
9.708434343338012695e-01,9.909848570823669434e-01
9.971541166305541992e-01,9.771021008491516113e-01
9.962167143821716309e-01,9.978760480880737305e-01
9.549615979194641113e-01,9.950621724128723145e-01
9.799577593803405762e-01,9.848228693008422852e-01
9.991176128387451172e-01,9.959880113601684570e-01
9.870492815971374512e-01,9.751033186912536621e-01
9.611162543296813965e-01,9.889288544654846191e-01
9.641990661621093750e-01,9.804561734199523926e-01
9.839802980422973633e-01,9.849978685379028320e-01
9.901221990585327148e-01,1.000046253204345703e+00
9.652322530746459961e-01,9.828996658325195312e-01
9.980065822601318359e-01,9.780880212783813477e-01
9.740355610847473145e-01,9.779468774795532227e-01
9.640757441520690918e-01,9.861255884170532227e-01
9.548084735870361328e-01,9.840635061264038086e-01
9.759775400161743164e-01,9.859334230422973633e-01
9.904062747955322266e-01,9.836428165435791016e-01
9.721280932426452637e-01,9.969604015350341797e-01
9.968953132629394531e-01,9.750415086746215820e-01
9.970768690109252930e-01,9.886686801910400391e-01
9.671786427497863770e-01,9.957963228225708008e-01
9.698714017868041992e-01,9.999693036079406738e-01
9.569187164306640625e-01,9.977592229843139648e-01
9.760720729827880859e-01,9.997909665107727051e-01
9.999718070030212402e-01,9.810289144515991211e-01
9.581695199012756348e-01,9.996129274368286133e-01
9.501010775566101074e-01,9.889533519744873047e-01
9.709627628326416016e-01,9.869327545166015625e-01
9.532163143157958984e-01,9.997547864913940430e-01
9.527459144592285156e-01,9.879242181777954102e-01
9.820088148117065430e-01,9.839662313461303711e-01
9.562522172927856445e-01,9.890660047531127930e-01
9.550178050994873047e-01,9.789420366287231445e-01
9.518252611160278320e-01,9.791596531867980957e-01
9.931778311729431152e-01,9.884966015815734863e-01
9.768131971359252930e-01,9.979878067970275879e-01
9.630347490310668945e-01,9.779905676841735840e-01
9.931766986846923828e-01,9.839897155761718750e-01
9.896073341369628906e-01,9.984154701232910156e-01
9.879022836685180664e-01,9.960053563117980957e-01
9.860471487045288086e-01,9.989223480224609375e-01
9.780177474021911621e-01,9.819878935813903809e-01
9.891771078109741211e-01,9.909867048263549805e-01
9.651023149490356445e-01,9.971711635589599609e-01
9.981992840766906738e-01,9.967003464698791504e-01
9.699950218200683594e-01,9.929634332656860352e-01
9.698678851127624512e-01,9.820377826690673828e-01
9.680594801902770996e-01,9.809515476226806641e-01
9.999250769615173340e-01,9.838724136352539062e-01
9.882382154464721680e-01,9.759384393692016602e-01
9.666560888290405273e-01,9.976958036422729492e-01
9.941654801368713379e-01,9.870002865791320801e-01
9.715150594711303711e-01,9.917582273483276367e-01
9.620387554168701172e-01,9.868975877761840820e-01
9.784100055694580078e-01,9.791957139968872070e-01
9.570456147193908691e-01,9.940541982650756836e-01
9.640697836875915527e-01,9.979256987571716309e-01
9.808544516563415527e-01,9.930774569511413574e-01
9.625685214996337891e-01,9.853562116622924805e-01
9.923138022422790527e-01,9.960571527481079102e-01
9.891896843910217285e-01,9.990385770797729492e-01
9.550155997276306152e-01,9.922263622283935547e-01
9.680957794189453125e-01,9.856779575347900391e-01
9.818410873413085938e-01,9.750676155090332031e-01
9.871478080749511719e-01,9.789577722549438477e-01
9.922298192977905273e-01,9.790465831756591797e-01
9.872869253158569336e-01,9.780828952789306641e-01
9.981617331504821777e-01,9.859247803688049316e-01
9.919689297676086426e-01,9.990076422691345215e-01
9.901803731918334961e-01,9.990804791450500488e-01
9.953685402870178223e-01,9.799672961235046387e-01
9.729317426681518555e-01,9.918874502182006836e-01
9.759709835052490234e-01,9.839068055152893066e-01
9.561167359352111816e-01,9.898868203163146973e-01
9.903751015663146973e-01,9.799110293388366699e-01
9.609933495521545410e-01,9.858864545822143555e-01
1.000107288360595703e+00,9.850339293479919434e-01
9.971472024917602539e-01,9.950540065765380859e-01
9.759428501129150391e-01,9.999190568923950195e-01
9.550375342369079590e-01,9.770621657371520996e-01
9.714626073837280273e-01,9.901725649833679199e-01
9.561236500740051270e-01,9.899314641952514648e-01
9.803214073181152344e-01,9.786460399627685547e-01
9.596530795097351074e-01,9.963073730468750000e-01
9.540731906890869141e-01,9.759839773178100586e-01
9.798217415809631348e-01,9.989502429962158203e-01
9.781388640403747559e-01,9.937958717346191406e-01
9.700874090194702148e-01,9.928263425827026367e-01
9.789421558380126953e-01,9.761373400688171387e-01
9.844543933868408203e-01,9.810254573822021484e-01
9.679291844367980957e-01,9.878867864608764648e-01
9.880216121673583984e-01,9.780300259590148926e-01
9.719318151473999023e-01,9.949270486831665039e-01
9.809746146202087402e-01,9.830096364021301270e-01
9.892244338989257812e-01,9.989974498748779297e-01
9.699680805206298828e-01,9.799728393554687500e-01
9.771085977554321289e-01,9.988219141960144043e-01
9.972068667411804199e-01,9.939324855804443359e-01
9.721443057060241699e-01,9.918439388275146484e-01
9.718492627143859863e-01,9.760453701019287109e-01
9.829240441322326660e-01,9.899789094924926758e-01
9.589397311210632324e-01,9.800502061843872070e-01
9.540884494781494141e-01,9.883695840835571289e-01
9.958684444427490234e-01,9.789869785308837891e-01
9.541257619857788086e-01,9.995779991149902344e-01
9.645717144012451172e-01,9.885137677192687988e-01
9.816951751708984375e-01,9.923881888389587402e-01
9.732232093811035156e-01,9.967973828315734863e-01
9.972613453865051270e-01,9.889056682586669922e-01
9.798657894134521484e-01,9.936238527297973633e-01
9.688643217086791992e-01,9.794322848320007324e-01
9.810452461242675781e-01,9.760081768035888672e-01
9.709352254867553711e-01,9.819536209106445312e-01
9.851453304290771484e-01,9.909232854843139648e-01
1.000041365623474121e+00,9.935764670372009277e-01
9.709907174110412598e-01,9.781150817871093750e-01
9.614438414573669434e-01,9.977332353591918945e-01
9.528694152832031250e-01,9.761130809783935547e-01
9.920771121978759766e-01,9.950224161148071289e-01
9.596840739250183105e-01,9.929563999176025391e-01
9.680523276329040527e-01,9.908148050308227539e-01
9.668745994567871094e-01,9.959101676940917969e-01
9.841045141220092773e-01,9.892576932907104492e-01
9.989824295043945312e-01,9.938351511955261230e-01
9.508485794067382812e-01,9.919664263725280762e-01
9.800511002540588379e-01,9.928684830665588379e-01
1.000055551528930664e+00,9.769362211227416992e-01
9.687675833702087402e-01,9.797449111938476562e-01
9.549801349639892578e-01,9.960178732872009277e-01
9.998584985733032227e-01,9.991108775138854980e-01
9.870683550834655762e-01,9.890763163566589355e-01
9.748985171318054199e-01,9.820783138275146484e-01
9.704514741897583008e-01,9.806145429611206055e-01
9.620135426521301270e-01,9.858855009078979492e-01
9.942888021469116211e-01,9.991091489791870117e-01
9.740458130836486816e-01,9.778903722763061523e-01
9.659562110900878906e-01,9.771279096603393555e-01
9.641572237014770508e-01,9.930620789527893066e-01
9.810477495193481445e-01,9.859015941619873047e-01
9.793804287910461426e-01,9.767870903015136719e-01
9.922053813934326172e-01,9.800720214843750000e-01
9.588373303413391113e-01,9.788212180137634277e-01
9.707307219505310059e-01,9.956172704696655273e-01
9.708060026168823242e-01,9.919895529747009277e-01
9.557465910911560059e-01,9.930887222290039062e-01
9.670780301094055176e-01,9.859450459480285645e-01
9.539854526519775391e-01,9.949473142623901367e-01
9.609106183052062988e-01,9.979839324951171875e-01
9.619503021240234375e-01,9.918321371078491211e-01
9.602636098861694336e-01,9.928599596023559570e-01
9.748657345771789551e-01,9.899391531944274902e-01
9.871414899826049805e-01,9.978853464126586914e-01
9.972288012504577637e-01,9.753478765487670898e-01
9.802609086036682129e-01,9.912196397781372070e-01
9.530615210533142090e-01,9.770841002464294434e-01
9.817016124725341797e-01,9.859070777893066406e-01
9.820399284362792969e-01,9.807734489440917969e-01
9.511411190032958984e-01,9.938166737556457520e-01
9.981032609939575195e-01,9.860026836395263672e-01
9.911356568336486816e-01,9.869763255119323730e-01
9.739499092102050781e-01,9.889839887619018555e-01
9.818050861358642578e-01,9.945188760757446289e-01
9.530544877052307129e-01,9.880242347717285156e-01
9.635305404663085938e-01,9.997482895851135254e-01
9.659213423728942871e-01,9.999336004257202148e-01
9.872031807899475098e-01,9.908142089843750000e-01
9.851303100585937500e-01,9.869037866592407227e-01
9.508334994316101074e-01,9.950910806655883789e-01
9.985409379005432129e-01,9.779726862907409668e-01
9.910191297531127930e-01,9.987884759902954102e-01
9.779688119888305664e-01,9.959133267402648926e-01
9.882624745368957520e-01,9.828747510910034180e-01
9.973596334457397461e-01,9.846308827400207520e-01
9.990952014923095703e-01,9.789986610412597656e-01
9.578806757926940918e-01,9.981223940849304199e-01
9.882376194000244141e-01,9.798918962478637695e-01
9.951951503753662109e-01,9.983269572257995605e-01
9.640347957611083984e-01,9.849685430526733398e-01
9.740552902221679688e-01,9.869765043258666992e-01
9.669346213340759277e-01,9.891054034233093262e-01
9.950345158576965332e-01,9.859597086906433105e-01
9.680323004722595215e-01,9.929708242416381836e-01
9.830979108810424805e-01,9.749387502670288086e-01
9.537909030914306641e-01,9.888160824775695801e-01
9.660539031028747559e-01,9.928721785545349121e-01
9.727768898010253906e-01,9.919989705085754395e-01
9.840883016586303711e-01,9.797980785369873047e-01
9.728213548660278320e-01,9.749546051025390625e-01
9.741589426994323730e-01,9.869011640548706055e-01
9.612576961517333984e-01,9.929792881011962891e-01
9.708255529403686523e-01,9.900427460670471191e-01
9.670890569686889648e-01,9.770325422286987305e-01
9.911696910858154297e-01,9.929085373878479004e-01
9.600912928581237793e-01,9.839926958084106445e-01
9.790250658988952637e-01,9.799445867538452148e-01
9.931122660636901855e-01,9.810200929641723633e-01
9.569747447967529297e-01,9.799486398696899414e-01
9.527235031127929688e-01,9.909777641296386719e-01
9.759896993637084961e-01,9.990603923797607422e-01
9.882423877716064453e-01,9.961591958999633789e-01
9.749644994735717773e-01,9.776300191879272461e-01
9.862477183341979980e-01,9.858219623565673828e-01
9.618147611618041992e-01,9.780080318450927734e-01
9.984639286994934082e-01,9.798710942268371582e-01
9.689410924911499023e-01,9.930912852287292480e-01
9.895961284637451172e-01,9.950711727142333984e-01
9.889071583747863770e-01,9.836204648017883301e-01
9.975930452346801758e-01,9.762473702430725098e-01
9.913383722305297852e-01,1.000003218650817871e+00
9.599913358688354492e-01,9.910036325454711914e-01
9.792072176933288574e-01,9.879918098449707031e-01
9.810520410537719727e-01,9.895601868629455566e-01
9.620715379714965820e-01,9.790649414062500000e-01
9.779830574989318848e-01,9.868779778480529785e-01
9.749638438224792480e-01,9.779805541038513184e-01
9.933965802192687988e-01,9.970561265945434570e-01
9.688709378242492676e-01,9.750009179115295410e-01
9.921099543571472168e-01,9.878438711166381836e-01
9.811390638351440430e-01,9.929362535476684570e-01
9.910984039306640625e-01,9.997642636299133301e-01
9.769815206527709961e-01,9.929932951927185059e-01
9.600024223327636719e-01,9.898789525032043457e-01
9.779555797576904297e-01,9.818791151046752930e-01
9.942778348922729492e-01,9.918847084045410156e-01
9.972361922264099121e-01,9.914306998252868652e-01
9.989541769027709961e-01,9.773612022399902344e-01
9.590405821800231934e-01,9.780954718589782715e-01
9.981803894042968750e-01,9.829365015029907227e-01
9.719465970993041992e-01,9.789962172508239746e-01
9.992122650146484375e-01,9.868645668029785156e-01
9.610503315925598145e-01,9.927372336387634277e-01
9.800175428390502930e-01,9.996702075004577637e-01
9.638607501983642578e-01,9.999213218688964844e-01
9.569804072380065918e-01,9.790012836456298828e-01
9.682786464691162109e-01,9.792491793632507324e-01
9.630513787269592285e-01,9.859766364097595215e-01
9.840093851089477539e-01,9.940915107727050781e-01
9.941110610961914062e-01,9.960055947303771973e-01
9.790212512016296387e-01,9.990037679672241211e-01
9.519042968750000000e-01,9.869165420532226562e-01
9.910120964050292969e-01,9.819262027740478516e-01
9.671932458877563477e-01,9.849436283111572266e-01
9.641302824020385742e-01,9.818765521049499512e-01
9.811261892318725586e-01,9.909065961837768555e-01
9.649400115013122559e-01,9.927144050598144531e-01
9.519721269607543945e-01,9.845755100250244141e-01
9.721795320510864258e-01,9.838443994522094727e-01
9.831126928329467773e-01,9.840203523635864258e-01
9.969257116317749023e-01,9.790982604026794434e-01
9.519476890563964844e-01,9.790349006652832031e-01
9.536281228065490723e-01,9.907922744750976562e-01
9.569418430328369141e-01,9.769703149795532227e-01
9.891131520271301270e-01,9.830265045166015625e-01
9.578185081481933594e-01,9.810076951980590820e-01
1.000160336494445801e+00,9.909236431121826172e-01
9.540366530418395996e-01,9.979110360145568848e-01
9.620314836502075195e-01,9.779391884803771973e-01
9.744760990142822266e-01,9.859831333160400391e-01
9.851464033126831055e-01,9.876184463500976562e-01
9.882865548133850098e-01,9.789142608642578125e-01
9.994258284568786621e-01,9.979397058486938477e-01
9.721097350120544434e-01,9.778796434402465820e-01
9.531366229057312012e-01,9.888948202133178711e-01
9.851259589195251465e-01,9.879280328750610352e-01
9.690687060356140137e-01,9.819967746734619141e-01
9.991272687911987305e-01,9.938640594482421875e-01
9.990454912185668945e-01,9.889514446258544922e-01
9.517446756362915039e-01,9.930287003517150879e-01
9.694401025772094727e-01,9.771140813827514648e-01
9.789308905601501465e-01,9.759806990623474121e-01
9.842315316200256348e-01,9.779463410377502441e-01
9.799631834030151367e-01,9.809775352478027344e-01
9.799482822418212891e-01,9.956516027450561523e-01
9.672623276710510254e-01,9.930486679077148438e-01
9.799236655235290527e-01,9.750477075576782227e-01
9.891204237937927246e-01,9.809284210205078125e-01
9.531084895133972168e-01,9.940305948257446289e-01
9.697958230972290039e-01,9.962024688720703125e-01
9.718590974807739258e-01,9.929734468460083008e-01
9.720230102539062500e-01,9.829308986663818359e-01
9.498244524002075195e-01,9.749643802642822266e-01
9.636184573173522949e-01,9.761970639228820801e-01
9.739809036254882812e-01,9.829526543617248535e-01
9.628645181655883789e-01,9.835834503173828125e-01
9.959787726402282715e-01,9.839540123939514160e-01
9.601129889488220215e-01,9.908250570297241211e-01
9.661037921905517578e-01,9.869483113288879395e-01
9.699414372444152832e-01,9.850901961326599121e-01
9.921122193336486816e-01,9.829788208007812500e-01
9.822207093238830566e-01,9.769368767738342285e-01
9.770253300666809082e-01,9.897999763488769531e-01
9.760575294494628906e-01,9.978460073471069336e-01
9.536828994750976562e-01,9.980736374855041504e-01
9.978449344635009766e-01,9.989678859710693359e-01
9.518882036209106445e-01,9.859541654586791992e-01
9.659574627876281738e-01,9.770373106002807617e-01
9.669759273529052734e-01,9.930921792984008789e-01
9.529161453247070312e-01,9.909619092941284180e-01
9.931800961494445801e-01,9.869692921638488770e-01
9.963572025299072266e-01,9.969981908798217773e-01
9.748764038085937500e-01,9.819657206535339355e-01
9.891406297683715820e-01,9.998384714126586914e-01
9.780971407890319824e-01,9.808909296989440918e-01
9.752351641654968262e-01,9.908480048179626465e-01
9.895775914192199707e-01,9.793450236320495605e-01
9.962595701217651367e-01,9.889791607856750488e-01
9.689545631408691406e-01,9.800553321838378906e-01
9.841934442520141602e-01,9.990987777709960938e-01
9.779915809631347656e-01,9.858056306838989258e-01
9.601632952690124512e-01,9.782005548477172852e-01
9.701917767524719238e-01,9.860804677009582520e-01
9.839132428169250488e-01,9.791145920753479004e-01
9.620166420936584473e-01,9.898577928543090820e-01
9.732407331466674805e-01,9.760519266128540039e-01
9.789891242980957031e-01,9.948589801788330078e-01
9.872708916664123535e-01,9.808827638626098633e-01
9.951889514923095703e-01,9.873785376548767090e-01
9.566674232482910156e-01,9.970370531082153320e-01
9.748680591583251953e-01,9.897891283035278320e-01
9.516633749008178711e-01,9.819303750991821289e-01
9.609929323196411133e-01,9.996774196624755859e-01
9.738100767135620117e-01,9.949975013732910156e-01
9.730155467987060547e-01,9.978497028350830078e-01
9.801181554794311523e-01,9.949927926063537598e-01
9.810347557067871094e-01,9.839503169059753418e-01
9.815570712089538574e-01,9.822824001312255859e-01
9.841849803924560547e-01,9.899284243583679199e-01
9.985122680664062500e-01,9.892153739929199219e-01
9.528461098670959473e-01,9.835665822029113770e-01
9.557823538780212402e-01,9.749792218208312988e-01
9.951683282852172852e-01,9.973227977752685547e-01
9.504212141036987305e-01,9.922230839729309082e-01
9.829066991806030273e-01,9.839137792587280273e-01
9.621105194091796875e-01,9.969863295555114746e-01
9.571059346199035645e-01,9.799060225486755371e-01
9.970411062240600586e-01,9.849388599395751953e-01
9.671827554702758789e-01,9.784426689147949219e-01
9.809110164642333984e-01,9.969836473464965820e-01
9.660718441009521484e-01,9.879406690597534180e-01
9.609135389328002930e-01,9.919201135635375977e-01
9.578527212142944336e-01,9.769839048385620117e-01
9.729806184768676758e-01,9.810057282447814941e-01
9.521478414535522461e-01,9.859285950660705566e-01
9.780378937721252441e-01,9.919260740280151367e-01
9.749540090560913086e-01,9.750351309776306152e-01
9.569495916366577148e-01,9.940008521080017090e-01
9.932399988174438477e-01,9.959650039672851562e-01
9.849928617477416992e-01,9.889709949493408203e-01
9.637231826782226562e-01,9.873788952827453613e-01
9.640356898307800293e-01,9.800832271575927734e-01
1.000063538551330566e+00,9.979292750358581543e-01
9.758728742599487305e-01,9.765843749046325684e-01
9.618805646896362305e-01,9.930465817451477051e-01
9.539213776588439941e-01,9.790676832199096680e-01
9.941395521163940430e-01,9.958577156066894531e-01
9.503258466720581055e-01,9.960917234420776367e-01
9.889848232269287109e-01,9.967272877693176270e-01
9.709103703498840332e-01,9.940499663352966309e-01
9.523737430572509766e-01,9.993628263473510742e-01
9.992114305496215820e-01,9.938803911209106445e-01
9.520863890647888184e-01,9.899179935455322266e-01
9.505134820938110352e-01,9.819312691688537598e-01
9.641389250755310059e-01,9.907966256141662598e-01
9.985152482986450195e-01,9.998469948768615723e-01
9.539580345153808594e-01,9.879198670387268066e-01
9.953744411468505859e-01,9.999848604202270508e-01
9.640904068946838379e-01,9.928746819496154785e-01
9.539362788200378418e-01,9.889768362045288086e-01
9.952065944671630859e-01,9.950007200241088867e-01
9.588392972946166992e-01,9.856711626052856445e-01
9.902240037918090820e-01,9.829479455947875977e-01
9.810609221458435059e-01,9.839462041854858398e-01
9.849904775619506836e-01,9.764860868453979492e-01
9.820522665977478027e-01,9.960605502128601074e-01
9.982873201370239258e-01,9.828618764877319336e-01
9.689887762069702148e-01,9.958459138870239258e-01
9.819781780242919922e-01,9.959693551063537598e-01
9.881416559219360352e-01,9.870141148567199707e-01
9.841750860214233398e-01,9.790849685668945312e-01
9.978106021881103516e-01,9.775110483169555664e-01
9.731232523918151855e-01,9.989987611770629883e-01
9.889174699783325195e-01,9.771515727043151855e-01
9.799494147300720215e-01,9.750105738639831543e-01
9.698001146316528320e-01,9.979299306869506836e-01
9.502161145210266113e-01,9.995191693305969238e-01
9.640228748321533203e-01,9.830036163330078125e-01
9.750778079032897949e-01,9.798522591590881348e-01
9.952387213706970215e-01,9.910241365432739258e-01
9.869527816772460938e-01,9.849793910980224609e-01
9.641023874282836914e-01,9.918169975280761719e-01
9.570844173431396484e-01,9.807952046394348145e-01
9.792222976684570312e-01,9.859160184860229492e-01
9.539082646369934082e-01,9.869456291198730469e-01
9.640886187553405762e-01,9.929106235504150391e-01
9.842166900634765625e-01,9.847845435142517090e-01
9.893687963485717773e-01,9.769118428230285645e-01
9.999459385871887207e-01,9.982076883316040039e-01
9.961416125297546387e-01,9.925019741058349609e-01
9.982782006263732910e-01,9.821629524230957031e-01
9.698666930198669434e-01,9.809789657592773438e-01
9.688983559608459473e-01,9.800154566764831543e-01
9.551929235458374023e-01,9.800345897674560547e-01
9.749250411987304688e-01,9.929916262626647949e-01
9.911572933197021484e-01,9.878339767456054688e-01
9.669690132141113281e-01,9.757257699966430664e-01
9.699879288673400879e-01,9.998685121536254883e-01
9.902005195617675781e-01,9.888263344764709473e-01
9.690020680427551270e-01,9.800075292587280273e-01
9.788645505905151367e-01,9.919395446777343750e-01
9.739925861358642578e-01,9.839311838150024414e-01
9.845399856567382812e-01,9.925328493118286133e-01
9.540107846260070801e-01,9.768395423889160156e-01
9.979349970817565918e-01,9.959614872932434082e-01
9.620757102966308594e-01,9.809849262237548828e-01
9.678400754928588867e-01,9.989123940467834473e-01
9.709979891777038574e-01,9.809918403625488281e-01
9.618620872497558594e-01,9.913320541381835938e-01
9.588391780853271484e-01,9.848273992538452148e-01
9.501484632492065430e-01,9.850852489471435547e-01
1.000031709671020508e+00,9.800280332565307617e-01
9.606566429138183594e-01,9.988245368003845215e-01
9.981259703636169434e-01,9.900140762329101562e-01
9.860944151878356934e-01,9.769570827484130859e-01
9.669836163520812988e-01,9.989756345748901367e-01
9.911191463470458984e-01,9.790509343147277832e-01
9.730259776115417480e-01,9.919213652610778809e-01
9.571270942687988281e-01,9.758279919624328613e-01
9.920850992202758789e-01,9.811149835586547852e-01
9.980440139770507812e-01,9.909652471542358398e-01
9.760503768920898438e-01,9.868535995483398438e-01
9.757782220840454102e-01,9.981389045715332031e-01
9.690918922424316406e-01,9.799215197563171387e-01
9.544491767883300781e-01,9.990044832229614258e-01
9.588139057159423828e-01,9.910756349563598633e-01
9.921850562095642090e-01,9.798342585563659668e-01
9.631436467170715332e-01,9.889713525772094727e-01
9.810453653335571289e-01,9.909426569938659668e-01
9.931282401084899902e-01,9.950341582298278809e-01
9.798848628997802734e-01,9.899638295173645020e-01
9.630361795425415039e-01,9.818910360336303711e-01
9.691376686096191406e-01,9.859936237335205078e-01
9.731233119964599609e-01,9.790493249893188477e-01
9.578869938850402832e-01,9.939683079719543457e-01
9.892217516899108887e-01,9.834376573562622070e-01
9.869902133941650391e-01,9.918789863586425781e-01
9.994207024574279785e-01,9.988528490066528320e-01
9.509892463684082031e-01,9.779496192932128906e-01
9.989042878150939941e-01,9.849339127540588379e-01
9.671621918678283691e-01,9.839655160903930664e-01
9.730254411697387695e-01,9.908557534217834473e-01
9.775893688201904297e-01,9.814361333847045898e-01
9.842989444732666016e-01,9.930120706558227539e-01
9.838258624076843262e-01,9.972556829452514648e-01
9.573237299919128418e-01,9.929122924804687500e-01
9.700416326522827148e-01,9.809439182281494141e-01
9.995818734169006348e-01,9.988512396812438965e-01
9.598270058631896973e-01,9.796458482742309570e-01
9.780086278915405273e-01,9.899541735649108887e-01
9.741811752319335938e-01,9.898791909217834473e-01
9.578543901443481445e-01,9.840686321258544922e-01
9.620453715324401855e-01,9.929277300834655762e-01
9.873176813125610352e-01,9.771066308021545410e-01
9.569670557975769043e-01,9.967700839042663574e-01
9.569135904312133789e-01,9.849950671195983887e-01
9.620369076728820801e-01,9.859063625335693359e-01
9.982646107673645020e-01,9.938488602638244629e-01
9.849469661712646484e-01,9.908813834190368652e-01
9.580429792404174805e-01,9.870875477790832520e-01
9.901667833328247070e-01,9.970382452011108398e-01
9.769432544708251953e-01,9.999976158142089844e-01
9.800575375556945801e-01,9.829819202423095703e-01
9.620286226272583008e-01,9.749447107315063477e-01
9.522186517715454102e-01,9.959179162979125977e-01
9.919589161872863770e-01,9.919805526733398438e-01
9.603540897369384766e-01,9.944127798080444336e-01
9.992780685424804688e-01,9.880023598670959473e-01
9.678781628608703613e-01,9.819766283035278320e-01
9.892863631248474121e-01,9.979733824729919434e-01
9.986364245414733887e-01,9.997696876525878906e-01
9.870473146438598633e-01,9.900151491165161133e-01
9.757821559906005859e-01,9.969552159309387207e-01
9.579374790191650391e-01,9.810060262680053711e-01
9.798921346664428711e-01,9.860795736312866211e-01
9.500328302383422852e-01,9.958106279373168945e-01
9.830595850944519043e-01,9.811746478080749512e-01
9.618852138519287109e-01,9.880058765411376953e-01
9.841539859771728516e-01,9.799481630325317383e-01
9.589325189590454102e-01,9.990226030349731445e-01
9.678866267204284668e-01,9.939723610877990723e-01
9.881684184074401855e-01,9.819074273109436035e-01
9.680401682853698730e-01,9.750018119812011719e-01
9.981583356857299805e-01,9.977593421936035156e-01
9.497894048690795898e-01,9.970266819000244141e-01
9.649188518524169922e-01,9.755696058273315430e-01
9.712446928024291992e-01,9.759801626205444336e-01
9.732016324996948242e-01,9.921813011169433594e-01
9.920710325241088867e-01,9.850027561187744141e-01
9.740363359451293945e-01,9.938569664955139160e-01
9.962269067764282227e-01,9.968030452728271484e-01
9.568027257919311523e-01,9.820516109466552734e-01
9.719639420509338379e-01,9.770861864089965820e-01
9.721379280090332031e-01,9.859909415245056152e-01
9.993299245834350586e-01,9.971076250076293945e-01
9.768239855766296387e-01,9.981472492218017578e-01
1.000046730041503906e+00,9.799259305000305176e-01
9.749076366424560547e-01,9.749208092689514160e-01
9.840288758277893066e-01,9.982585310935974121e-01
9.531349539756774902e-01,9.908450841903686523e-01
9.698901772499084473e-01,9.809564352035522461e-01
9.942150115966796875e-01,9.810927510261535645e-01
9.519737362861633301e-01,9.997028708457946777e-01
9.982382059097290039e-01,9.869421720504760742e-01
9.970702528953552246e-01,9.959151744842529297e-01
9.650411605834960938e-01,9.949471354484558105e-01
9.561160802841186523e-01,9.996956586837768555e-01
9.812369346618652344e-01,9.769641757011413574e-01
9.821340441703796387e-01,9.819247722625732422e-01
9.992131590843200684e-01,9.950655698776245117e-01
9.650937914848327637e-01,9.819723367691040039e-01
9.545606374740600586e-01,9.879323244094848633e-01
9.781098365783691406e-01,9.781143069267272949e-01
9.572007656097412109e-01,9.976424574851989746e-01
9.720129966735839844e-01,9.839785099029541016e-01
9.660765528678894043e-01,9.769670367240905762e-01
9.639979004859924316e-01,9.783624410629272461e-01
9.556547403335571289e-01,9.844479560852050781e-01
9.991223216056823730e-01,9.938579797744750977e-01
9.841910600662231445e-01,9.788717031478881836e-01
9.577388763427734375e-01,9.888442158699035645e-01
9.517618417739868164e-01,9.960839748382568359e-01
9.659060835838317871e-01,9.750494956970214844e-01
9.680575132369995117e-01,9.970283508300781250e-01
9.730142354965209961e-01,9.909578561782836914e-01
9.729425907135009766e-01,9.959069490432739258e-01
9.889163374900817871e-01,9.765753149986267090e-01
9.821008443832397461e-01,9.788070321083068848e-01
9.899708032608032227e-01,9.869723320007324219e-01
9.749552607536315918e-01,9.759728908538818359e-01
9.961764812469482422e-01,9.859408736228942871e-01
9.780669808387756348e-01,9.986971616744995117e-01
9.548611640930175781e-01,9.898082017898559570e-01
9.809893965721130371e-01,9.899444580078125000e-01
9.941260218620300293e-01,9.890347719192504883e-01
9.993494153022766113e-01,9.775258898735046387e-01
9.729038476943969727e-01,9.979546666145324707e-01
9.933116436004638672e-01,9.930338263511657715e-01
9.912198781967163086e-01,9.889431595802307129e-01
9.570357799530029297e-01,9.770005345344543457e-01
9.729603528976440430e-01,9.819253087043762207e-01
1.000076532363891602e+00,9.908138513565063477e-01
9.999827742576599121e-01,9.940428137779235840e-01
9.648635983467102051e-01,9.880316853523254395e-01
9.611933827400207520e-01,9.879494309425354004e-01
9.985175728797912598e-01,9.769137501716613770e-01
9.912959933280944824e-01,9.960663318634033203e-01
9.962050318717956543e-01,9.918192028999328613e-01
9.960145354270935059e-01,9.798870086669921875e-01
9.749904870986938477e-01,9.818553328514099121e-01
9.629554152488708496e-01,9.869560003280639648e-01
9.992259740829467773e-01,9.789383411407470703e-01
9.919894933700561523e-01,9.839979410171508789e-01
9.781552553176879883e-01,9.867849946022033691e-01
9.539454579353332520e-01,9.879776835441589355e-01
9.686942696571350098e-01,9.960488080978393555e-01
9.631239771842956543e-01,9.969997406005859375e-01
9.571355581283569336e-01,9.790579080581665039e-01
9.789589047431945801e-01,9.860218167304992676e-01
9.769368767738342285e-01,9.809335470199584961e-01
9.820300340652465820e-01,9.839508533477783203e-01
9.570741653442382812e-01,9.878730773925781250e-01
9.749847054481506348e-01,9.928878545761108398e-01
9.708659648895263672e-01,9.969445466995239258e-01
9.871059656143188477e-01,9.849594235420227051e-01
9.808939695358276367e-01,9.917452931404113770e-01
9.617295265197753906e-01,9.990471601486206055e-01
9.531000852584838867e-01,9.917998909950256348e-01
9.831110239028930664e-01,9.897862672805786133e-01
9.559810757637023926e-01,9.829067587852478027e-01
9.800754189491271973e-01,9.759610891342163086e-01
9.821774363517761230e-01,9.996818304061889648e-01
9.752281308174133301e-01,9.894872307777404785e-01
9.708095192909240723e-01,9.988662600517272949e-01
9.500176906585693359e-01,9.970082044601440430e-01
9.690333008766174316e-01,9.791206717491149902e-01
9.791151285171508789e-01,9.908635616302490234e-01
9.880658388137817383e-01,9.929846525192260742e-01
9.791092276573181152e-01,9.880107641220092773e-01
9.517881274223327637e-01,9.780549407005310059e-01
9.808984994888305664e-01,9.888387918472290039e-01
9.541866183280944824e-01,9.849390387535095215e-01
9.659911990165710449e-01,9.849528074264526367e-01
9.965609908103942871e-01,9.874596595764160156e-01
9.838565587997436523e-01,9.912521839141845703e-01
9.709537625312805176e-01,9.899560809135437012e-01
9.911919832229614258e-01,9.930767416954040527e-01
9.844036102294921875e-01,9.974753856658935547e-01
9.963790178298950195e-01,9.970819354057312012e-01
9.609386920928955078e-01,9.919369816780090332e-01
9.880964756011962891e-01,9.859533309936523438e-01
9.599099755287170410e-01,9.870026111602783203e-01
9.799734950065612793e-01,9.959254860877990723e-01
9.632453918457031250e-01,9.810046553611755371e-01
9.850239753723144531e-01,9.969638586044311523e-01
9.759376049041748047e-01,9.958940744400024414e-01
9.630733728408813477e-01,9.809074401855468750e-01
9.761028885841369629e-01,9.859765768051147461e-01
9.943012595176696777e-01,9.940006732940673828e-01
9.651396274566650391e-01,9.800447821617126465e-01
9.750434756278991699e-01,9.790508747100830078e-01
9.505751132965087891e-01,9.918856024742126465e-01
9.779641628265380859e-01,9.948658347129821777e-01
9.741532802581787109e-01,9.749383330345153809e-01
9.720289111137390137e-01,9.869399070739746094e-01
9.913559556007385254e-01,9.849267005920410156e-01
9.610708951950073242e-01,9.879562854766845703e-01
9.582998752593994141e-01,9.919651746749877930e-01
9.735574722290039062e-01,9.842982888221740723e-01
9.601804018020629883e-01,9.999617338180541992e-01
9.841468334197998047e-01,9.799454808235168457e-01
9.503190517425537109e-01,9.817460179328918457e-01
9.577925205230712891e-01,9.953734874725341797e-01
9.721521735191345215e-01,9.890172481536865234e-01
9.801108837127685547e-01,9.948406219482421875e-01
9.869792461395263672e-01,9.770144224166870117e-01
9.860844612121582031e-01,9.909718632698059082e-01
9.769839048385620117e-01,9.760559797286987305e-01
9.702491164207458496e-01,9.939363598823547363e-01
9.701101183891296387e-01,9.981943368911743164e-01
9.891747832298278809e-01,9.899228811264038086e-01
9.526593685150146484e-01,9.940580725669860840e-01
9.860425591468811035e-01,9.860210418701171875e-01
9.828862547874450684e-01,9.959195852279663086e-01
9.790683984756469727e-01,9.829522371292114258e-01
9.831113815307617188e-01,9.927670955657958984e-01
9.769347906112670898e-01,9.878612756729125977e-01
9.830471277236938477e-01,9.910292625427246094e-01
9.539117813110351562e-01,9.829274415969848633e-01
9.901360273361206055e-01,9.858863353729248047e-01
9.820682406425476074e-01,9.898306727409362793e-01
9.990358948707580566e-01,9.819650650024414062e-01
9.537836313247680664e-01,9.811150431632995605e-01
9.934192895889282227e-01,9.869224429130554199e-01
9.679733514785766602e-01,9.840067625045776367e-01
9.501011967658996582e-01,9.919497966766357422e-01
9.740130305290222168e-01,9.809172153472900391e-01
9.790773391723632812e-01,9.839972257614135742e-01
9.912925362586975098e-01,9.848337769508361816e-01
9.840772747993469238e-01,9.779831767082214355e-01
9.664137959480285645e-01,9.858782887458801270e-01
9.960113763809204102e-01,9.789091944694519043e-01
9.992052316665649414e-01,9.949843883514404297e-01
9.536636471748352051e-01,9.839199781417846680e-01
9.629448652267456055e-01,9.780604839324951172e-01
9.822215437889099121e-01,9.819085597991943359e-01
9.656826257705688477e-01,9.968985915184020996e-01
9.558697938919067383e-01,9.946713447570800781e-01
9.931982755661010742e-01,9.838983416557312012e-01
9.632016420364379883e-01,9.869425296783447266e-01
9.851398468017578125e-01,9.791076183319091797e-01
9.526258707046508789e-01,9.824559092521667480e-01
9.953177571296691895e-01,9.991469979286193848e-01
9.913958311080932617e-01,9.828764796257019043e-01
9.799859523773193359e-01,9.830448031425476074e-01
9.729310274124145508e-01,9.859815835952758789e-01
9.759764671325683594e-01,9.910144805908203125e-01
9.902690052986145020e-01,9.960480928421020508e-01
9.800290465354919434e-01,9.769725203514099121e-01
9.612199068069458008e-01,9.788413643836975098e-01
9.819916486740112305e-01,9.770133495330810547e-01
9.973931908607482910e-01,9.772564768791198730e-01
9.929684400558471680e-01,9.941568374633789062e-01
9.865336418151855469e-01,9.762371778488159180e-01
9.932440519332885742e-01,9.960635304450988770e-01
9.952760934829711914e-01,9.770504832267761230e-01
9.870747327804565430e-01,9.887769818305969238e-01
9.949983954429626465e-01,9.849243164062500000e-01
9.730916023254394531e-01,9.758141040802001953e-01
9.975400567054748535e-01,9.836167097091674805e-01
9.869647026062011719e-01,9.941015839576721191e-01
9.661420583724975586e-01,9.908926486968994141e-01
9.650171995162963867e-01,9.803685545921325684e-01
9.985105991363525391e-01,9.929100275039672852e-01
9.561168551445007324e-01,9.878653883934020996e-01
9.549291729927062988e-01,9.849634170532226562e-01
9.830932021141052246e-01,9.759520888328552246e-01
9.571918249130249023e-01,9.781141281127929688e-01
9.688190221786499023e-01,9.979001283645629883e-01
9.620627760887145996e-01,9.958148002624511719e-01
9.610770940780639648e-01,9.918733835220336914e-01
9.508860111236572266e-01,9.967259168624877930e-01
9.920651912689208984e-01,9.928568005561828613e-01
9.891023635864257812e-01,9.790585637092590332e-01
9.612923860549926758e-01,9.939187765121459961e-01
9.580299854278564453e-01,9.940049052238464355e-01
9.825495481491088867e-01,9.881206154823303223e-01
9.600854516029357910e-01,9.989424943923950195e-01
9.891948103904724121e-01,9.908254146575927734e-01
9.870354533195495605e-01,9.750967025756835938e-01
9.971938133239746094e-01,9.848605394363403320e-01
9.770099520683288574e-01,9.829497933387756348e-01
9.638062715530395508e-01,9.868622422218322754e-01
9.688306450843811035e-01,9.868046641349792480e-01
9.548797607421875000e-01,9.759936332702636719e-01
9.769880771636962891e-01,9.859951138496398926e-01
9.711136221885681152e-01,9.899538159370422363e-01
9.718282222747802734e-01,9.928696155548095703e-01
9.601397514343261719e-01,9.850058555603027344e-01
9.791743755340576172e-01,9.932074546813964844e-01
9.950204491615295410e-01,9.799828529357910156e-01
9.525285959243774414e-01,9.819575548171997070e-01
9.571963548660278320e-01,9.800127148628234863e-01
9.851463437080383301e-01,9.889240860939025879e-01
9.971621036529541016e-01,9.868237376213073730e-01
9.980595707893371582e-01,9.890473484992980957e-01
9.991099834442138672e-01,9.928874373435974121e-01
9.730317592620849609e-01,9.958238601684570312e-01
9.678760766983032227e-01,9.979264736175537109e-01
9.516698718070983887e-01,9.993402361869812012e-01
9.763589501380920410e-01,9.952601194381713867e-01
9.734972119331359863e-01,9.876549243927001953e-01
9.979476928710937500e-01,9.800521135330200195e-01
9.720708131790161133e-01,9.790971279144287109e-01
9.731274843215942383e-01,9.751483201980590820e-01
9.528137445449829102e-01,9.920610189437866211e-01
9.807212352752685547e-01,9.760805368423461914e-01
